Backend (Go)	UNKNOWN STEP	﻿2026-04-04T14:32:18.3031233Z Current runner version: '2.333.1'
Backend (Go)	UNKNOWN STEP	2026-04-04T14:32:18.3056229Z ##[group]Runner Image Provisioner
Backend (Go)	UNKNOWN STEP	2026-04-04T14:32:18.3057157Z Hosted Compute Agent
Backend (Go)	UNKNOWN STEP	2026-04-04T14:32:18.3057701Z Version: 20260213.493
Backend (Go)	UNKNOWN STEP	2026-04-04T14:32:18.3058327Z Commit: 5c115507f6dd24b8de37d8bbe0bb4509d0cc0fa3
Backend (Go)	UNKNOWN STEP	2026-04-04T14:32:18.3059016Z Build Date: 2026-02-13T00:28:41Z
Backend (Go)	UNKNOWN STEP	2026-04-04T14:32:18.3059684Z Worker ID: {469cc520-c0ce-477e-a922-fbd61cc04b36}
Backend (Go)	UNKNOWN STEP	2026-04-04T14:32:18.3060326Z Azure Region: westus
Backend (Go)	UNKNOWN STEP	2026-04-04T14:32:18.3060912Z ##[endgroup]
Backend (Go)	UNKNOWN STEP	2026-04-04T14:32:18.3062266Z ##[group]Operating System
Backend (Go)	UNKNOWN STEP	2026-04-04T14:32:18.3062864Z Ubuntu
Backend (Go)	UNKNOWN STEP	2026-04-04T14:32:18.3063391Z 24.04.4
Backend (Go)	UNKNOWN STEP	2026-04-04T14:32:18.3063897Z LTS
Backend (Go)	UNKNOWN STEP	2026-04-04T14:32:18.3064356Z ##[endgroup]
Backend (Go)	UNKNOWN STEP	2026-04-04T14:32:18.3065024Z ##[group]Runner Image
Backend (Go)	UNKNOWN STEP	2026-04-04T14:32:18.3065745Z Image: ubuntu-24.04
Backend (Go)	UNKNOWN STEP	2026-04-04T14:32:18.3066219Z Version: 20260329.72.1
Backend (Go)	UNKNOWN STEP	2026-04-04T14:32:18.3067456Z Included Software: https://github.com/actions/runner-images/blob/ubuntu24/20260329.72/images/ubuntu/Ubuntu2404-Readme.md
Backend (Go)	UNKNOWN STEP	2026-04-04T14:32:18.3068867Z Image Release: https://github.com/actions/runner-images/releases/tag/ubuntu24%2F20260329.72
Backend (Go)	UNKNOWN STEP	2026-04-04T14:32:18.3069808Z ##[endgroup]
Backend (Go)	UNKNOWN STEP	2026-04-04T14:32:18.3070836Z ##[group]GITHUB_TOKEN Permissions
Backend (Go)	UNKNOWN STEP	2026-04-04T14:32:18.3072665Z Contents: read
Backend (Go)	UNKNOWN STEP	2026-04-04T14:32:18.3073298Z Metadata: read
Backend (Go)	UNKNOWN STEP	2026-04-04T14:32:18.3073793Z Packages: read
Backend (Go)	UNKNOWN STEP	2026-04-04T14:32:18.3074284Z ##[endgroup]
Backend (Go)	UNKNOWN STEP	2026-04-04T14:32:18.3076811Z Secret source: None
Backend (Go)	UNKNOWN STEP	2026-04-04T14:32:18.3077465Z Prepare workflow directory
Backend (Go)	UNKNOWN STEP	2026-04-04T14:32:18.3488578Z Prepare all required actions
Backend (Go)	UNKNOWN STEP	2026-04-04T14:32:18.3547129Z Getting action download info
Backend (Go)	UNKNOWN STEP	2026-04-04T14:32:18.8364223Z Download action repository 'actions/checkout@v4' (SHA:34e114876b0b11c390a56381ad16ebd13914f8d5)
Backend (Go)	UNKNOWN STEP	2026-04-04T14:32:19.0103057Z Download action repository 'actions/setup-go@v5' (SHA:40f1582b2485089dde7abd97c1529aa768e1baff)
Backend (Go)	UNKNOWN STEP	2026-04-04T14:32:19.6276413Z Download action repository 'golangci/golangci-lint-action@v4' (SHA:d6238b002a20823d52840fda27e2d4891c5952dc)
Backend (Go)	UNKNOWN STEP	2026-04-04T14:32:20.2684070Z Download action repository 'securego/gosec@master' (SHA:1af5d582f8fa08ac6621ccc1168b4d3d9d2b2eec)
Backend (Go)	UNKNOWN STEP	2026-04-04T14:32:20.8947230Z Complete job name: Backend (Go)
Backend (Go)	UNKNOWN STEP	2026-04-04T14:32:20.9431877Z ##[group]Pull down action image 'ghcr.io/securego/gosec:2.25.0'
Backend (Go)	UNKNOWN STEP	2026-04-04T14:32:20.9594499Z ##[command]/usr/bin/docker pull ghcr.io/securego/gosec:2.25.0
Backend (Go)	UNKNOWN STEP	2026-04-04T14:32:21.9920349Z 2.25.0: Pulling from securego/gosec
Backend (Go)	UNKNOWN STEP	2026-04-04T14:32:22.1641269Z 589002ba0eae: Already exists
Backend (Go)	UNKNOWN STEP	2026-04-04T14:32:22.1756705Z 644a983862e3: Pulling fs layer
Backend (Go)	UNKNOWN STEP	2026-04-04T14:32:22.1757416Z 6fbff1d4eb7e: Pulling fs layer
Backend (Go)	UNKNOWN STEP	2026-04-04T14:32:22.1757896Z 13ee208a3600: Pulling fs layer
Backend (Go)	UNKNOWN STEP	2026-04-04T14:32:22.1758335Z 4f4fb700ef54: Pulling fs layer
Backend (Go)	UNKNOWN STEP	2026-04-04T14:32:22.1758730Z 8e4ca6825065: Pulling fs layer
Backend (Go)	UNKNOWN STEP	2026-04-04T14:32:22.1759250Z 2de8f3bc93bb: Pulling fs layer
Backend (Go)	UNKNOWN STEP	2026-04-04T14:32:22.1759591Z 19c9efa60884: Pulling fs layer
Backend (Go)	UNKNOWN STEP	2026-04-04T14:32:22.1759839Z 8e4ca6825065: Waiting
Backend (Go)	UNKNOWN STEP	2026-04-04T14:32:22.1760065Z 2de8f3bc93bb: Waiting
Backend (Go)	UNKNOWN STEP	2026-04-04T14:32:22.1760279Z 19c9efa60884: Waiting
Backend (Go)	UNKNOWN STEP	2026-04-04T14:32:22.1760518Z 4f4fb700ef54: Waiting
Backend (Go)	UNKNOWN STEP	2026-04-04T14:32:22.3871263Z 644a983862e3: Verifying Checksum
Backend (Go)	UNKNOWN STEP	2026-04-04T14:32:22.3917041Z 13ee208a3600: Verifying Checksum
Backend (Go)	UNKNOWN STEP	2026-04-04T14:32:22.3918436Z 13ee208a3600: Download complete
Backend (Go)	UNKNOWN STEP	2026-04-04T14:32:22.5562637Z 4f4fb700ef54: Verifying Checksum
Backend (Go)	UNKNOWN STEP	2026-04-04T14:32:22.5564123Z 4f4fb700ef54: Download complete
Backend (Go)	UNKNOWN STEP	2026-04-04T14:32:22.9498041Z 2de8f3bc93bb: Verifying Checksum
Backend (Go)	UNKNOWN STEP	2026-04-04T14:32:22.9499974Z 2de8f3bc93bb: Download complete
Backend (Go)	UNKNOWN STEP	2026-04-04T14:32:23.1460057Z 6fbff1d4eb7e: Verifying Checksum
Backend (Go)	UNKNOWN STEP	2026-04-04T14:32:23.1460445Z 6fbff1d4eb7e: Download complete
Backend (Go)	UNKNOWN STEP	2026-04-04T14:32:23.1844243Z 19c9efa60884: Verifying Checksum
Backend (Go)	UNKNOWN STEP	2026-04-04T14:32:23.5539018Z 19c9efa60884: Download complete
Backend (Go)	UNKNOWN STEP	2026-04-04T14:32:23.5539513Z 8e4ca6825065: Verifying Checksum
Backend (Go)	UNKNOWN STEP	2026-04-04T14:32:23.5539852Z 8e4ca6825065: Download complete
Backend (Go)	UNKNOWN STEP	2026-04-04T14:32:25.6924527Z 644a983862e3: Pull complete
Backend (Go)	UNKNOWN STEP	2026-04-04T14:32:30.5573853Z 6fbff1d4eb7e: Pull complete
Backend (Go)	UNKNOWN STEP	2026-04-04T14:32:30.5677405Z 13ee208a3600: Pull complete
Backend (Go)	UNKNOWN STEP	2026-04-04T14:32:30.5770590Z 4f4fb700ef54: Pull complete
Backend (Go)	UNKNOWN STEP	2026-04-04T14:32:32.1933759Z 8e4ca6825065: Pull complete
Backend (Go)	UNKNOWN STEP	2026-04-04T14:32:32.3647673Z 2de8f3bc93bb: Pull complete
Backend (Go)	UNKNOWN STEP	2026-04-04T14:32:32.3750160Z 19c9efa60884: Pull complete
Backend (Go)	UNKNOWN STEP	2026-04-04T14:32:32.3788892Z Digest: sha256:a735b6eedb06d3bc95d196b4320d1f3829caa0ee009e4b4749917cdd070ab026
Backend (Go)	UNKNOWN STEP	2026-04-04T14:32:32.3803333Z Status: Downloaded newer image for ghcr.io/securego/gosec:2.25.0
Backend (Go)	UNKNOWN STEP	2026-04-04T14:32:32.3811939Z ghcr.io/securego/gosec:2.25.0
Backend (Go)	UNKNOWN STEP	2026-04-04T14:32:32.3834860Z ##[endgroup]
Backend (Go)	UNKNOWN STEP	2026-04-04T14:32:32.4114026Z ##[group]Run actions/checkout@v4
Backend (Go)	UNKNOWN STEP	2026-04-04T14:32:32.4114790Z with:
Backend (Go)	UNKNOWN STEP	2026-04-04T14:32:32.4115030Z   repository: fkcurrie/utba-swarmmap
Backend (Go)	UNKNOWN STEP	2026-04-04T14:32:32.4115455Z   token: ***
Backend (Go)	UNKNOWN STEP	2026-04-04T14:32:32.4115634Z   ssh-strict: true
Backend (Go)	UNKNOWN STEP	2026-04-04T14:32:32.4115820Z   ssh-user: git
Backend (Go)	UNKNOWN STEP	2026-04-04T14:32:32.4116022Z   persist-credentials: true
Backend (Go)	UNKNOWN STEP	2026-04-04T14:32:32.4116239Z   clean: true
Backend (Go)	UNKNOWN STEP	2026-04-04T14:32:32.4116423Z   sparse-checkout-cone-mode: true
Backend (Go)	UNKNOWN STEP	2026-04-04T14:32:32.4116675Z   fetch-depth: 1
Backend (Go)	UNKNOWN STEP	2026-04-04T14:32:32.4116849Z   fetch-tags: false
Backend (Go)	UNKNOWN STEP	2026-04-04T14:32:32.4117042Z   show-progress: true
Backend (Go)	UNKNOWN STEP	2026-04-04T14:32:32.4117234Z   lfs: false
Backend (Go)	UNKNOWN STEP	2026-04-04T14:32:32.4117394Z   submodules: false
Backend (Go)	UNKNOWN STEP	2026-04-04T14:32:32.4117585Z   set-safe-directory: true
Backend (Go)	UNKNOWN STEP	2026-04-04T14:32:32.4118036Z ##[endgroup]
Backend (Go)	UNKNOWN STEP	2026-04-04T14:32:32.5187055Z Syncing repository: fkcurrie/utba-swarmmap
Backend (Go)	UNKNOWN STEP	2026-04-04T14:32:32.5188677Z ##[group]Getting Git version info
Backend (Go)	UNKNOWN STEP	2026-04-04T14:32:32.5189194Z Working directory is '/home/runner/work/utba-swarmmap/utba-swarmmap'
Backend (Go)	UNKNOWN STEP	2026-04-04T14:32:32.5189777Z [command]/usr/bin/git version
Backend (Go)	UNKNOWN STEP	2026-04-04T14:32:32.5248646Z git version 2.53.0
Backend (Go)	UNKNOWN STEP	2026-04-04T14:32:32.5274764Z ##[endgroup]
Backend (Go)	UNKNOWN STEP	2026-04-04T14:32:32.5289575Z Temporarily overriding HOME='/home/runner/work/_temp/6077caf6-74fa-40d2-9821-65ea51bd2d2b' before making global git config changes
Backend (Go)	UNKNOWN STEP	2026-04-04T14:32:32.5290554Z Adding repository directory to the temporary git global config as a safe directory
Backend (Go)	UNKNOWN STEP	2026-04-04T14:32:32.5294838Z [command]/usr/bin/git config --global --add safe.directory /home/runner/work/utba-swarmmap/utba-swarmmap
Backend (Go)	UNKNOWN STEP	2026-04-04T14:32:32.5327608Z Deleting the contents of '/home/runner/work/utba-swarmmap/utba-swarmmap'
Backend (Go)	UNKNOWN STEP	2026-04-04T14:32:32.5331010Z ##[group]Initializing the repository
Backend (Go)	UNKNOWN STEP	2026-04-04T14:32:32.5335288Z [command]/usr/bin/git init /home/runner/work/utba-swarmmap/utba-swarmmap
Backend (Go)	UNKNOWN STEP	2026-04-04T14:32:32.5440466Z hint: Using 'master' as the name for the initial branch. This default branch name
Backend (Go)	UNKNOWN STEP	2026-04-04T14:32:32.5441452Z hint: will change to "main" in Git 3.0. To configure the initial branch name
Backend (Go)	UNKNOWN STEP	2026-04-04T14:32:32.5442323Z hint: to use in all of your new repositories, which will suppress this warning,
Backend (Go)	UNKNOWN STEP	2026-04-04T14:32:32.5442784Z hint: call:
Backend (Go)	UNKNOWN STEP	2026-04-04T14:32:32.5442952Z hint:
Backend (Go)	UNKNOWN STEP	2026-04-04T14:32:32.5443246Z hint: 	git config --global init.defaultBranch <name>
Backend (Go)	UNKNOWN STEP	2026-04-04T14:32:32.5443542Z hint:
Backend (Go)	UNKNOWN STEP	2026-04-04T14:32:32.5443817Z hint: Names commonly chosen instead of 'master' are 'main', 'trunk' and
Backend (Go)	UNKNOWN STEP	2026-04-04T14:32:32.5444300Z hint: 'development'. The just-created branch can be renamed via this command:
Backend (Go)	UNKNOWN STEP	2026-04-04T14:32:32.5445019Z hint:
Backend (Go)	UNKNOWN STEP	2026-04-04T14:32:32.5445232Z hint: 	git branch -m <name>
Backend (Go)	UNKNOWN STEP	2026-04-04T14:32:32.5445446Z hint:
Backend (Go)	UNKNOWN STEP	2026-04-04T14:32:32.5445742Z hint: Disable this message with "git config set advice.defaultBranchName false"
Backend (Go)	UNKNOWN STEP	2026-04-04T14:32:32.5446300Z Initialized empty Git repository in /home/runner/work/utba-swarmmap/utba-swarmmap/.git/
Backend (Go)	UNKNOWN STEP	2026-04-04T14:32:32.5453201Z [command]/usr/bin/git remote add origin https://github.com/fkcurrie/utba-swarmmap
Backend (Go)	UNKNOWN STEP	2026-04-04T14:32:32.5481839Z ##[endgroup]
Backend (Go)	UNKNOWN STEP	2026-04-04T14:32:32.5482261Z ##[group]Disabling automatic garbage collection
Backend (Go)	UNKNOWN STEP	2026-04-04T14:32:32.5486372Z [command]/usr/bin/git config --local gc.auto 0
Backend (Go)	UNKNOWN STEP	2026-04-04T14:32:32.5581558Z ##[endgroup]
Backend (Go)	UNKNOWN STEP	2026-04-04T14:32:32.5582285Z ##[group]Setting up auth
Backend (Go)	UNKNOWN STEP	2026-04-04T14:32:32.5582919Z [command]/usr/bin/git config --local --name-only --get-regexp core\.sshCommand
Backend (Go)	UNKNOWN STEP	2026-04-04T14:32:32.5584764Z [command]/usr/bin/git submodule foreach --recursive sh -c "git config --local --name-only --get-regexp 'core\.sshCommand' && git config --local --unset-all 'core.sshCommand' || :"
Backend (Go)	UNKNOWN STEP	2026-04-04T14:32:32.5886606Z [command]/usr/bin/git config --local --name-only --get-regexp http\.https\:\/\/github\.com\/\.extraheader
Backend (Go)	UNKNOWN STEP	2026-04-04T14:32:32.5915805Z [command]/usr/bin/git submodule foreach --recursive sh -c "git config --local --name-only --get-regexp 'http\.https\:\/\/github\.com\/\.extraheader' && git config --local --unset-all 'http.https://github.com/.extraheader' || :"
Backend (Go)	UNKNOWN STEP	2026-04-04T14:32:32.6130349Z [command]/usr/bin/git config --local --name-only --get-regexp ^includeIf\.gitdir:
Backend (Go)	UNKNOWN STEP	2026-04-04T14:32:32.6168131Z [command]/usr/bin/git submodule foreach --recursive git config --local --show-origin --name-only --get-regexp remote.origin.url
Backend (Go)	UNKNOWN STEP	2026-04-04T14:32:32.6388039Z [command]/usr/bin/git config --local http.https://github.com/.extraheader AUTHORIZATION: basic ***
Backend (Go)	UNKNOWN STEP	2026-04-04T14:32:32.6420542Z ##[endgroup]
Backend (Go)	UNKNOWN STEP	2026-04-04T14:32:32.6428876Z ##[group]Fetching the repository
Backend (Go)	UNKNOWN STEP	2026-04-04T14:32:32.6430043Z [command]/usr/bin/git -c protocol.version=2 fetch --no-tags --prune --no-recurse-submodules --depth=1 origin +85ae365b131102100ec9074b2a739d10e250120d:refs/remotes/pull/11/merge
Backend (Go)	UNKNOWN STEP	2026-04-04T14:32:33.2999036Z From https://github.com/fkcurrie/utba-swarmmap
Backend (Go)	UNKNOWN STEP	2026-04-04T14:32:33.2999843Z  * [new ref]         85ae365b131102100ec9074b2a739d10e250120d -> pull/11/merge
Backend (Go)	UNKNOWN STEP	2026-04-04T14:32:33.3032265Z ##[endgroup]
Backend (Go)	UNKNOWN STEP	2026-04-04T14:32:33.3032899Z ##[group]Determining the checkout info
Backend (Go)	UNKNOWN STEP	2026-04-04T14:32:33.3033676Z ##[endgroup]
Backend (Go)	UNKNOWN STEP	2026-04-04T14:32:33.3040615Z [command]/usr/bin/git sparse-checkout disable
Backend (Go)	UNKNOWN STEP	2026-04-04T14:32:33.3079611Z [command]/usr/bin/git config --local --unset-all extensions.worktreeConfig
Backend (Go)	UNKNOWN STEP	2026-04-04T14:32:33.3107230Z ##[group]Checking out the ref
Backend (Go)	UNKNOWN STEP	2026-04-04T14:32:33.3111855Z [command]/usr/bin/git checkout --progress --force refs/remotes/pull/11/merge
Backend (Go)	UNKNOWN STEP	2026-04-04T14:32:33.3336006Z Note: switching to 'refs/remotes/pull/11/merge'.
Backend (Go)	UNKNOWN STEP	2026-04-04T14:32:33.3338065Z 
Backend (Go)	UNKNOWN STEP	2026-04-04T14:32:33.3338703Z You are in 'detached HEAD' state. You can look around, make experimental
Backend (Go)	UNKNOWN STEP	2026-04-04T14:32:33.3339670Z changes and commit them, and you can discard any commits you make in this
Backend (Go)	UNKNOWN STEP	2026-04-04T14:32:33.3340514Z state without impacting any branches by switching back to a branch.
Backend (Go)	UNKNOWN STEP	2026-04-04T14:32:33.3341059Z 
Backend (Go)	UNKNOWN STEP	2026-04-04T14:32:33.3341434Z If you want to create a new branch to retain commits you create, you may
Backend (Go)	UNKNOWN STEP	2026-04-04T14:32:33.3342306Z do so (now or later) by using -c with the switch command. Example:
Backend (Go)	UNKNOWN STEP	2026-04-04T14:32:33.3342776Z 
Backend (Go)	UNKNOWN STEP	2026-04-04T14:32:33.3342968Z   git switch -c <new-branch-name>
Backend (Go)	UNKNOWN STEP	2026-04-04T14:32:33.3343285Z 
Backend (Go)	UNKNOWN STEP	2026-04-04T14:32:33.3343682Z Or undo this operation with:
Backend (Go)	UNKNOWN STEP	2026-04-04T14:32:33.3343992Z 
Backend (Go)	UNKNOWN STEP	2026-04-04T14:32:33.3344135Z   git switch -
Backend (Go)	UNKNOWN STEP	2026-04-04T14:32:33.3344362Z 
Backend (Go)	UNKNOWN STEP	2026-04-04T14:32:33.3345354Z Turn off this advice by setting config variable advice.detachedHead to false
Backend (Go)	UNKNOWN STEP	2026-04-04T14:32:33.3345902Z 
Backend (Go)	UNKNOWN STEP	2026-04-04T14:32:33.3346508Z HEAD is now at 85ae365 Merge 0097cd4ffafa18748fc4619adb149202274fdee5 into ce8c646a1e1a3155ecfdd83f5a8af5e375dad3a3
Backend (Go)	UNKNOWN STEP	2026-04-04T14:32:33.3348284Z ##[endgroup]
Backend (Go)	UNKNOWN STEP	2026-04-04T14:32:33.3386752Z [command]/usr/bin/git log -1 --format=%H
Backend (Go)	UNKNOWN STEP	2026-04-04T14:32:33.3410107Z 85ae365b131102100ec9074b2a739d10e250120d
Backend (Go)	UNKNOWN STEP	2026-04-04T14:32:33.3617444Z ##[group]Run actions/setup-go@v5
Backend (Go)	UNKNOWN STEP	2026-04-04T14:32:33.3617701Z with:
Backend (Go)	UNKNOWN STEP	2026-04-04T14:32:33.3617876Z   go-version: 1.22
Backend (Go)	UNKNOWN STEP	2026-04-04T14:32:33.3618088Z   cache-dependency-path: backend/go.mod
Backend (Go)	UNKNOWN STEP	2026-04-04T14:32:33.3618347Z   check-latest: false
Backend (Go)	UNKNOWN STEP	2026-04-04T14:32:33.3618659Z   token: ***
Backend (Go)	UNKNOWN STEP	2026-04-04T14:32:33.3618827Z   cache: true
Backend (Go)	UNKNOWN STEP	2026-04-04T14:32:33.3618994Z ##[endgroup]
Backend (Go)	UNKNOWN STEP	2026-04-04T14:32:33.5238329Z Setup go version spec 1.22
Backend (Go)	UNKNOWN STEP	2026-04-04T14:32:33.5508895Z Found in cache @ /opt/hostedtoolcache/go/1.22.12/x64
Backend (Go)	UNKNOWN STEP	2026-04-04T14:32:33.5511654Z Added go to the path
Backend (Go)	UNKNOWN STEP	2026-04-04T14:32:33.5516832Z Successfully set up Go version 1.22
Backend (Go)	UNKNOWN STEP	2026-04-04T14:32:33.8325605Z [command]/opt/hostedtoolcache/go/1.22.12/x64/bin/go env GOMODCACHE
Backend (Go)	UNKNOWN STEP	2026-04-04T14:32:33.8362460Z [command]/opt/hostedtoolcache/go/1.22.12/x64/bin/go env GOCACHE
Backend (Go)	UNKNOWN STEP	2026-04-04T14:32:33.8385450Z /home/runner/go/pkg/mod
Backend (Go)	UNKNOWN STEP	2026-04-04T14:32:33.8410013Z /home/runner/.cache/go-build
Backend (Go)	UNKNOWN STEP	2026-04-04T14:32:34.1068645Z Cache is not found
Backend (Go)	UNKNOWN STEP	2026-04-04T14:32:34.1090474Z go version go1.22.12 linux/amd64
Backend (Go)	UNKNOWN STEP	2026-04-04T14:32:34.1090681Z 
Backend (Go)	UNKNOWN STEP	2026-04-04T14:32:34.1090962Z ##[group]go env
Backend (Go)	UNKNOWN STEP	2026-04-04T14:32:34.9608215Z GO111MODULE=''
Backend (Go)	UNKNOWN STEP	2026-04-04T14:32:34.9608571Z GOARCH='amd64'
Backend (Go)	UNKNOWN STEP	2026-04-04T14:32:34.9608899Z GOBIN=''
Backend (Go)	UNKNOWN STEP	2026-04-04T14:32:34.9609214Z GOCACHE='/home/runner/.cache/go-build'
Backend (Go)	UNKNOWN STEP	2026-04-04T14:32:34.9609664Z GOENV='/home/runner/.config/go/env'
Backend (Go)	UNKNOWN STEP	2026-04-04T14:32:34.9610028Z GOEXE=''
Backend (Go)	UNKNOWN STEP	2026-04-04T14:32:34.9610280Z GOEXPERIMENT=''
Backend (Go)	UNKNOWN STEP	2026-04-04T14:32:34.9610562Z GOFLAGS=''
Backend (Go)	UNKNOWN STEP	2026-04-04T14:32:34.9610822Z GOHOSTARCH='amd64'
Backend (Go)	UNKNOWN STEP	2026-04-04T14:32:34.9611113Z GOHOSTOS='linux'
Backend (Go)	UNKNOWN STEP	2026-04-04T14:32:34.9611398Z GOINSECURE=''
Backend (Go)	UNKNOWN STEP	2026-04-04T14:32:34.9611739Z GOMODCACHE='/home/runner/go/pkg/mod'
Backend (Go)	UNKNOWN STEP	2026-04-04T14:32:34.9612187Z GONOPROXY=''
Backend (Go)	UNKNOWN STEP	2026-04-04T14:32:34.9612493Z GONOSUMDB=''
Backend (Go)	UNKNOWN STEP	2026-04-04T14:32:34.9612819Z GOOS='linux'
Backend (Go)	UNKNOWN STEP	2026-04-04T14:32:34.9613217Z GOPATH='/home/runner/go'
Backend (Go)	UNKNOWN STEP	2026-04-04T14:32:34.9613621Z GOPRIVATE=''
Backend (Go)	UNKNOWN STEP	2026-04-04T14:32:34.9614113Z GOPROXY='https://proxy.golang.org,direct'
Backend (Go)	UNKNOWN STEP	2026-04-04T14:32:34.9615088Z GOROOT='/opt/hostedtoolcache/go/1.22.12/x64'
Backend (Go)	UNKNOWN STEP	2026-04-04T14:32:34.9615617Z GOSUMDB='sum.golang.org'
Backend (Go)	UNKNOWN STEP	2026-04-04T14:32:34.9616018Z GOTMPDIR=''
Backend (Go)	UNKNOWN STEP	2026-04-04T14:32:34.9616325Z GOTOOLCHAIN='auto'
Backend (Go)	UNKNOWN STEP	2026-04-04T14:32:34.9616911Z GOTOOLDIR='/opt/hostedtoolcache/go/1.22.12/x64/pkg/tool/linux_amd64'
Backend (Go)	UNKNOWN STEP	2026-04-04T14:32:34.9617544Z GOVCS=''
Backend (Go)	UNKNOWN STEP	2026-04-04T14:32:34.9617844Z GOVERSION='go1.22.12'
Backend (Go)	UNKNOWN STEP	2026-04-04T14:32:34.9618187Z GCCGO='gccgo'
Backend (Go)	UNKNOWN STEP	2026-04-04T14:32:34.9618498Z GOAMD64='v1'
Backend (Go)	UNKNOWN STEP	2026-04-04T14:32:34.9618788Z AR='ar'
Backend (Go)	UNKNOWN STEP	2026-04-04T14:32:34.9619053Z CC='gcc'
Backend (Go)	UNKNOWN STEP	2026-04-04T14:32:34.9619335Z CXX='g++'
Backend (Go)	UNKNOWN STEP	2026-04-04T14:32:34.9619689Z CGO_ENABLED='1'
Backend (Go)	UNKNOWN STEP	2026-04-04T14:32:34.9620043Z GOMOD='/dev/null'
Backend (Go)	UNKNOWN STEP	2026-04-04T14:32:34.9620353Z GOWORK=''
Backend (Go)	UNKNOWN STEP	2026-04-04T14:32:34.9620735Z CGO_CFLAGS='-O2 -g'
Backend (Go)	UNKNOWN STEP	2026-04-04T14:32:34.9621079Z CGO_CPPFLAGS=''
Backend (Go)	UNKNOWN STEP	2026-04-04T14:32:34.9621413Z CGO_CXXFLAGS='-O2 -g'
Backend (Go)	UNKNOWN STEP	2026-04-04T14:32:34.9621841Z CGO_FFLAGS='-O2 -g'
Backend (Go)	UNKNOWN STEP	2026-04-04T14:32:34.9622204Z CGO_LDFLAGS='-O2 -g'
Backend (Go)	UNKNOWN STEP	2026-04-04T14:32:34.9622633Z PKG_CONFIG='pkg-config'
Backend (Go)	UNKNOWN STEP	2026-04-04T14:32:34.9623806Z GOGCCFLAGS='-fPIC -m64 -pthread -Wl,--no-gc-sections -fmessage-length=0 -ffile-prefix-map=/tmp/go-build509339244=/tmp/go-build -gno-record-gcc-switches'
Backend (Go)	UNKNOWN STEP	2026-04-04T14:32:34.9624413Z 
Backend (Go)	UNKNOWN STEP	2026-04-04T14:32:34.9625094Z ##[endgroup]
Backend (Go)	UNKNOWN STEP	2026-04-04T14:32:34.9722559Z ##[group]Run go fmt ./...
Backend (Go)	UNKNOWN STEP	2026-04-04T14:32:34.9722847Z [36;1mgo fmt ./...[0m
Backend (Go)	UNKNOWN STEP	2026-04-04T14:32:34.9754108Z shell: /usr/bin/bash -e {0}
Backend (Go)	UNKNOWN STEP	2026-04-04T14:32:34.9754354Z ##[endgroup]
Backend (Go)	UNKNOWN STEP	2026-04-04T14:32:34.9874118Z go: downloading cloud.google.com/go/firestore v1.14.0
Backend (Go)	UNKNOWN STEP	2026-04-04T14:32:34.9875013Z go: downloading cloud.google.com/go/storage v1.36.0
Backend (Go)	UNKNOWN STEP	2026-04-04T14:32:35.0097729Z go: downloading github.com/google/uuid v1.5.0
Backend (Go)	UNKNOWN STEP	2026-04-04T14:32:35.0340761Z go: downloading google.golang.org/api v0.155.0
Backend (Go)	UNKNOWN STEP	2026-04-04T14:32:35.0978009Z go: downloading cloud.google.com/go v0.110.10
Backend (Go)	UNKNOWN STEP	2026-04-04T14:32:35.1350096Z go: downloading google.golang.org/grpc v1.60.1
Backend (Go)	UNKNOWN STEP	2026-04-04T14:32:35.3954049Z go: downloading golang.org/x/oauth2 v0.15.0
Backend (Go)	UNKNOWN STEP	2026-04-04T14:32:35.9029138Z go: downloading github.com/golang/protobuf v1.5.3
Backend (Go)	UNKNOWN STEP	2026-04-04T14:32:35.9319087Z go: downloading github.com/googleapis/gax-go/v2 v2.12.0
Backend (Go)	UNKNOWN STEP	2026-04-04T14:32:35.9321701Z go: downloading golang.org/x/time v0.5.0
Backend (Go)	UNKNOWN STEP	2026-04-04T14:32:37.4986136Z go: downloading google.golang.org/genproto v0.0.0-20231211222908-989df2bf70f3
Backend (Go)	UNKNOWN STEP	2026-04-04T14:32:37.4990469Z go: downloading google.golang.org/protobuf v1.31.0
Backend (Go)	UNKNOWN STEP	2026-04-04T14:32:37.5114852Z go: downloading cloud.google.com/go/compute/metadata v0.2.3
Backend (Go)	UNKNOWN STEP	2026-04-04T14:32:37.5203432Z go: downloading cloud.google.com/go/compute v1.23.3
Backend (Go)	UNKNOWN STEP	2026-04-04T14:32:37.5385481Z go: downloading cloud.google.com/go/iam v1.1.5
Backend (Go)	UNKNOWN STEP	2026-04-04T14:32:38.1326128Z go: downloading google.golang.org/genproto/googleapis/rpc v0.0.0-20231212172506-995d672761c0
Backend (Go)	UNKNOWN STEP	2026-04-04T14:32:38.9905197Z go: downloading cloud.google.com/go/longrunning v0.5.4
Backend (Go)	UNKNOWN STEP	2026-04-04T14:32:38.9959397Z go: downloading google.golang.org/genproto/googleapis/api v0.0.0-20231211222908-989df2bf70f3
Backend (Go)	UNKNOWN STEP	2026-04-04T14:32:39.0016246Z go: downloading go.opencensus.io v0.24.0
Backend (Go)	UNKNOWN STEP	2026-04-04T14:32:39.0243624Z go: downloading golang.org/x/xerrors v0.0.0-20231012003039-104605ab7028
Backend (Go)	UNKNOWN STEP	2026-04-04T14:32:39.1667765Z go: downloading golang.org/x/net v0.19.0
Backend (Go)	UNKNOWN STEP	2026-04-04T14:32:39.2543962Z go: downloading golang.org/x/sync v0.5.0
Backend (Go)	UNKNOWN STEP	2026-04-04T14:32:39.3319254Z go: downloading go.opentelemetry.io/contrib/instrumentation/net/http/otelhttp v0.46.1
Backend (Go)	UNKNOWN STEP	2026-04-04T14:32:39.5003003Z go: downloading golang.org/x/sys v0.15.0
Backend (Go)	UNKNOWN STEP	2026-04-04T14:32:39.6858293Z go: downloading go.opentelemetry.io/contrib/instrumentation/google.golang.org/grpc/otelgrpc v0.46.1
Backend (Go)	UNKNOWN STEP	2026-04-04T14:32:39.6939097Z go: downloading github.com/golang/groupcache v0.0.0-20210331224755-41bb18bfe9da
Backend (Go)	UNKNOWN STEP	2026-04-04T14:32:39.7501922Z go: downloading github.com/google/s2a-go v0.1.7
Backend (Go)	UNKNOWN STEP	2026-04-04T14:32:39.7860122Z go: downloading github.com/googleapis/enterprise-certificate-proxy v0.3.2
Backend (Go)	UNKNOWN STEP	2026-04-04T14:32:39.7911514Z go: downloading github.com/felixge/httpsnoop v1.0.4
Backend (Go)	UNKNOWN STEP	2026-04-04T14:32:39.7912569Z go: downloading go.opentelemetry.io/otel v1.21.0
Backend (Go)	UNKNOWN STEP	2026-04-04T14:32:39.8846515Z go: downloading go.opentelemetry.io/otel/metric v1.21.0
Backend (Go)	UNKNOWN STEP	2026-04-04T14:32:39.8848425Z go: downloading go.opentelemetry.io/otel/trace v1.21.0
Backend (Go)	UNKNOWN STEP	2026-04-04T14:32:39.9379002Z go: downloading golang.org/x/text v0.14.0
Backend (Go)	UNKNOWN STEP	2026-04-04T14:32:40.1012228Z go: downloading github.com/go-logr/logr v1.3.0
Backend (Go)	UNKNOWN STEP	2026-04-04T14:32:40.2848302Z go: downloading github.com/go-logr/stdr v1.2.2
Backend (Go)	UNKNOWN STEP	2026-04-04T14:32:40.2912627Z go: downloading golang.org/x/crypto v0.17.0
Backend (Go)	UNKNOWN STEP	2026-04-04T14:32:40.7371074Z handlers/swarm.go
Backend (Go)	UNKNOWN STEP	2026-04-04T14:32:40.7430468Z ##[group]Run go vet ./...
Backend (Go)	UNKNOWN STEP	2026-04-04T14:32:40.7430750Z [36;1mgo vet ./...[0m
Backend (Go)	UNKNOWN STEP	2026-04-04T14:32:40.7458063Z shell: /usr/bin/bash -e {0}
Backend (Go)	UNKNOWN STEP	2026-04-04T14:32:40.7458299Z ##[endgroup]
Backend (Go)	UNKNOWN STEP	2026-04-04T14:33:04.3519632Z ##[group]Run golangci/golangci-lint-action@v4
Backend (Go)	UNKNOWN STEP	2026-04-04T14:33:04.3519925Z with:
Backend (Go)	UNKNOWN STEP	2026-04-04T14:33:04.3520088Z   version: latest
Backend (Go)	UNKNOWN STEP	2026-04-04T14:33:04.3520285Z   working-directory: backend
Backend (Go)	UNKNOWN STEP	2026-04-04T14:33:04.3520644Z   github-token: ***
Backend (Go)	UNKNOWN STEP	2026-04-04T14:33:04.3520837Z   only-new-issues: false
Backend (Go)	UNKNOWN STEP	2026-04-04T14:33:04.3521037Z   skip-cache: false
Backend (Go)	UNKNOWN STEP	2026-04-04T14:33:04.3521216Z   skip-pkg-cache: false
Backend (Go)	UNKNOWN STEP	2026-04-04T14:33:04.3521415Z   skip-build-cache: false
Backend (Go)	UNKNOWN STEP	2026-04-04T14:33:04.3521616Z   install-mode: binary
Backend (Go)	UNKNOWN STEP	2026-04-04T14:33:04.3521797Z ##[endgroup]
Backend (Go)	UNKNOWN STEP	2026-04-04T14:33:04.5101903Z ##[group]prepare environment
Backend (Go)	UNKNOWN STEP	2026-04-04T14:33:04.5106443Z Checking for go.mod: backend/go.mod
Backend (Go)	UNKNOWN STEP	2026-04-04T14:33:04.6010013Z ##[warning]Failed to restore: Cache service responded with 400
Backend (Go)	UNKNOWN STEP	2026-04-04T14:33:04.6020881Z Cache not found for input keys: golangci-lint.cache-2935-666b7a7e1dfa6b5b3fe79062f075597ee19b9909, golangci-lint.cache-2935-
Backend (Go)	UNKNOWN STEP	2026-04-04T14:33:04.6021793Z Finding needed golangci-lint version...
Backend (Go)	UNKNOWN STEP	2026-04-04T14:33:04.7341595Z Requested golangci-lint 'latest', using 'v1.64.8', calculation took 133ms
Backend (Go)	UNKNOWN STEP	2026-04-04T14:33:04.7342520Z Installation mode: binary
Backend (Go)	UNKNOWN STEP	2026-04-04T14:33:04.7343099Z Installing golangci-lint binary v1.64.8...
Backend (Go)	UNKNOWN STEP	2026-04-04T14:33:04.7345522Z Downloading binary https://github.com/golangci/golangci-lint/releases/download/v1.64.8/golangci-lint-1.64.8-linux-amd64.tar.gz ...
Backend (Go)	UNKNOWN STEP	2026-04-04T14:33:05.0488855Z [command]/usr/bin/tar xz --overwrite --warning=no-unknown-keyword --overwrite -C /home/runner -f /home/runner/work/_temp/7a34127e-1a6d-4918-b205-458b5d2537b6
Backend (Go)	UNKNOWN STEP	2026-04-04T14:33:05.2578657Z Installed golangci-lint into /home/runner/golangci-lint-1.64.8-linux-amd64/golangci-lint in 523ms
Backend (Go)	UNKNOWN STEP	2026-04-04T14:33:05.2579522Z Prepared env in 747ms
Backend (Go)	UNKNOWN STEP	2026-04-04T14:33:05.2580423Z ##[endgroup]
Backend (Go)	UNKNOWN STEP	2026-04-04T14:33:05.2581423Z ##[group]run golangci-lint
Backend (Go)	UNKNOWN STEP	2026-04-04T14:33:05.2588713Z Running [/home/runner/golangci-lint-1.64.8-linux-amd64/golangci-lint run --out-format=github-actions --path-prefix=backend] in [/home/runner/work/utba-swarmmap/utba-swarmmap/backend] ...
Backend (Go)	UNKNOWN STEP	2026-04-04T14:33:14.1567568Z ##[warning]unused-parameter: parameter 'ctx' seems to be unused, consider removing or renaming it as _ (revive)
Backend (Go)	UNKNOWN STEP	2026-04-04T14:33:14.1571266Z ##[warning]unused-parameter: parameter 'file' seems to be unused, consider removing or renaming it as _ (revive)
Backend (Go)	UNKNOWN STEP	2026-04-04T14:33:14.1574140Z ##[warning]unused-parameter: parameter 'visitorID' seems to be unused, consider removing or renaming it as _ (revive)
Backend (Go)	UNKNOWN STEP	2026-04-04T14:33:14.1577744Z ##[warning]unused-parameter: parameter 'days' seems to be unused, consider removing or renaming it as _ (revive)
Backend (Go)	UNKNOWN STEP	2026-04-04T14:33:14.1579181Z 
Backend (Go)	UNKNOWN STEP	2026-04-04T14:33:14.1579942Z level=warning msg="[config_reader] The output format `github-actions` is deprecated, please use `colored-line-number`"
Backend (Go)	UNKNOWN STEP	2026-04-04T14:33:14.1580807Z 
Backend (Go)	UNKNOWN STEP	2026-04-04T14:33:14.1582836Z ##[error]issues found
Backend (Go)	UNKNOWN STEP	2026-04-04T14:33:14.1584009Z Ran golangci-lint in 8898ms
Backend (Go)	UNKNOWN STEP	2026-04-04T14:33:14.1585289Z ##[endgroup]
Backend (Go)	UNKNOWN STEP	2026-04-04T14:33:14.1759503Z Post job cleanup.
Backend (Go)	UNKNOWN STEP	2026-04-04T14:33:14.3730626Z [command]/usr/bin/tar --posix -cf cache.tzst --exclude cache.tzst -P -C /home/runner/work/utba-swarmmap/utba-swarmmap --files-from manifest.txt --use-compress-program zstdmt
Backend (Go)	UNKNOWN STEP	2026-04-04T14:33:16.0189095Z ##[warning]Failed to save: <h2>Our services aren't available right now</h2><p>We're working to restore all services as soon as possible. Please check back soon.</p>0LCHRaQAAAADkfCwcQUmVSbA/o4ORoFdaUEFPRURHRTA1MTMARWRnZQ==
Backend (Go)	UNKNOWN STEP	2026-04-04T14:33:16.0333787Z Saved cache for golangci-lint from paths '/home/runner/.cache/golangci-lint, /home/runner/.cache/go-build, /home/runner/go/pkg' in 1698ms
Backend (Go)	UNKNOWN STEP	2026-04-04T14:33:16.0465265Z Post job cleanup.
Backend (Go)	UNKNOWN STEP	2026-04-04T14:33:16.1547970Z [command]/usr/bin/git version
Backend (Go)	UNKNOWN STEP	2026-04-04T14:33:16.1604724Z git version 2.53.0
Backend (Go)	UNKNOWN STEP	2026-04-04T14:33:16.1676946Z Temporarily overriding HOME='/home/runner/work/_temp/c8de56d0-2a8a-425a-8e39-8a70a33a2570' before making global git config changes
Backend (Go)	UNKNOWN STEP	2026-04-04T14:33:16.1678433Z Adding repository directory to the temporary git global config as a safe directory
Backend (Go)	UNKNOWN STEP	2026-04-04T14:33:16.1685679Z [command]/usr/bin/git config --global --add safe.directory /home/runner/work/utba-swarmmap/utba-swarmmap
Backend (Go)	UNKNOWN STEP	2026-04-04T14:33:16.1721958Z [command]/usr/bin/git config --local --name-only --get-regexp core\.sshCommand
Backend (Go)	UNKNOWN STEP	2026-04-04T14:33:16.1765422Z [command]/usr/bin/git submodule foreach --recursive sh -c "git config --local --name-only --get-regexp 'core\.sshCommand' && git config --local --unset-all 'core.sshCommand' || :"
Backend (Go)	UNKNOWN STEP	2026-04-04T14:33:16.2018383Z [command]/usr/bin/git config --local --name-only --get-regexp http\.https\:\/\/github\.com\/\.extraheader
Backend (Go)	UNKNOWN STEP	2026-04-04T14:33:16.2039993Z http.https://github.com/.extraheader
Backend (Go)	UNKNOWN STEP	2026-04-04T14:33:16.2054958Z [command]/usr/bin/git config --local --unset-all http.https://github.com/.extraheader
Backend (Go)	UNKNOWN STEP	2026-04-04T14:33:16.2085549Z [command]/usr/bin/git submodule foreach --recursive sh -c "git config --local --name-only --get-regexp 'http\.https\:\/\/github\.com\/\.extraheader' && git config --local --unset-all 'http.https://github.com/.extraheader' || :"
Backend (Go)	UNKNOWN STEP	2026-04-04T14:33:16.2312651Z [command]/usr/bin/git config --local --name-only --get-regexp ^includeIf\.gitdir:
Backend (Go)	UNKNOWN STEP	2026-04-04T14:33:16.2348954Z [command]/usr/bin/git submodule foreach --recursive git config --local --show-origin --name-only --get-regexp remote.origin.url
Backend (Go)	UNKNOWN STEP	2026-04-04T14:33:16.2697395Z Cleaning up orphan processes
Backend (Go)	UNKNOWN STEP	2026-04-04T14:33:16.3018802Z ##[warning]Node.js 20 actions are deprecated. The following actions are running on Node.js 20 and may not work as expected: actions/checkout@v4, actions/setup-go@v5, golangci/golangci-lint-action@v4. Actions will be forced to run with Node.js 24 by default starting June 2nd, 2026. Node.js 20 will be removed from the runner on September 16th, 2026. Please check if updated versions of these actions are available that support Node.js 24. To opt into Node.js 24 now, set the FORCE_JAVASCRIPT_ACTIONS_TO_NODE24=true environment variable on the runner or in your workflow file. Once Node.js 24 becomes the default, you can temporarily opt out by setting ACTIONS_ALLOW_USE_UNSECURE_NODE_VERSION=true. For more information see: https://github.blog/changelog/2025-09-19-deprecation-of-node-20-on-github-actions-runners/
General & Infrastructure	UNKNOWN STEP	﻿2026-04-04T14:32:18.2236940Z Current runner version: '2.333.1'
General & Infrastructure	UNKNOWN STEP	2026-04-04T14:32:18.2262934Z ##[group]Runner Image Provisioner
General & Infrastructure	UNKNOWN STEP	2026-04-04T14:32:18.2264004Z Hosted Compute Agent
General & Infrastructure	UNKNOWN STEP	2026-04-04T14:32:18.2264745Z Version: 20260213.493
General & Infrastructure	UNKNOWN STEP	2026-04-04T14:32:18.2265320Z Commit: 5c115507f6dd24b8de37d8bbe0bb4509d0cc0fa3
General & Infrastructure	UNKNOWN STEP	2026-04-04T14:32:18.2266002Z Build Date: 2026-02-13T00:28:41Z
General & Infrastructure	UNKNOWN STEP	2026-04-04T14:32:18.2266687Z Worker ID: {842ea2c8-a819-4b5e-b75c-5647666ee21d}
General & Infrastructure	UNKNOWN STEP	2026-04-04T14:32:18.2267370Z Azure Region: northcentralus
General & Infrastructure	UNKNOWN STEP	2026-04-04T14:32:18.2267916Z ##[endgroup]
General & Infrastructure	UNKNOWN STEP	2026-04-04T14:32:18.2269490Z ##[group]Operating System
General & Infrastructure	UNKNOWN STEP	2026-04-04T14:32:18.2270055Z Ubuntu
General & Infrastructure	UNKNOWN STEP	2026-04-04T14:32:18.2270533Z 24.04.4
General & Infrastructure	UNKNOWN STEP	2026-04-04T14:32:18.2271062Z LTS
General & Infrastructure	UNKNOWN STEP	2026-04-04T14:32:18.2271485Z ##[endgroup]
General & Infrastructure	UNKNOWN STEP	2026-04-04T14:32:18.2271976Z ##[group]Runner Image
General & Infrastructure	UNKNOWN STEP	2026-04-04T14:32:18.2272553Z Image: ubuntu-24.04
General & Infrastructure	UNKNOWN STEP	2026-04-04T14:32:18.2273083Z Version: 20260329.72.1
General & Infrastructure	UNKNOWN STEP	2026-04-04T14:32:18.2274794Z Included Software: https://github.com/actions/runner-images/blob/ubuntu24/20260329.72/images/ubuntu/Ubuntu2404-Readme.md
General & Infrastructure	UNKNOWN STEP	2026-04-04T14:32:18.2276436Z Image Release: https://github.com/actions/runner-images/releases/tag/ubuntu24%2F20260329.72
General & Infrastructure	UNKNOWN STEP	2026-04-04T14:32:18.2277372Z ##[endgroup]
General & Infrastructure	UNKNOWN STEP	2026-04-04T14:32:18.2278559Z ##[group]GITHUB_TOKEN Permissions
General & Infrastructure	UNKNOWN STEP	2026-04-04T14:32:18.2280781Z Contents: read
General & Infrastructure	UNKNOWN STEP	2026-04-04T14:32:18.2281291Z Metadata: read
General & Infrastructure	UNKNOWN STEP	2026-04-04T14:32:18.2281902Z Packages: read
General & Infrastructure	UNKNOWN STEP	2026-04-04T14:32:18.2282366Z ##[endgroup]
General & Infrastructure	UNKNOWN STEP	2026-04-04T14:32:18.2284865Z Secret source: None
General & Infrastructure	UNKNOWN STEP	2026-04-04T14:32:18.2285922Z Prepare workflow directory
General & Infrastructure	UNKNOWN STEP	2026-04-04T14:32:18.2647038Z Prepare all required actions
General & Infrastructure	UNKNOWN STEP	2026-04-04T14:32:18.2687761Z Getting action download info
General & Infrastructure	UNKNOWN STEP	2026-04-04T14:32:18.7749937Z Download action repository 'actions/checkout@v4' (SHA:34e114876b0b11c390a56381ad16ebd13914f8d5)
General & Infrastructure	UNKNOWN STEP	2026-04-04T14:32:18.8942201Z Download action repository 'actions/setup-node@v4' (SHA:49933ea5288caeca8642d1e84afbd3f7d6820020)
General & Infrastructure	UNKNOWN STEP	2026-04-04T14:32:18.9821042Z Download action repository 'actions/setup-go@v5' (SHA:40f1582b2485089dde7abd97c1529aa768e1baff)
General & Infrastructure	UNKNOWN STEP	2026-04-04T14:32:19.4459868Z Download action repository 'reviewdog/action-detect-secrets@v0' (SHA:53b50179462bbe04af2f25f088b97e55e1dec3a1)
General & Infrastructure	UNKNOWN STEP	2026-04-04T14:32:19.8133518Z Download action repository 'reviewdog/action-actionlint@v1' (SHA:6fb7acc99f4a1008869fa8a0f09cfca740837d9d)
General & Infrastructure	UNKNOWN STEP	2026-04-04T14:32:20.0733456Z Download action repository 'ibiqlik/action-yamllint@v3' (SHA:2576378a8e339169678f9939646ee3ee325e845c)
General & Infrastructure	UNKNOWN STEP	2026-04-04T14:32:20.3255389Z Download action repository 'ludeeus/action-shellcheck@master' (SHA:00b27aa7cb85167568cb48a3838b75f4265f2bca)
General & Infrastructure	UNKNOWN STEP	2026-04-04T14:32:20.5544431Z Download action repository 'reviewdog/action-misspell@v1' (SHA:d6429416b12b09b4e2768307d53bef58d172e962)
General & Infrastructure	UNKNOWN STEP	2026-04-04T14:32:20.8160659Z Download action repository 'wagoid/commitlint-github-action@v5' (SHA:9763196e10f27aef304c9b8b660d31d97fce0f99)
General & Infrastructure	UNKNOWN STEP	2026-04-04T14:32:21.4821376Z Complete job name: General & Infrastructure
General & Infrastructure	UNKNOWN STEP	2026-04-04T14:32:21.5419917Z ##[group]Pull down action image 'ghcr.io/reviewdog/action-actionlint:v1.72.0'
General & Infrastructure	UNKNOWN STEP	2026-04-04T14:32:21.5520950Z ##[command]/usr/bin/docker pull ghcr.io/reviewdog/action-actionlint:v1.72.0
General & Infrastructure	UNKNOWN STEP	2026-04-04T14:32:21.9229637Z v1.72.0: Pulling from reviewdog/action-actionlint
General & Infrastructure	UNKNOWN STEP	2026-04-04T14:32:22.0351693Z 589002ba0eae: Already exists
General & Infrastructure	UNKNOWN STEP	2026-04-04T14:32:22.0381107Z 0805a1082be0: Pulling fs layer
General & Infrastructure	UNKNOWN STEP	2026-04-04T14:32:22.0382822Z 3566efde290b: Pulling fs layer
General & Infrastructure	UNKNOWN STEP	2026-04-04T14:32:22.0383597Z 2800a7aef8b1: Pulling fs layer
General & Infrastructure	UNKNOWN STEP	2026-04-04T14:32:22.0384399Z f420ae9f738c: Pulling fs layer
General & Infrastructure	UNKNOWN STEP	2026-04-04T14:32:22.0384950Z 539ad613ffba: Pulling fs layer
General & Infrastructure	UNKNOWN STEP	2026-04-04T14:32:22.0385367Z 1062eadcdc7d: Pulling fs layer
General & Infrastructure	UNKNOWN STEP	2026-04-04T14:32:22.0385709Z d12341ef4ed7: Pulling fs layer
General & Infrastructure	UNKNOWN STEP	2026-04-04T14:32:22.0386042Z 0180048b5c67: Pulling fs layer
General & Infrastructure	UNKNOWN STEP	2026-04-04T14:32:22.0386372Z 3f242abd9c8e: Pulling fs layer
General & Infrastructure	UNKNOWN STEP	2026-04-04T14:32:22.0386698Z f420ae9f738c: Waiting
General & Infrastructure	UNKNOWN STEP	2026-04-04T14:32:22.0386998Z 539ad613ffba: Waiting
General & Infrastructure	UNKNOWN STEP	2026-04-04T14:32:22.0387388Z 1062eadcdc7d: Waiting
General & Infrastructure	UNKNOWN STEP	2026-04-04T14:32:22.0387678Z d12341ef4ed7: Waiting
General & Infrastructure	UNKNOWN STEP	2026-04-04T14:32:22.0387951Z 0180048b5c67: Waiting
General & Infrastructure	UNKNOWN STEP	2026-04-04T14:32:22.0388222Z 3f242abd9c8e: Waiting
General & Infrastructure	UNKNOWN STEP	2026-04-04T14:32:22.1273381Z 0805a1082be0: Verifying Checksum
General & Infrastructure	UNKNOWN STEP	2026-04-04T14:32:22.1274989Z 0805a1082be0: Download complete
General & Infrastructure	UNKNOWN STEP	2026-04-04T14:32:22.1275547Z 2800a7aef8b1: Verifying Checksum
General & Infrastructure	UNKNOWN STEP	2026-04-04T14:32:22.1275972Z 2800a7aef8b1: Download complete
General & Infrastructure	UNKNOWN STEP	2026-04-04T14:32:22.1828284Z 3566efde290b: Download complete
General & Infrastructure	UNKNOWN STEP	2026-04-04T14:32:22.2424301Z 539ad613ffba: Verifying Checksum
General & Infrastructure	UNKNOWN STEP	2026-04-04T14:32:22.2427528Z 539ad613ffba: Download complete
General & Infrastructure	UNKNOWN STEP	2026-04-04T14:32:22.2589043Z f420ae9f738c: Download complete
General & Infrastructure	UNKNOWN STEP	2026-04-04T14:32:22.2991368Z 1062eadcdc7d: Verifying Checksum
General & Infrastructure	UNKNOWN STEP	2026-04-04T14:32:22.2996964Z 1062eadcdc7d: Download complete
General & Infrastructure	UNKNOWN STEP	2026-04-04T14:32:22.3526263Z 0180048b5c67: Verifying Checksum
General & Infrastructure	UNKNOWN STEP	2026-04-04T14:32:22.3526976Z 0180048b5c67: Download complete
General & Infrastructure	UNKNOWN STEP	2026-04-04T14:32:22.3704850Z d12341ef4ed7: Verifying Checksum
General & Infrastructure	UNKNOWN STEP	2026-04-04T14:32:22.3707971Z d12341ef4ed7: Download complete
General & Infrastructure	UNKNOWN STEP	2026-04-04T14:32:22.3861638Z 3f242abd9c8e: Verifying Checksum
General & Infrastructure	UNKNOWN STEP	2026-04-04T14:32:22.3862371Z 3f242abd9c8e: Download complete
General & Infrastructure	UNKNOWN STEP	2026-04-04T14:32:24.8310243Z 0805a1082be0: Pull complete
General & Infrastructure	UNKNOWN STEP	2026-04-04T14:32:25.4629590Z 3566efde290b: Pull complete
General & Infrastructure	UNKNOWN STEP	2026-04-04T14:32:25.4775036Z 2800a7aef8b1: Pull complete
General & Infrastructure	UNKNOWN STEP	2026-04-04T14:32:25.9693999Z f420ae9f738c: Pull complete
General & Infrastructure	UNKNOWN STEP	2026-04-04T14:32:26.0496679Z 539ad613ffba: Pull complete
General & Infrastructure	UNKNOWN STEP	2026-04-04T14:32:26.1774700Z 1062eadcdc7d: Pull complete
General & Infrastructure	UNKNOWN STEP	2026-04-04T14:32:26.2476878Z d12341ef4ed7: Pull complete
General & Infrastructure	UNKNOWN STEP	2026-04-04T14:32:26.2882297Z 0180048b5c67: Pull complete
General & Infrastructure	UNKNOWN STEP	2026-04-04T14:32:26.2984262Z 3f242abd9c8e: Pull complete
General & Infrastructure	UNKNOWN STEP	2026-04-04T14:32:26.3031055Z Digest: sha256:918481e3b42182d1671c5807d57ed356203e11e96fa679f4f9a8a7b5a65152d9
General & Infrastructure	UNKNOWN STEP	2026-04-04T14:32:26.3045810Z Status: Downloaded newer image for ghcr.io/reviewdog/action-actionlint:v1.72.0
General & Infrastructure	UNKNOWN STEP	2026-04-04T14:32:26.3054962Z ghcr.io/reviewdog/action-actionlint:v1.72.0
General & Infrastructure	UNKNOWN STEP	2026-04-04T14:32:26.3074347Z ##[endgroup]
General & Infrastructure	UNKNOWN STEP	2026-04-04T14:32:26.3134660Z ##[group]Pull down action image 'wagoid/commitlint-github-action:5.5.1'
General & Infrastructure	UNKNOWN STEP	2026-04-04T14:32:26.3135706Z ##[command]/usr/bin/docker pull wagoid/commitlint-github-action:5.5.1
General & Infrastructure	UNKNOWN STEP	2026-04-04T14:32:26.7679528Z 5.5.1: Pulling from wagoid/commitlint-github-action
General & Infrastructure	UNKNOWN STEP	2026-04-04T14:32:26.7681379Z 9398808236ff: Pulling fs layer
General & Infrastructure	UNKNOWN STEP	2026-04-04T14:32:26.7681976Z 68e4fb3bab38: Pulling fs layer
General & Infrastructure	UNKNOWN STEP	2026-04-04T14:32:26.7682357Z 4fbc6a1c66ab: Pulling fs layer
General & Infrastructure	UNKNOWN STEP	2026-04-04T14:32:26.7682751Z 94584f9afe0f: Pulling fs layer
General & Infrastructure	UNKNOWN STEP	2026-04-04T14:32:26.7683154Z 909db87bbd60: Pulling fs layer
General & Infrastructure	UNKNOWN STEP	2026-04-04T14:32:26.7683534Z 689f42122cf4: Pulling fs layer
General & Infrastructure	UNKNOWN STEP	2026-04-04T14:32:26.7684208Z 7ecbb23e6531: Pulling fs layer
General & Infrastructure	UNKNOWN STEP	2026-04-04T14:32:26.7684617Z 4399540f43c1: Pulling fs layer
General & Infrastructure	UNKNOWN STEP	2026-04-04T14:32:26.7685004Z 28ad51cb529b: Pulling fs layer
General & Infrastructure	UNKNOWN STEP	2026-04-04T14:32:26.7685365Z 689f42122cf4: Waiting
General & Infrastructure	UNKNOWN STEP	2026-04-04T14:32:26.7685729Z 7ecbb23e6531: Waiting
General & Infrastructure	UNKNOWN STEP	2026-04-04T14:32:26.7686029Z 4399540f43c1: Waiting
General & Infrastructure	UNKNOWN STEP	2026-04-04T14:32:26.7686422Z 94584f9afe0f: Waiting
General & Infrastructure	UNKNOWN STEP	2026-04-04T14:32:26.7686751Z 909db87bbd60: Waiting
General & Infrastructure	UNKNOWN STEP	2026-04-04T14:32:26.7687119Z 28ad51cb529b: Waiting
General & Infrastructure	UNKNOWN STEP	2026-04-04T14:32:26.8919367Z 4fbc6a1c66ab: Verifying Checksum
General & Infrastructure	UNKNOWN STEP	2026-04-04T14:32:26.8919958Z 4fbc6a1c66ab: Download complete
General & Infrastructure	UNKNOWN STEP	2026-04-04T14:32:26.8989795Z 9398808236ff: Download complete
General & Infrastructure	UNKNOWN STEP	2026-04-04T14:32:26.9878144Z 94584f9afe0f: Verifying Checksum
General & Infrastructure	UNKNOWN STEP	2026-04-04T14:32:26.9880609Z 94584f9afe0f: Download complete
General & Infrastructure	UNKNOWN STEP	2026-04-04T14:32:27.0417225Z 909db87bbd60: Verifying Checksum
General & Infrastructure	UNKNOWN STEP	2026-04-04T14:32:27.0419513Z 909db87bbd60: Download complete
General & Infrastructure	UNKNOWN STEP	2026-04-04T14:32:27.0420340Z 9398808236ff: Pull complete
General & Infrastructure	UNKNOWN STEP	2026-04-04T14:32:27.0420746Z 68e4fb3bab38: Verifying Checksum
General & Infrastructure	UNKNOWN STEP	2026-04-04T14:32:27.0421152Z 68e4fb3bab38: Download complete
General & Infrastructure	UNKNOWN STEP	2026-04-04T14:32:27.0878329Z 689f42122cf4: Verifying Checksum
General & Infrastructure	UNKNOWN STEP	2026-04-04T14:32:27.0889520Z 689f42122cf4: Download complete
General & Infrastructure	UNKNOWN STEP	2026-04-04T14:32:27.1387401Z 7ecbb23e6531: Verifying Checksum
General & Infrastructure	UNKNOWN STEP	2026-04-04T14:32:27.1388078Z 7ecbb23e6531: Download complete
General & Infrastructure	UNKNOWN STEP	2026-04-04T14:32:27.2082941Z 28ad51cb529b: Verifying Checksum
General & Infrastructure	UNKNOWN STEP	2026-04-04T14:32:27.2083626Z 28ad51cb529b: Download complete
General & Infrastructure	UNKNOWN STEP	2026-04-04T14:32:27.3495969Z 4399540f43c1: Verifying Checksum
General & Infrastructure	UNKNOWN STEP	2026-04-04T14:32:27.3497243Z 4399540f43c1: Download complete
General & Infrastructure	UNKNOWN STEP	2026-04-04T14:32:28.5802657Z 68e4fb3bab38: Pull complete
General & Infrastructure	UNKNOWN STEP	2026-04-04T14:32:28.6396695Z 4fbc6a1c66ab: Pull complete
General & Infrastructure	UNKNOWN STEP	2026-04-04T14:32:28.6492459Z 94584f9afe0f: Pull complete
General & Infrastructure	UNKNOWN STEP	2026-04-04T14:32:28.8293672Z 909db87bbd60: Pull complete
General & Infrastructure	UNKNOWN STEP	2026-04-04T14:32:28.8378326Z 689f42122cf4: Pull complete
General & Infrastructure	UNKNOWN STEP	2026-04-04T14:32:28.8508026Z 7ecbb23e6531: Pull complete
General & Infrastructure	UNKNOWN STEP	2026-04-04T14:32:33.2010187Z 4399540f43c1: Pull complete
General & Infrastructure	UNKNOWN STEP	2026-04-04T14:32:33.2103473Z 28ad51cb529b: Pull complete
General & Infrastructure	UNKNOWN STEP	2026-04-04T14:32:33.2133327Z Digest: sha256:376e134b3f9f4c9674a644253b15b848d954ca7d382d4e1741133a51ab037eca
General & Infrastructure	UNKNOWN STEP	2026-04-04T14:32:33.2143056Z Status: Downloaded newer image for wagoid/commitlint-github-action:5.5.1
General & Infrastructure	UNKNOWN STEP	2026-04-04T14:32:33.2151092Z docker.io/wagoid/commitlint-github-action:5.5.1
General & Infrastructure	UNKNOWN STEP	2026-04-04T14:32:33.2171005Z ##[endgroup]
General & Infrastructure	UNKNOWN STEP	2026-04-04T14:32:33.2198464Z ##[group]Build container for action use: '/home/runner/work/_actions/reviewdog/action-detect-secrets/v0/Dockerfile'.
General & Infrastructure	UNKNOWN STEP	2026-04-04T14:32:33.2205212Z ##[command]/usr/bin/docker build -t 91f93f:4bf00e0d1ab8447fb8a6515ee24ba551 -f "/home/runner/work/_actions/reviewdog/action-detect-secrets/v0/Dockerfile" "/home/runner/work/_actions/reviewdog/action-detect-secrets/v0"
General & Infrastructure	UNKNOWN STEP	2026-04-04T14:32:33.7168467Z #0 building with "default" instance using docker driver
General & Infrastructure	UNKNOWN STEP	2026-04-04T14:32:33.7168809Z 
General & Infrastructure	UNKNOWN STEP	2026-04-04T14:32:33.7168962Z #1 [internal] load build definition from Dockerfile
General & Infrastructure	UNKNOWN STEP	2026-04-04T14:32:33.7169476Z #1 transferring dockerfile: 473B done
General & Infrastructure	UNKNOWN STEP	2026-04-04T14:32:33.7169774Z #1 DONE 0.0s
General & Infrastructure	UNKNOWN STEP	2026-04-04T14:32:33.7169913Z 
General & Infrastructure	UNKNOWN STEP	2026-04-04T14:32:33.7170133Z #2 [auth] library/python:pull token for registry-1.docker.io
General & Infrastructure	UNKNOWN STEP	2026-04-04T14:32:33.7170616Z #2 DONE 0.0s
General & Infrastructure	UNKNOWN STEP	2026-04-04T14:32:33.7170752Z 
General & Infrastructure	UNKNOWN STEP	2026-04-04T14:32:33.7170985Z #3 [internal] load metadata for docker.io/library/python:3.14.0-alpine
General & Infrastructure	UNKNOWN STEP	2026-04-04T14:32:33.9497203Z #3 DONE 0.4s
General & Infrastructure	UNKNOWN STEP	2026-04-04T14:32:34.0657416Z 
General & Infrastructure	UNKNOWN STEP	2026-04-04T14:32:34.0658227Z #4 [internal] load .dockerignore
General & Infrastructure	UNKNOWN STEP	2026-04-04T14:32:34.0669347Z #4 transferring context: 2B done
General & Infrastructure	UNKNOWN STEP	2026-04-04T14:32:34.0670243Z #4 DONE 0.0s
General & Infrastructure	UNKNOWN STEP	2026-04-04T14:32:34.0670433Z 
General & Infrastructure	UNKNOWN STEP	2026-04-04T14:32:34.0670563Z #5 [internal] load build context
General & Infrastructure	UNKNOWN STEP	2026-04-04T14:32:34.0670987Z #5 transferring context: 3.44kB done
General & Infrastructure	UNKNOWN STEP	2026-04-04T14:32:34.0671367Z #5 DONE 0.0s
General & Infrastructure	UNKNOWN STEP	2026-04-04T14:32:34.0671538Z 
General & Infrastructure	UNKNOWN STEP	2026-04-04T14:32:34.0672070Z #6 [1/4] FROM docker.io/library/python:3.14.0-alpine@sha256:8373231e1e906ddfb457748bfc032c4c06ada8c759b7b62d9c73ec2a3c56e710
General & Infrastructure	UNKNOWN STEP	2026-04-04T14:32:34.0672889Z #6 resolve docker.io/library/python:3.14.0-alpine@sha256:8373231e1e906ddfb457748bfc032c4c06ada8c759b7b62d9c73ec2a3c56e710 done
General & Infrastructure	UNKNOWN STEP	2026-04-04T14:32:34.0674235Z #6 extracting sha256:2d35ebdb57d9971fea0cac1582aa78935adf8058b2cc32db163c98822e5dfa1b
General & Infrastructure	UNKNOWN STEP	2026-04-04T14:32:34.0675320Z #6 sha256:86d375910f52b7c453db7c1e2135c1536210eb84825e8505b1c9e5a34faaf57a 456.92kB / 456.92kB 0.1s
General & Infrastructure	UNKNOWN STEP	2026-04-04T14:32:34.0676389Z #6 sha256:facdf984afd18f7f52714321a1e8915796191dd98798aef5d1f77a85507e830d 0B / 13.23MB 0.1s
General & Infrastructure	UNKNOWN STEP	2026-04-04T14:32:34.0677126Z #6 sha256:13839c1b2c2fc819a0ebcba5bbfcb61b3d29976827c3c86062f87186660baa70 0B / 250B 0.1s
General & Infrastructure	UNKNOWN STEP	2026-04-04T14:32:34.0678582Z #6 sha256:8373231e1e906ddfb457748bfc032c4c06ada8c759b7b62d9c73ec2a3c56e710 10.29kB / 10.29kB done
General & Infrastructure	UNKNOWN STEP	2026-04-04T14:32:34.0679386Z #6 sha256:da0af7e1f95f7612c15858b627b151edde12a97b6ae60731a82c4849bd9c5b2c 1.73kB / 1.73kB done
General & Infrastructure	UNKNOWN STEP	2026-04-04T14:32:34.0680113Z #6 sha256:24ef78ff5ffe3f0b75661012741566f58f76e8109513be875a237d0a7b19b073 4.62kB / 4.62kB done
General & Infrastructure	UNKNOWN STEP	2026-04-04T14:32:34.0680815Z #6 sha256:2d35ebdb57d9971fea0cac1582aa78935adf8058b2cc32db163c98822e5dfa1b 3.80MB / 3.80MB 0.1s done
General & Infrastructure	UNKNOWN STEP	2026-04-04T14:32:34.2531055Z #6 extracting sha256:2d35ebdb57d9971fea0cac1582aa78935adf8058b2cc32db163c98822e5dfa1b 0.1s done
General & Infrastructure	UNKNOWN STEP	2026-04-04T14:32:34.2532024Z #6 sha256:86d375910f52b7c453db7c1e2135c1536210eb84825e8505b1c9e5a34faaf57a 456.92kB / 456.92kB 0.1s done
General & Infrastructure	UNKNOWN STEP	2026-04-04T14:32:34.2533112Z #6 sha256:facdf984afd18f7f52714321a1e8915796191dd98798aef5d1f77a85507e830d 13.23MB / 13.23MB 0.2s done
General & Infrastructure	UNKNOWN STEP	2026-04-04T14:32:34.2534400Z #6 sha256:13839c1b2c2fc819a0ebcba5bbfcb61b3d29976827c3c86062f87186660baa70 250B / 250B 0.1s done
General & Infrastructure	UNKNOWN STEP	2026-04-04T14:32:34.2535263Z #6 extracting sha256:86d375910f52b7c453db7c1e2135c1536210eb84825e8505b1c9e5a34faaf57a 0.1s done
General & Infrastructure	UNKNOWN STEP	2026-04-04T14:32:34.3905098Z #6 extracting sha256:facdf984afd18f7f52714321a1e8915796191dd98798aef5d1f77a85507e830d
General & Infrastructure	UNKNOWN STEP	2026-04-04T14:32:35.1544751Z #6 extracting sha256:facdf984afd18f7f52714321a1e8915796191dd98798aef5d1f77a85507e830d 0.6s done
General & Infrastructure	UNKNOWN STEP	2026-04-04T14:32:35.1545836Z #6 extracting sha256:13839c1b2c2fc819a0ebcba5bbfcb61b3d29976827c3c86062f87186660baa70 done
General & Infrastructure	UNKNOWN STEP	2026-04-04T14:32:35.1546399Z #6 DONE 1.1s
General & Infrastructure	UNKNOWN STEP	2026-04-04T14:32:35.1546687Z 
General & Infrastructure	UNKNOWN STEP	2026-04-04T14:32:35.1548348Z #7 [2/4] RUN apk --no-cache add git gcc musl-dev   && wget -O - -q https://raw.githubusercontent.com/reviewdog/reviewdog/fd59714416d6d9a1c0692d872e38e7f8448df4fc/install.sh| sh -s -- -b /usr/local/bin/ v0.21.0   && pip install detect-secrets[word_list]
General & Infrastructure	UNKNOWN STEP	2026-04-04T14:32:35.1549752Z #7 0.127 fetch https://dl-cdn.alpinelinux.org/alpine/v3.22/main/x86_64/APKINDEX.tar.gz
General & Infrastructure	UNKNOWN STEP	2026-04-04T14:32:35.3804659Z #7 0.203 fetch https://dl-cdn.alpinelinux.org/alpine/v3.22/community/x86_64/APKINDEX.tar.gz
General & Infrastructure	UNKNOWN STEP	2026-04-04T14:32:35.5496626Z #7 0.522 (1/23) Installing libgcc (14.2.0-r6)
General & Infrastructure	UNKNOWN STEP	2026-04-04T14:32:35.6509530Z #7 0.527 (2/23) Installing jansson (2.14.1-r0)
General & Infrastructure	UNKNOWN STEP	2026-04-04T14:32:35.6510207Z #7 0.530 (3/23) Installing libstdc++ (14.2.0-r6)
General & Infrastructure	UNKNOWN STEP	2026-04-04T14:32:35.6510802Z #7 0.547 (4/23) Installing binutils (2.44-r3)
General & Infrastructure	UNKNOWN STEP	2026-04-04T14:32:35.6511371Z #7 0.617 (5/23) Installing libgomp (14.2.0-r6)
General & Infrastructure	UNKNOWN STEP	2026-04-04T14:32:35.6511930Z #7 0.624 (6/23) Installing libatomic (14.2.0-r6)
General & Infrastructure	UNKNOWN STEP	2026-04-04T14:32:35.8399389Z #7 0.626 (7/23) Installing gmp (6.3.0-r3)
General & Infrastructure	UNKNOWN STEP	2026-04-04T14:32:35.8399908Z #7 0.632 (8/23) Installing isl26 (0.26-r1)
General & Infrastructure	UNKNOWN STEP	2026-04-04T14:32:35.8400357Z #7 0.649 (9/23) Installing mpfr4 (4.2.1_p1-r0)
General & Infrastructure	UNKNOWN STEP	2026-04-04T14:32:35.8400680Z #7 0.659 (10/23) Installing mpc1 (1.3.1-r1)
General & Infrastructure	UNKNOWN STEP	2026-04-04T14:32:35.8401003Z #7 0.662 (11/23) Installing gcc (14.2.0-r6)
General & Infrastructure	UNKNOWN STEP	2026-04-04T14:32:36.5925624Z #7 1.565 (12/23) Installing brotli-libs (1.1.0-r2)
General & Infrastructure	UNKNOWN STEP	2026-04-04T14:32:36.7106681Z #7 1.575 (13/23) Installing c-ares (1.34.6-r0)
General & Infrastructure	UNKNOWN STEP	2026-04-04T14:32:36.7107042Z #7 1.580 (14/23) Installing libunistring (1.3-r0)
General & Infrastructure	UNKNOWN STEP	2026-04-04T14:32:36.7107534Z #7 1.591 (15/23) Installing libidn2 (2.3.7-r0)
General & Infrastructure	UNKNOWN STEP	2026-04-04T14:32:36.7107838Z #7 1.595 (16/23) Installing nghttp2-libs (1.65.0-r0)
General & Infrastructure	UNKNOWN STEP	2026-04-04T14:32:36.7108134Z #7 1.599 (17/23) Installing libpsl (0.21.5-r3)
General & Infrastructure	UNKNOWN STEP	2026-04-04T14:32:36.7108421Z #7 1.602 (18/23) Installing libcurl (8.14.1-r2)
General & Infrastructure	UNKNOWN STEP	2026-04-04T14:32:36.7108697Z #7 1.609 (19/23) Installing libexpat (2.7.5-r0)
General & Infrastructure	UNKNOWN STEP	2026-04-04T14:32:36.7108995Z #7 1.612 (20/23) Installing pcre2 (10.46-r0)
General & Infrastructure	UNKNOWN STEP	2026-04-04T14:32:36.7109280Z #7 1.621 (21/23) Installing git (2.49.1-r0)
General & Infrastructure	UNKNOWN STEP	2026-04-04T14:32:36.7109580Z #7 1.683 (22/23) Installing git-init-template (2.49.1-r0)
General & Infrastructure	UNKNOWN STEP	2026-04-04T14:32:36.9188377Z #7 1.689 (23/23) Installing musl-dev (1.2.5-r10)
General & Infrastructure	UNKNOWN STEP	2026-04-04T14:32:36.9189163Z #7 1.750 Executing busybox-1.37.0-r19.trigger
General & Infrastructure	UNKNOWN STEP	2026-04-04T14:32:36.9189470Z #7 1.758 OK: 186 MiB in 53 packages
General & Infrastructure	UNKNOWN STEP	2026-04-04T14:32:36.9189821Z #7 1.891 reviewdog/reviewdog info checking GitHub for tag 'v0.21.0'
General & Infrastructure	UNKNOWN STEP	2026-04-04T14:32:37.1535047Z #7 2.126 reviewdog/reviewdog info found version: 0.21.0 for v0.21.0/Linux/x86_64
General & Infrastructure	UNKNOWN STEP	2026-04-04T14:32:37.6788772Z #7 2.651 reviewdog/reviewdog info installed /usr/local/bin//reviewdog
General & Infrastructure	UNKNOWN STEP	2026-04-04T14:32:40.2817401Z #7 5.254 Collecting detect-secrets[word_list]
General & Infrastructure	UNKNOWN STEP	2026-04-04T14:32:40.3823180Z #7 5.280   Downloading detect_secrets-1.5.0-py3-none-any.whl.metadata (23 kB)
General & Infrastructure	UNKNOWN STEP	2026-04-04T14:32:40.3824174Z #7 5.355 Collecting pyyaml (from detect-secrets[word_list])
General & Infrastructure	UNKNOWN STEP	2026-04-04T14:32:40.5059425Z #7 5.359   Downloading pyyaml-6.0.3-cp314-cp314-musllinux_1_2_x86_64.whl.metadata (2.4 kB)
General & Infrastructure	UNKNOWN STEP	2026-04-04T14:32:40.5060286Z #7 5.478 Collecting requests (from detect-secrets[word_list])
General & Infrastructure	UNKNOWN STEP	2026-04-04T14:32:40.6825335Z #7 5.483   Downloading requests-2.33.1-py3-none-any.whl.metadata (4.8 kB)
General & Infrastructure	UNKNOWN STEP	2026-04-04T14:32:40.6826211Z #7 5.513 Collecting pyahocorasick (from detect-secrets[word_list])
General & Infrastructure	UNKNOWN STEP	2026-04-04T14:32:40.6826897Z #7 5.517   Downloading pyahocorasick-2.3.0-cp314-cp314-musllinux_1_2_x86_64.whl.metadata (13 kB)
General & Infrastructure	UNKNOWN STEP	2026-04-04T14:32:40.6827666Z #7 5.655 Collecting charset_normalizer<4,>=2 (from requests->detect-secrets[word_list])
General & Infrastructure	UNKNOWN STEP	2026-04-04T14:32:40.7845508Z #7 5.659   Downloading charset_normalizer-3.4.7-cp314-cp314-musllinux_1_2_x86_64.whl.metadata (40 kB)
General & Infrastructure	UNKNOWN STEP	2026-04-04T14:32:40.7846517Z #7 5.684 Collecting idna<4,>=2.5 (from requests->detect-secrets[word_list])
General & Infrastructure	UNKNOWN STEP	2026-04-04T14:32:40.7847272Z #7 5.688   Downloading idna-3.11-py3-none-any.whl.metadata (8.4 kB)
General & Infrastructure	UNKNOWN STEP	2026-04-04T14:32:40.7847989Z #7 5.725 Collecting urllib3<3,>=1.26 (from requests->detect-secrets[word_list])
General & Infrastructure	UNKNOWN STEP	2026-04-04T14:32:40.7848932Z #7 5.729   Downloading urllib3-2.6.3-py3-none-any.whl.metadata (6.9 kB)
General & Infrastructure	UNKNOWN STEP	2026-04-04T14:32:40.7849878Z #7 5.757 Collecting certifi>=2023.5.7 (from requests->detect-secrets[word_list])
General & Infrastructure	UNKNOWN STEP	2026-04-04T14:32:40.9021295Z #7 5.761   Downloading certifi-2026.2.25-py3-none-any.whl.metadata (2.5 kB)
General & Infrastructure	UNKNOWN STEP	2026-04-04T14:32:40.9022155Z #7 5.772 Downloading detect_secrets-1.5.0-py3-none-any.whl (120 kB)
General & Infrastructure	UNKNOWN STEP	2026-04-04T14:32:40.9023001Z #7 5.780 Downloading pyahocorasick-2.3.0-cp314-cp314-musllinux_1_2_x86_64.whl (117 kB)
General & Infrastructure	UNKNOWN STEP	2026-04-04T14:32:40.9024280Z #7 5.788 Downloading pyyaml-6.0.3-cp314-cp314-musllinux_1_2_x86_64.whl (789 kB)
General & Infrastructure	UNKNOWN STEP	2026-04-04T14:32:40.9025350Z #7 5.799    ━━━━━━━━━━━━━━━━━━━━━━━━━━━━━━━━━━━━━━━━ 789.2/789.2 kB 85.8 MB/s  0:00:00
General & Infrastructure	UNKNOWN STEP	2026-04-04T14:32:40.9026154Z #7 5.803 Downloading requests-2.33.1-py3-none-any.whl (64 kB)
General & Infrastructure	UNKNOWN STEP	2026-04-04T14:32:40.9027093Z #7 5.810 Downloading charset_normalizer-3.4.7-cp314-cp314-musllinux_1_2_x86_64.whl (217 kB)
General & Infrastructure	UNKNOWN STEP	2026-04-04T14:32:40.9027944Z #7 5.816 Downloading idna-3.11-py3-none-any.whl (71 kB)
General & Infrastructure	UNKNOWN STEP	2026-04-04T14:32:40.9028501Z #7 5.823 Downloading urllib3-2.6.3-py3-none-any.whl (131 kB)
General & Infrastructure	UNKNOWN STEP	2026-04-04T14:32:40.9029141Z #7 5.829 Downloading certifi-2026.2.25-py3-none-any.whl (153 kB)
General & Infrastructure	UNKNOWN STEP	2026-04-04T14:32:40.9030238Z #7 5.875 Installing collected packages: urllib3, pyyaml, pyahocorasick, idna, charset_normalizer, certifi, requests, detect-secrets
General & Infrastructure	UNKNOWN STEP	2026-04-04T14:32:41.5602707Z #7 6.533 
General & Infrastructure	UNKNOWN STEP	2026-04-04T14:32:41.7834116Z #7 6.536 Successfully installed certifi-2026.2.25 charset_normalizer-3.4.7 detect-secrets-1.5.0 idna-3.11 pyahocorasick-2.3.0 pyyaml-6.0.3 requests-2.33.1 urllib3-2.6.3
General & Infrastructure	UNKNOWN STEP	2026-04-04T14:32:41.7837219Z #7 6.536 WARNING: Running pip as the 'root' user can result in broken permissions and conflicting behaviour with the system package manager, possibly rendering your system unusable. It is recommended to use a virtual environment instead: https://pip.pypa.io/warnings/venv. Use the --root-user-action option if you know what you are doing and want to suppress this warning.
General & Infrastructure	UNKNOWN STEP	2026-04-04T14:32:41.7838822Z #7 6.605 
General & Infrastructure	UNKNOWN STEP	2026-04-04T14:32:41.7839084Z #7 6.605 [notice] A new release of pip is available: 25.2 -> 26.0.1
General & Infrastructure	UNKNOWN STEP	2026-04-04T14:32:41.7839501Z #7 6.605 [notice] To update, run: pip install --upgrade pip
General & Infrastructure	UNKNOWN STEP	2026-04-04T14:32:41.8106346Z #7 DONE 6.8s
General & Infrastructure	UNKNOWN STEP	2026-04-04T14:32:41.9923397Z 
General & Infrastructure	UNKNOWN STEP	2026-04-04T14:32:41.9924398Z #8 [3/4] COPY baseline2rdf.py /usr/local/bin/baseline2rdf
General & Infrastructure	UNKNOWN STEP	2026-04-04T14:32:41.9924948Z #8 DONE 0.0s
General & Infrastructure	UNKNOWN STEP	2026-04-04T14:32:41.9925119Z 
General & Infrastructure	UNKNOWN STEP	2026-04-04T14:32:41.9925272Z #9 [4/4] COPY entrypoint.sh /entrypoint.sh
General & Infrastructure	UNKNOWN STEP	2026-04-04T14:32:41.9925705Z #9 DONE 0.0s
General & Infrastructure	UNKNOWN STEP	2026-04-04T14:32:41.9925858Z 
General & Infrastructure	UNKNOWN STEP	2026-04-04T14:32:41.9925976Z #10 exporting to image
General & Infrastructure	UNKNOWN STEP	2026-04-04T14:32:41.9926280Z #10 exporting layers
General & Infrastructure	UNKNOWN STEP	2026-04-04T14:32:42.6320597Z #10 exporting layers 0.8s done
General & Infrastructure	UNKNOWN STEP	2026-04-04T14:32:42.6500497Z #10 writing image sha256:e6d5cddb4fdf34db8a30e332cca0ed0181abf040cbafeeb2a0b15c21d1d43d14 done
General & Infrastructure	UNKNOWN STEP	2026-04-04T14:32:42.6501622Z #10 naming to docker.io/library/91f93f:4bf00e0d1ab8447fb8a6515ee24ba551 done
General & Infrastructure	UNKNOWN STEP	2026-04-04T14:32:42.6502242Z #10 DONE 0.8s
General & Infrastructure	UNKNOWN STEP	2026-04-04T14:32:42.6555862Z ##[endgroup]
General & Infrastructure	UNKNOWN STEP	2026-04-04T14:32:42.6569496Z ##[group]Build container for action use: '/home/runner/work/_actions/reviewdog/action-misspell/v1/Dockerfile'.
General & Infrastructure	UNKNOWN STEP	2026-04-04T14:32:42.6571423Z ##[command]/usr/bin/docker build -t 91f93f:d71cde6d33dd49028444c1134d18929e -f "/home/runner/work/_actions/reviewdog/action-misspell/v1/Dockerfile" "/home/runner/work/_actions/reviewdog/action-misspell/v1"
General & Infrastructure	UNKNOWN STEP	2026-04-04T14:32:42.9895287Z #0 building with "default" instance using docker driver
General & Infrastructure	UNKNOWN STEP	2026-04-04T14:32:42.9895613Z 
General & Infrastructure	UNKNOWN STEP	2026-04-04T14:32:42.9896253Z #1 [internal] load build definition from Dockerfile
General & Infrastructure	UNKNOWN STEP	2026-04-04T14:32:42.9896621Z #1 transferring dockerfile: 649B done
General & Infrastructure	UNKNOWN STEP	2026-04-04T14:32:42.9896903Z #1 DONE 0.0s
General & Infrastructure	UNKNOWN STEP	2026-04-04T14:32:42.9897018Z 
General & Infrastructure	UNKNOWN STEP	2026-04-04T14:32:42.9897185Z #2 [auth] library/debian:pull token for registry-1.docker.io
General & Infrastructure	UNKNOWN STEP	2026-04-04T14:32:42.9897544Z #2 DONE 0.0s
General & Infrastructure	UNKNOWN STEP	2026-04-04T14:32:42.9897658Z 
General & Infrastructure	UNKNOWN STEP	2026-04-04T14:32:42.9897864Z #3 [internal] load metadata for docker.io/library/debian:bullseye-slim
General & Infrastructure	UNKNOWN STEP	2026-04-04T14:32:43.1793160Z #3 DONE 0.4s
General & Infrastructure	UNKNOWN STEP	2026-04-04T14:32:43.2949728Z 
General & Infrastructure	UNKNOWN STEP	2026-04-04T14:32:43.2950125Z #4 [internal] load .dockerignore
General & Infrastructure	UNKNOWN STEP	2026-04-04T14:32:43.2951369Z #4 transferring context: 2B done
General & Infrastructure	UNKNOWN STEP	2026-04-04T14:32:43.2952162Z #4 DONE 0.0s
General & Infrastructure	UNKNOWN STEP	2026-04-04T14:32:43.2952339Z 
General & Infrastructure	UNKNOWN STEP	2026-04-04T14:32:43.2952456Z #5 [internal] load build context
General & Infrastructure	UNKNOWN STEP	2026-04-04T14:32:43.2954701Z #5 transferring context: 1.18kB done
General & Infrastructure	UNKNOWN STEP	2026-04-04T14:32:43.2955859Z #5 DONE 0.0s
General & Infrastructure	UNKNOWN STEP	2026-04-04T14:32:43.2956052Z 
General & Infrastructure	UNKNOWN STEP	2026-04-04T14:32:43.2956705Z #6 [1/5] FROM docker.io/library/debian:bullseye-slim@sha256:95a3884fee36b8f33bf32a6bbffa8dffe6cab6089b841cec45fb47c581a2709d
General & Infrastructure	UNKNOWN STEP	2026-04-04T14:32:43.2957723Z #6 resolve docker.io/library/debian:bullseye-slim@sha256:95a3884fee36b8f33bf32a6bbffa8dffe6cab6089b841cec45fb47c581a2709d done
General & Infrastructure	UNKNOWN STEP	2026-04-04T14:32:43.2958593Z #6 sha256:2def39ba61d018877eab029bb49f5312188fcf3f564be382981f921d932f625f 5.24MB / 30.26MB 0.1s
General & Infrastructure	UNKNOWN STEP	2026-04-04T14:32:43.2959385Z #6 sha256:95a3884fee36b8f33bf32a6bbffa8dffe6cab6089b841cec45fb47c581a2709d 4.54kB / 4.54kB done
General & Infrastructure	UNKNOWN STEP	2026-04-04T14:32:43.2960001Z #6 sha256:040964add8da2d945de53cd2b29aa3fd2aa402b6d6de437aca2edbeb9d1cf3f4 1.02kB / 1.02kB done
General & Infrastructure	UNKNOWN STEP	2026-04-04T14:32:43.2960752Z #6 sha256:fa549c2c1e9dc41640ca6b8cc341cb54b21800e7a8824ab3ee0765ed52b65bfb 453B / 453B done
General & Infrastructure	UNKNOWN STEP	2026-04-04T14:32:43.3963565Z #6 sha256:2def39ba61d018877eab029bb49f5312188fcf3f564be382981f921d932f625f 29.36MB / 30.26MB 0.2s
General & Infrastructure	UNKNOWN STEP	2026-04-04T14:32:43.5155646Z #6 sha256:2def39ba61d018877eab029bb49f5312188fcf3f564be382981f921d932f625f 30.26MB / 30.26MB 0.2s done
General & Infrastructure	UNKNOWN STEP	2026-04-04T14:32:43.5157006Z #6 extracting sha256:2def39ba61d018877eab029bb49f5312188fcf3f564be382981f921d932f625f 0.1s
General & Infrastructure	UNKNOWN STEP	2026-04-04T14:32:44.6810968Z #6 extracting sha256:2def39ba61d018877eab029bb49f5312188fcf3f564be382981f921d932f625f 1.3s done
General & Infrastructure	UNKNOWN STEP	2026-04-04T14:32:44.8568492Z #6 DONE 1.5s
General & Infrastructure	UNKNOWN STEP	2026-04-04T14:32:44.8568746Z 
General & Infrastructure	UNKNOWN STEP	2026-04-04T14:32:44.8569293Z #7 [2/5] RUN apt-get update     && apt-get install -y --no-install-recommends         ca-certificates         git         wget     && apt-get clean     && rm -rf /var/lib/apt/lists/*
General & Infrastructure	UNKNOWN STEP	2026-04-04T14:32:44.8942335Z #7 0.188 Get:1 http://deb.debian.org/debian bullseye InRelease [75.1 kB]
General & Infrastructure	UNKNOWN STEP	2026-04-04T14:32:45.0309434Z #7 0.325 Get:2 http://deb.debian.org/debian-security bullseye-security InRelease [27.2 kB]
General & Infrastructure	UNKNOWN STEP	2026-04-04T14:32:45.2222340Z #7 0.345 Get:3 http://deb.debian.org/debian bullseye-updates InRelease [44.0 kB]
General & Infrastructure	UNKNOWN STEP	2026-04-04T14:32:45.2223302Z #7 0.365 Get:4 http://deb.debian.org/debian bullseye/main amd64 Packages [8066 kB]
General & Infrastructure	UNKNOWN STEP	2026-04-04T14:32:45.2891845Z #7 0.583 Get:5 http://deb.debian.org/debian-security bullseye-security/main amd64 Packages [446 kB]
General & Infrastructure	UNKNOWN STEP	2026-04-04T14:32:45.4415246Z #7 0.585 Get:6 http://deb.debian.org/debian bullseye-updates/main amd64 Packages [18.8 kB]
General & Infrastructure	UNKNOWN STEP	2026-04-04T14:32:46.0989526Z #7 1.393 Fetched 8677 kB in 1s (6983 kB/s)
General & Infrastructure	UNKNOWN STEP	2026-04-04T14:32:46.4451680Z #7 1.393 Reading package lists...
General & Infrastructure	UNKNOWN STEP	2026-04-04T14:32:46.8085527Z #7 1.755 Reading package lists...
General & Infrastructure	UNKNOWN STEP	2026-04-04T14:32:46.9703456Z #7 2.110 Building dependency tree...
General & Infrastructure	UNKNOWN STEP	2026-04-04T14:32:46.9704696Z #7 2.185 Reading state information...
General & Infrastructure	UNKNOWN STEP	2026-04-04T14:32:46.9706173Z #7 2.264 The following additional packages will be installed:
General & Infrastructure	UNKNOWN STEP	2026-04-04T14:32:46.9707432Z #7 2.264   git-man libbrotli1 libcurl3-gnutls liberror-perl libexpat1 libgdbm-compat4
General & Infrastructure	UNKNOWN STEP	2026-04-04T14:32:47.0840274Z #7 2.264   libgdbm6 libldap-2.4-2 libnghttp2-14 libperl5.32 libpsl5 librtmp1 libsasl2-2
General & Infrastructure	UNKNOWN STEP	2026-04-04T14:32:47.0841393Z #7 2.264   libsasl2-modules-db libssh2-1 openssl perl perl-modules-5.32
General & Infrastructure	UNKNOWN STEP	2026-04-04T14:32:47.0842098Z #7 2.265 Suggested packages:
General & Infrastructure	UNKNOWN STEP	2026-04-04T14:32:47.0842807Z #7 2.265   gettext-base git-daemon-run | git-daemon-sysvinit git-doc git-el git-email
General & Infrastructure	UNKNOWN STEP	2026-04-04T14:32:47.0844118Z #7 2.265   git-gui gitk gitweb git-cvs git-mediawiki git-svn gdbm-l10n sensible-utils
General & Infrastructure	UNKNOWN STEP	2026-04-04T14:32:47.0844805Z #7 2.265   perl-doc libterm-readline-gnu-perl | libterm-readline-perl-perl make
General & Infrastructure	UNKNOWN STEP	2026-04-04T14:32:47.0845317Z #7 2.265   libtap-harness-archive-perl
General & Infrastructure	UNKNOWN STEP	2026-04-04T14:32:47.0845644Z #7 2.265 Recommended packages:
General & Infrastructure	UNKNOWN STEP	2026-04-04T14:32:47.0846119Z #7 2.265   patch less ssh-client libldap-common publicsuffix libsasl2-modules netbase
General & Infrastructure	UNKNOWN STEP	2026-04-04T14:32:47.0846671Z #7 2.328 The following NEW packages will be installed:
General & Infrastructure	UNKNOWN STEP	2026-04-04T14:32:47.0847459Z #7 2.328   ca-certificates git git-man libbrotli1 libcurl3-gnutls liberror-perl
General & Infrastructure	UNKNOWN STEP	2026-04-04T14:32:47.0848565Z #7 2.328   libexpat1 libgdbm-compat4 libgdbm6 libldap-2.4-2 libnghttp2-14 libperl5.32
General & Infrastructure	UNKNOWN STEP	2026-04-04T14:32:47.0849730Z #7 2.328   libpsl5 librtmp1 libsasl2-2 libsasl2-modules-db libssh2-1 openssl perl
General & Infrastructure	UNKNOWN STEP	2026-04-04T14:32:47.0850508Z #7 2.328   perl-modules-5.32 wget
General & Infrastructure	UNKNOWN STEP	2026-04-04T14:32:47.0851054Z #7 2.346 0 upgraded, 21 newly installed, 0 to remove and 0 not upgraded.
General & Infrastructure	UNKNOWN STEP	2026-04-04T14:32:47.0851634Z #7 2.346 Need to get 18.3 MB of archives.
General & Infrastructure	UNKNOWN STEP	2026-04-04T14:32:47.0852209Z #7 2.346 After this operation, 94.5 MB of additional disk space will be used.
General & Infrastructure	UNKNOWN STEP	2026-04-04T14:32:47.0853019Z #7 2.346 Get:1 http://deb.debian.org/debian-security bullseye-security/main amd64 perl-modules-5.32 all 5.32.1-4+deb11u4 [2824 kB]
General & Infrastructure	UNKNOWN STEP	2026-04-04T14:32:47.0854290Z #7 2.362 Get:2 http://deb.debian.org/debian bullseye/main amd64 libgdbm6 amd64 1.19-2 [64.9 kB]
General & Infrastructure	UNKNOWN STEP	2026-04-04T14:32:47.0854869Z #7 2.363 Get:3 http://deb.debian.org/debian bullseye/main amd64 libgdbm-compat4 amd64 1.19-2 [44.7 kB]
General & Infrastructure	UNKNOWN STEP	2026-04-04T14:32:47.0855879Z #7 2.364 Get:4 http://deb.debian.org/debian-security bullseye-security/main amd64 libperl5.32 amd64 5.32.1-4+deb11u4 [4132 kB]
General & Infrastructure	UNKNOWN STEP	2026-04-04T14:32:47.0856756Z #7 2.378 Get:5 http://deb.debian.org/debian-security bullseye-security/main amd64 perl amd64 5.32.1-4+deb11u4 [293 kB]
General & Infrastructure	UNKNOWN STEP	2026-04-04T14:32:47.2176777Z #7 2.380 Get:6 http://deb.debian.org/debian-security bullseye-security/main amd64 openssl amd64 1.1.1w-0+deb11u5 [859 kB]
General & Infrastructure	UNKNOWN STEP	2026-04-04T14:32:47.2178680Z #7 2.385 Get:7 http://deb.debian.org/debian-security bullseye-security/main amd64 ca-certificates all 20230311+deb12u1~deb11u1 [169 kB]
General & Infrastructure	UNKNOWN STEP	2026-04-04T14:32:47.2180219Z #7 2.386 Get:8 http://deb.debian.org/debian bullseye/main amd64 libpsl5 amd64 0.21.0-1.2 [57.3 kB]
General & Infrastructure	UNKNOWN STEP	2026-04-04T14:32:47.2181158Z #7 2.386 Get:9 http://deb.debian.org/debian-security bullseye-security/main amd64 wget amd64 1.21-1+deb11u2 [964 kB]
General & Infrastructure	UNKNOWN STEP	2026-04-04T14:32:47.2182116Z #7 2.390 Get:10 http://deb.debian.org/debian bullseye/main amd64 libbrotli1 amd64 1.0.9-2+b2 [279 kB]
General & Infrastructure	UNKNOWN STEP	2026-04-04T14:32:47.2182946Z #7 2.392 Get:11 http://deb.debian.org/debian bullseye/main amd64 libsasl2-modules-db amd64 2.1.27+dfsg-2.1+deb11u1 [69.1 kB]
General & Infrastructure	UNKNOWN STEP	2026-04-04T14:32:47.2184107Z #7 2.393 Get:12 http://deb.debian.org/debian bullseye/main amd64 libsasl2-2 amd64 2.1.27+dfsg-2.1+deb11u1 [106 kB]
General & Infrastructure	UNKNOWN STEP	2026-04-04T14:32:47.2184968Z #7 2.394 Get:13 http://deb.debian.org/debian bullseye/main amd64 libldap-2.4-2 amd64 2.4.57+dfsg-3+deb11u1 [232 kB]
General & Infrastructure	UNKNOWN STEP	2026-04-04T14:32:47.2185904Z #7 2.395 Get:14 http://deb.debian.org/debian-security bullseye-security/main amd64 libnghttp2-14 amd64 1.43.0-1+deb11u2 [77.0 kB]
General & Infrastructure	UNKNOWN STEP	2026-04-04T14:32:47.2186829Z #7 2.396 Get:15 http://deb.debian.org/debian bullseye/main amd64 librtmp1 amd64 2.4+20151223.gitfa8646d.1-2+b2 [60.8 kB]
General & Infrastructure	UNKNOWN STEP	2026-04-04T14:32:47.2187902Z #7 2.396 Get:16 http://deb.debian.org/debian bullseye/main amd64 libssh2-1 amd64 1.9.0-2+deb11u1 [156 kB]
General & Infrastructure	UNKNOWN STEP	2026-04-04T14:32:47.2188776Z #7 2.397 Get:17 http://deb.debian.org/debian-security bullseye-security/main amd64 libcurl3-gnutls amd64 7.74.0-1.3+deb11u16 [344 kB]
General & Infrastructure	UNKNOWN STEP	2026-04-04T14:32:47.2189746Z #7 2.399 Get:18 http://deb.debian.org/debian-security bullseye-security/main amd64 libexpat1 amd64 2.2.10-2+deb11u7 [99.2 kB]
General & Infrastructure	UNKNOWN STEP	2026-04-04T14:32:47.2190570Z #7 2.399 Get:19 http://deb.debian.org/debian bullseye/main amd64 liberror-perl all 0.17029-1 [31.0 kB]
General & Infrastructure	UNKNOWN STEP	2026-04-04T14:32:47.2191541Z #7 2.402 Get:20 http://deb.debian.org/debian-security bullseye-security/main amd64 git-man all 1:2.30.2-1+deb11u5 [1831 kB]
General & Infrastructure	UNKNOWN STEP	2026-04-04T14:32:47.2192426Z #7 2.409 Get:21 http://deb.debian.org/debian-security bullseye-security/main amd64 git amd64 1:2.30.2-1+deb11u5 [5568 kB]
General & Infrastructure	UNKNOWN STEP	2026-04-04T14:32:47.2193025Z #7 2.511 debconf: delaying package configuration, since apt-utils is not installed
General & Infrastructure	UNKNOWN STEP	2026-04-04T14:32:47.4021042Z #7 2.528 Fetched 18.3 MB in 0s (185 MB/s)
General & Infrastructure	UNKNOWN STEP	2026-04-04T14:32:47.4021758Z #7 2.539 Selecting previously unselected package perl-modules-5.32.
General & Infrastructure	UNKNOWN STEP	2026-04-04T14:32:47.4022376Z #7 2.539 (Reading database ... 
General & Infrastructure	UNKNOWN STEP	2026-04-04T14:32:47.4022751Z (Reading database ... 5%
General & Infrastructure	UNKNOWN STEP	2026-04-04T14:32:47.4023095Z (Reading database ... 10%
General & Infrastructure	UNKNOWN STEP	2026-04-04T14:32:47.4023439Z (Reading database ... 15%
General & Infrastructure	UNKNOWN STEP	2026-04-04T14:32:47.4023978Z (Reading database ... 20%
General & Infrastructure	UNKNOWN STEP	2026-04-04T14:32:47.4024377Z (Reading database ... 25%
General & Infrastructure	UNKNOWN STEP	2026-04-04T14:32:47.4024730Z (Reading database ... 30%
General & Infrastructure	UNKNOWN STEP	2026-04-04T14:32:47.4024983Z (Reading database ... 35%
General & Infrastructure	UNKNOWN STEP	2026-04-04T14:32:47.4025233Z (Reading database ... 40%
General & Infrastructure	UNKNOWN STEP	2026-04-04T14:32:47.4025461Z (Reading database ... 45%
General & Infrastructure	UNKNOWN STEP	2026-04-04T14:32:47.4025692Z (Reading database ... 50%
General & Infrastructure	UNKNOWN STEP	2026-04-04T14:32:47.4025917Z (Reading database ... 55%
General & Infrastructure	UNKNOWN STEP	2026-04-04T14:32:47.4026149Z (Reading database ... 60%
General & Infrastructure	UNKNOWN STEP	2026-04-04T14:32:47.4026378Z (Reading database ... 65%
General & Infrastructure	UNKNOWN STEP	2026-04-04T14:32:47.4026610Z (Reading database ... 70%
General & Infrastructure	UNKNOWN STEP	2026-04-04T14:32:47.4026835Z (Reading database ... 75%
General & Infrastructure	UNKNOWN STEP	2026-04-04T14:32:47.4027068Z (Reading database ... 80%
General & Infrastructure	UNKNOWN STEP	2026-04-04T14:32:47.4027306Z (Reading database ... 85%
General & Infrastructure	UNKNOWN STEP	2026-04-04T14:32:47.4027534Z (Reading database ... 90%
General & Infrastructure	UNKNOWN STEP	2026-04-04T14:32:47.4027765Z (Reading database ... 95%
General & Infrastructure	UNKNOWN STEP	2026-04-04T14:32:47.4027992Z (Reading database ... 100%
General & Infrastructure	UNKNOWN STEP	2026-04-04T14:32:47.4028356Z (Reading database ... 6673 files and directories currently installed.)
General & Infrastructure	UNKNOWN STEP	2026-04-04T14:32:47.4028911Z #7 2.544 Preparing to unpack .../00-perl-modules-5.32_5.32.1-4+deb11u4_all.deb ...
General & Infrastructure	UNKNOWN STEP	2026-04-04T14:32:47.4029417Z #7 2.545 Unpacking perl-modules-5.32 (5.32.1-4+deb11u4) ...
General & Infrastructure	UNKNOWN STEP	2026-04-04T14:32:47.5664640Z #7 2.860 Selecting previously unselected package libgdbm6:amd64.
General & Infrastructure	UNKNOWN STEP	2026-04-04T14:32:47.7580686Z #7 2.862 Preparing to unpack .../01-libgdbm6_1.19-2_amd64.deb ...
General & Infrastructure	UNKNOWN STEP	2026-04-04T14:32:47.7581161Z #7 2.864 Unpacking libgdbm6:amd64 (1.19-2) ...
General & Infrastructure	UNKNOWN STEP	2026-04-04T14:32:47.7581596Z #7 2.880 Selecting previously unselected package libgdbm-compat4:amd64.
General & Infrastructure	UNKNOWN STEP	2026-04-04T14:32:47.7582131Z #7 2.882 Preparing to unpack .../02-libgdbm-compat4_1.19-2_amd64.deb ...
General & Infrastructure	UNKNOWN STEP	2026-04-04T14:32:47.7582616Z #7 2.883 Unpacking libgdbm-compat4:amd64 (1.19-2) ...
General & Infrastructure	UNKNOWN STEP	2026-04-04T14:32:47.7583182Z #7 2.899 Selecting previously unselected package libperl5.32:amd64.
General & Infrastructure	UNKNOWN STEP	2026-04-04T14:32:47.7583687Z #7 2.900 Preparing to unpack .../03-libperl5.32_5.32.1-4+deb11u4_amd64.deb ...
General & Infrastructure	UNKNOWN STEP	2026-04-04T14:32:47.7584509Z #7 2.901 Unpacking libperl5.32:amd64 (5.32.1-4+deb11u4) ...
General & Infrastructure	UNKNOWN STEP	2026-04-04T14:32:47.9753181Z #7 3.269 Selecting previously unselected package perl.
General & Infrastructure	UNKNOWN STEP	2026-04-04T14:32:48.0822042Z #7 3.271 Preparing to unpack .../04-perl_5.32.1-4+deb11u4_amd64.deb ...
General & Infrastructure	UNKNOWN STEP	2026-04-04T14:32:48.0823333Z #7 3.276 Unpacking perl (5.32.1-4+deb11u4) ...
General & Infrastructure	UNKNOWN STEP	2026-04-04T14:32:48.0824288Z #7 3.307 Selecting previously unselected package openssl.
General & Infrastructure	UNKNOWN STEP	2026-04-04T14:32:48.0825068Z #7 3.309 Preparing to unpack .../05-openssl_1.1.1w-0+deb11u5_amd64.deb ...
General & Infrastructure	UNKNOWN STEP	2026-04-04T14:32:48.0825768Z #7 3.310 Unpacking openssl (1.1.1w-0+deb11u5) ...
General & Infrastructure	UNKNOWN STEP	2026-04-04T14:32:48.0826440Z #7 3.376 Selecting previously unselected package ca-certificates.
General & Infrastructure	UNKNOWN STEP	2026-04-04T14:32:48.2029198Z #7 3.378 Preparing to unpack .../06-ca-certificates_20230311+deb12u1~deb11u1_all.deb ...
General & Infrastructure	UNKNOWN STEP	2026-04-04T14:32:48.2029783Z #7 3.379 Unpacking ca-certificates (20230311+deb12u1~deb11u1) ...
General & Infrastructure	UNKNOWN STEP	2026-04-04T14:32:48.2030172Z #7 3.416 Selecting previously unselected package libpsl5:amd64.
General & Infrastructure	UNKNOWN STEP	2026-04-04T14:32:48.2030574Z #7 3.417 Preparing to unpack .../07-libpsl5_0.21.0-1.2_amd64.deb ...
General & Infrastructure	UNKNOWN STEP	2026-04-04T14:32:48.2030913Z #7 3.418 Unpacking libpsl5:amd64 (0.21.0-1.2) ...
General & Infrastructure	UNKNOWN STEP	2026-04-04T14:32:48.2031244Z #7 3.433 Selecting previously unselected package wget.
General & Infrastructure	UNKNOWN STEP	2026-04-04T14:32:48.2031602Z #7 3.435 Preparing to unpack .../08-wget_1.21-1+deb11u2_amd64.deb ...
General & Infrastructure	UNKNOWN STEP	2026-04-04T14:32:48.2032111Z #7 3.436 Unpacking wget (1.21-1+deb11u2) ...
General & Infrastructure	UNKNOWN STEP	2026-04-04T14:32:48.2032436Z #7 3.497 Selecting previously unselected package libbrotli1:amd64.
General & Infrastructure	UNKNOWN STEP	2026-04-04T14:32:48.3045857Z #7 3.499 Preparing to unpack .../09-libbrotli1_1.0.9-2+b2_amd64.deb ...
General & Infrastructure	UNKNOWN STEP	2026-04-04T14:32:48.3046464Z #7 3.500 Unpacking libbrotli1:amd64 (1.0.9-2+b2) ...
General & Infrastructure	UNKNOWN STEP	2026-04-04T14:32:48.3046896Z #7 3.529 Selecting previously unselected package libsasl2-modules-db:amd64.
General & Infrastructure	UNKNOWN STEP	2026-04-04T14:32:48.3047463Z #7 3.531 Preparing to unpack .../10-libsasl2-modules-db_2.1.27+dfsg-2.1+deb11u1_amd64.deb ...
General & Infrastructure	UNKNOWN STEP	2026-04-04T14:32:48.3047989Z #7 3.532 Unpacking libsasl2-modules-db:amd64 (2.1.27+dfsg-2.1+deb11u1) ...
General & Infrastructure	UNKNOWN STEP	2026-04-04T14:32:48.3048429Z #7 3.548 Selecting previously unselected package libsasl2-2:amd64.
General & Infrastructure	UNKNOWN STEP	2026-04-04T14:32:48.3048873Z #7 3.550 Preparing to unpack .../11-libsasl2-2_2.1.27+dfsg-2.1+deb11u1_amd64.deb ...
General & Infrastructure	UNKNOWN STEP	2026-04-04T14:32:48.3049313Z #7 3.551 Unpacking libsasl2-2:amd64 (2.1.27+dfsg-2.1+deb11u1) ...
General & Infrastructure	UNKNOWN STEP	2026-04-04T14:32:48.3049718Z #7 3.569 Selecting previously unselected package libldap-2.4-2:amd64.
General & Infrastructure	UNKNOWN STEP	2026-04-04T14:32:48.3050169Z #7 3.571 Preparing to unpack .../12-libldap-2.4-2_2.4.57+dfsg-3+deb11u1_amd64.deb ...
General & Infrastructure	UNKNOWN STEP	2026-04-04T14:32:48.3050598Z #7 3.572 Unpacking libldap-2.4-2:amd64 (2.4.57+dfsg-3+deb11u1) ...
General & Infrastructure	UNKNOWN STEP	2026-04-04T14:32:48.3050993Z #7 3.598 Selecting previously unselected package libnghttp2-14:amd64.
General & Infrastructure	UNKNOWN STEP	2026-04-04T14:32:48.4046705Z #7 3.600 Preparing to unpack .../13-libnghttp2-14_1.43.0-1+deb11u2_amd64.deb ...
General & Infrastructure	UNKNOWN STEP	2026-04-04T14:32:48.4049288Z #7 3.601 Unpacking libnghttp2-14:amd64 (1.43.0-1+deb11u2) ...
General & Infrastructure	UNKNOWN STEP	2026-04-04T14:32:48.4049982Z #7 3.618 Selecting previously unselected package librtmp1:amd64.
General & Infrastructure	UNKNOWN STEP	2026-04-04T14:32:48.4050525Z #7 3.620 Preparing to unpack .../14-librtmp1_2.4+20151223.gitfa8646d.1-2+b2_amd64.deb ...
General & Infrastructure	UNKNOWN STEP	2026-04-04T14:32:48.4051014Z #7 3.621 Unpacking librtmp1:amd64 (2.4+20151223.gitfa8646d.1-2+b2) ...
General & Infrastructure	UNKNOWN STEP	2026-04-04T14:32:48.4051439Z #7 3.636 Selecting previously unselected package libssh2-1:amd64.
General & Infrastructure	UNKNOWN STEP	2026-04-04T14:32:48.4051882Z #7 3.638 Preparing to unpack .../15-libssh2-1_1.9.0-2+deb11u1_amd64.deb ...
General & Infrastructure	UNKNOWN STEP	2026-04-04T14:32:48.4052388Z #7 3.639 Unpacking libssh2-1:amd64 (1.9.0-2+deb11u1) ...
General & Infrastructure	UNKNOWN STEP	2026-04-04T14:32:48.4052780Z #7 3.661 Selecting previously unselected package libcurl3-gnutls:amd64.
General & Infrastructure	UNKNOWN STEP	2026-04-04T14:32:48.4053367Z #7 3.662 Preparing to unpack .../16-libcurl3-gnutls_7.74.0-1.3+deb11u16_amd64.deb ...
General & Infrastructure	UNKNOWN STEP	2026-04-04T14:32:48.4054342Z #7 3.663 Unpacking libcurl3-gnutls:amd64 (7.74.0-1.3+deb11u16) ...
General & Infrastructure	UNKNOWN STEP	2026-04-04T14:32:48.4055048Z #7 3.697 Selecting previously unselected package libexpat1:amd64.
General & Infrastructure	UNKNOWN STEP	2026-04-04T14:32:48.4055909Z #7 3.699 Preparing to unpack .../17-libexpat1_2.2.10-2+deb11u7_amd64.deb ...
General & Infrastructure	UNKNOWN STEP	2026-04-04T14:32:48.5222005Z #7 3.700 Unpacking libexpat1:amd64 (2.2.10-2+deb11u7) ...
General & Infrastructure	UNKNOWN STEP	2026-04-04T14:32:48.5222520Z #7 3.718 Selecting previously unselected package liberror-perl.
General & Infrastructure	UNKNOWN STEP	2026-04-04T14:32:48.5223084Z #7 3.720 Preparing to unpack .../18-liberror-perl_0.17029-1_all.deb ...
General & Infrastructure	UNKNOWN STEP	2026-04-04T14:32:48.5223489Z #7 3.721 Unpacking liberror-perl (0.17029-1) ...
General & Infrastructure	UNKNOWN STEP	2026-04-04T14:32:48.5224191Z #7 3.733 Selecting previously unselected package git-man.
General & Infrastructure	UNKNOWN STEP	2026-04-04T14:32:48.5224605Z #7 3.735 Preparing to unpack .../19-git-man_1%3a2.30.2-1+deb11u5_all.deb ...
General & Infrastructure	UNKNOWN STEP	2026-04-04T14:32:48.5225001Z #7 3.736 Unpacking git-man (1:2.30.2-1+deb11u5) ...
General & Infrastructure	UNKNOWN STEP	2026-04-04T14:32:48.5225314Z #7 3.816 Selecting previously unselected package git.
General & Infrastructure	UNKNOWN STEP	2026-04-04T14:32:48.6874726Z #7 3.818 Preparing to unpack .../20-git_1%3a2.30.2-1+deb11u5_amd64.deb ...
General & Infrastructure	UNKNOWN STEP	2026-04-04T14:32:48.6875642Z #7 3.831 Unpacking git (1:2.30.2-1+deb11u5) ...
General & Infrastructure	UNKNOWN STEP	2026-04-04T14:32:48.9445714Z #7 4.238 Setting up libexpat1:amd64 (2.2.10-2+deb11u7) ...
General & Infrastructure	UNKNOWN STEP	2026-04-04T14:32:49.0475610Z #7 4.242 Setting up libpsl5:amd64 (0.21.0-1.2) ...
General & Infrastructure	UNKNOWN STEP	2026-04-04T14:32:49.0476202Z #7 4.245 Setting up wget (1.21-1+deb11u2) ...
General & Infrastructure	UNKNOWN STEP	2026-04-04T14:32:49.0476554Z #7 4.248 Setting up perl-modules-5.32 (5.32.1-4+deb11u4) ...
General & Infrastructure	UNKNOWN STEP	2026-04-04T14:32:49.0476913Z #7 4.250 Setting up libbrotli1:amd64 (1.0.9-2+b2) ...
General & Infrastructure	UNKNOWN STEP	2026-04-04T14:32:49.0477933Z #7 4.252 Setting up libnghttp2-14:amd64 (1.43.0-1+deb11u2) ...
General & Infrastructure	UNKNOWN STEP	2026-04-04T14:32:49.0478553Z #7 4.255 Setting up libsasl2-modules-db:amd64 (2.1.27+dfsg-2.1+deb11u1) ...
General & Infrastructure	UNKNOWN STEP	2026-04-04T14:32:49.0479233Z #7 4.257 Setting up librtmp1:amd64 (2.4+20151223.gitfa8646d.1-2+b2) ...
General & Infrastructure	UNKNOWN STEP	2026-04-04T14:32:49.0479864Z #7 4.260 Setting up libsasl2-2:amd64 (2.1.27+dfsg-2.1+deb11u1) ...
General & Infrastructure	UNKNOWN STEP	2026-04-04T14:32:49.0480404Z #7 4.262 Setting up git-man (1:2.30.2-1+deb11u5) ...
General & Infrastructure	UNKNOWN STEP	2026-04-04T14:32:49.0480828Z #7 4.264 Setting up libssh2-1:amd64 (1.9.0-2+deb11u1) ...
General & Infrastructure	UNKNOWN STEP	2026-04-04T14:32:49.0481157Z #7 4.266 Setting up openssl (1.1.1w-0+deb11u5) ...
General & Infrastructure	UNKNOWN STEP	2026-04-04T14:32:49.0481455Z #7 4.270 Setting up libgdbm6:amd64 (1.19-2) ...
General & Infrastructure	UNKNOWN STEP	2026-04-04T14:32:49.0481801Z #7 4.273 Setting up libldap-2.4-2:amd64 (2.4.57+dfsg-3+deb11u1) ...
General & Infrastructure	UNKNOWN STEP	2026-04-04T14:32:49.0482198Z #7 4.275 Setting up libcurl3-gnutls:amd64 (7.74.0-1.3+deb11u16) ...
General & Infrastructure	UNKNOWN STEP	2026-04-04T14:32:49.0482597Z #7 4.278 Setting up ca-certificates (20230311+deb12u1~deb11u1) ...
General & Infrastructure	UNKNOWN STEP	2026-04-04T14:32:49.0482976Z #7 4.341 debconf: unable to initialize frontend: Dialog
General & Infrastructure	UNKNOWN STEP	2026-04-04T14:32:49.0483358Z #7 4.341 debconf: (TERM is not set, so the dialog frontend is not usable.)
General & Infrastructure	UNKNOWN STEP	2026-04-04T14:32:49.0483928Z #7 4.341 debconf: falling back to frontend: Readline
General & Infrastructure	UNKNOWN STEP	2026-04-04T14:32:49.4031750Z #7 4.697 Updating certificates in /etc/ssl/certs...
General & Infrastructure	UNKNOWN STEP	2026-04-04T14:32:49.9066547Z #7 5.200 142 added, 0 removed; done.
General & Infrastructure	UNKNOWN STEP	2026-04-04T14:32:50.1152597Z #7 5.214 Setting up libgdbm-compat4:amd64 (1.19-2) ...
General & Infrastructure	UNKNOWN STEP	2026-04-04T14:32:50.1153140Z #7 5.216 Setting up libperl5.32:amd64 (5.32.1-4+deb11u4) ...
General & Infrastructure	UNKNOWN STEP	2026-04-04T14:32:50.1153487Z #7 5.219 Setting up perl (5.32.1-4+deb11u4) ...
General & Infrastructure	UNKNOWN STEP	2026-04-04T14:32:50.1154135Z #7 5.227 Setting up liberror-perl (0.17029-1) ...
General & Infrastructure	UNKNOWN STEP	2026-04-04T14:32:50.1154485Z #7 5.229 Setting up git (1:2.30.2-1+deb11u5) ...
General & Infrastructure	UNKNOWN STEP	2026-04-04T14:32:50.1154826Z #7 5.246 Processing triggers for libc-bin (2.31-13+deb11u13) ...
General & Infrastructure	UNKNOWN STEP	2026-04-04T14:32:50.1155263Z #7 5.255 Processing triggers for ca-certificates (20230311+deb12u1~deb11u1) ...
General & Infrastructure	UNKNOWN STEP	2026-04-04T14:32:50.1155687Z #7 5.259 Updating certificates in /etc/ssl/certs...
General & Infrastructure	UNKNOWN STEP	2026-04-04T14:32:50.3751653Z #7 5.669 0 added, 0 removed; done.
General & Infrastructure	UNKNOWN STEP	2026-04-04T14:32:50.3753317Z #7 5.669 Running hooks in /etc/ca-certificates/update.d...
General & Infrastructure	UNKNOWN STEP	2026-04-04T14:32:50.5267151Z #7 5.670 done.
General & Infrastructure	UNKNOWN STEP	2026-04-04T14:32:50.5875919Z #7 DONE 5.9s
General & Infrastructure	UNKNOWN STEP	2026-04-04T14:32:50.7316404Z 
General & Infrastructure	UNKNOWN STEP	2026-04-04T14:32:50.7317909Z #8 [3/5] RUN wget -O - -q https://raw.githubusercontent.com/reviewdog/reviewdog/fd59714416d6d9a1c0692d872e38e7f8448df4fc/install.sh| sh -s -- -b /usr/local/bin/ v0.21.0
General & Infrastructure	UNKNOWN STEP	2026-04-04T14:32:50.7319342Z #8 0.144 reviewdog/reviewdog info checking GitHub for tag 'v0.21.0'
General & Infrastructure	UNKNOWN STEP	2026-04-04T14:32:50.8732652Z #8 0.286 reviewdog/reviewdog info found version: 0.21.0 for v0.21.0/Linux/x86_64
General & Infrastructure	UNKNOWN STEP	2026-04-04T14:32:51.3105357Z #8 0.723 reviewdog/reviewdog info installed /usr/local/bin//reviewdog
General & Infrastructure	UNKNOWN STEP	2026-04-04T14:32:51.4706157Z #8 DONE 0.7s
General & Infrastructure	UNKNOWN STEP	2026-04-04T14:32:51.4706407Z 
General & Infrastructure	UNKNOWN STEP	2026-04-04T14:32:51.4707182Z #9 [4/5] RUN wget -O - -q https://raw.githubusercontent.com/golangci/misspell/master/install-misspell.sh | sh -s -- -b /usr/local/bin/
General & Infrastructure	UNKNOWN STEP	2026-04-04T14:32:51.4708347Z #9 0.148 golangci/misspell info checking GitHub for latest tag
General & Infrastructure	UNKNOWN STEP	2026-04-04T14:32:51.8449973Z #9 0.522 golangci/misspell info found version: 0.8.0 for v0.8.0/linux/amd64
General & Infrastructure	UNKNOWN STEP	2026-04-04T14:32:52.3437902Z #9 1.021 golangci/misspell info installed /usr/local/bin//misspell
General & Infrastructure	UNKNOWN STEP	2026-04-04T14:32:52.5220411Z #9 DONE 1.0s
General & Infrastructure	UNKNOWN STEP	2026-04-04T14:32:52.5220659Z 
General & Infrastructure	UNKNOWN STEP	2026-04-04T14:32:52.5220834Z #10 [5/5] COPY entrypoint.sh /entrypoint.sh
General & Infrastructure	UNKNOWN STEP	2026-04-04T14:32:52.5222005Z #10 DONE 0.0s
General & Infrastructure	UNKNOWN STEP	2026-04-04T14:32:52.5222228Z 
General & Infrastructure	UNKNOWN STEP	2026-04-04T14:32:52.5222356Z #11 exporting to image
General & Infrastructure	UNKNOWN STEP	2026-04-04T14:32:52.5222714Z #11 exporting layers
General & Infrastructure	UNKNOWN STEP	2026-04-04T14:32:53.0456976Z #11 exporting layers 0.7s done
General & Infrastructure	UNKNOWN STEP	2026-04-04T14:32:53.0615513Z #11 writing image sha256:070c610ebbffb1e57a7aaf7b6f09c22b4efa50c77bfc9263fbcc66a4352c2440 done
General & Infrastructure	UNKNOWN STEP	2026-04-04T14:32:53.0616798Z #11 naming to docker.io/library/91f93f:d71cde6d33dd49028444c1134d18929e done
General & Infrastructure	UNKNOWN STEP	2026-04-04T14:32:53.0617524Z #11 DONE 0.7s
General & Infrastructure	UNKNOWN STEP	2026-04-04T14:32:53.0662644Z ##[endgroup]
General & Infrastructure	UNKNOWN STEP	2026-04-04T14:32:53.0934350Z ##[group]Run actions/checkout@v4
General & Infrastructure	UNKNOWN STEP	2026-04-04T14:32:53.0934930Z with:
General & Infrastructure	UNKNOWN STEP	2026-04-04T14:32:53.0935106Z   fetch-depth: 0
General & Infrastructure	UNKNOWN STEP	2026-04-04T14:32:53.0935315Z   repository: fkcurrie/utba-swarmmap
General & Infrastructure	UNKNOWN STEP	2026-04-04T14:32:53.0935705Z   token: ***
General & Infrastructure	UNKNOWN STEP	2026-04-04T14:32:53.0935891Z   ssh-strict: true
General & Infrastructure	UNKNOWN STEP	2026-04-04T14:32:53.0936065Z   ssh-user: git
General & Infrastructure	UNKNOWN STEP	2026-04-04T14:32:53.0936251Z   persist-credentials: true
General & Infrastructure	UNKNOWN STEP	2026-04-04T14:32:53.0936464Z   clean: true
General & Infrastructure	UNKNOWN STEP	2026-04-04T14:32:53.0936651Z   sparse-checkout-cone-mode: true
General & Infrastructure	UNKNOWN STEP	2026-04-04T14:32:53.0936878Z   fetch-tags: false
General & Infrastructure	UNKNOWN STEP	2026-04-04T14:32:53.0937055Z   show-progress: true
General & Infrastructure	UNKNOWN STEP	2026-04-04T14:32:53.0937235Z   lfs: false
General & Infrastructure	UNKNOWN STEP	2026-04-04T14:32:53.0937391Z   submodules: false
General & Infrastructure	UNKNOWN STEP	2026-04-04T14:32:53.0937572Z   set-safe-directory: true
General & Infrastructure	UNKNOWN STEP	2026-04-04T14:32:53.0937951Z ##[endgroup]
General & Infrastructure	UNKNOWN STEP	2026-04-04T14:32:53.2011431Z Syncing repository: fkcurrie/utba-swarmmap
General & Infrastructure	UNKNOWN STEP	2026-04-04T14:32:53.2012756Z ##[group]Getting Git version info
General & Infrastructure	UNKNOWN STEP	2026-04-04T14:32:53.2013219Z Working directory is '/home/runner/work/utba-swarmmap/utba-swarmmap'
General & Infrastructure	UNKNOWN STEP	2026-04-04T14:32:53.2014102Z [command]/usr/bin/git version
General & Infrastructure	UNKNOWN STEP	2026-04-04T14:32:53.2036524Z git version 2.53.0
General & Infrastructure	UNKNOWN STEP	2026-04-04T14:32:53.2062198Z ##[endgroup]
General & Infrastructure	UNKNOWN STEP	2026-04-04T14:32:53.2076290Z Temporarily overriding HOME='/home/runner/work/_temp/04ef3dcc-9c6e-45f6-b894-a820079ac57e' before making global git config changes
General & Infrastructure	UNKNOWN STEP	2026-04-04T14:32:53.2077691Z Adding repository directory to the temporary git global config as a safe directory
General & Infrastructure	UNKNOWN STEP	2026-04-04T14:32:53.2081726Z [command]/usr/bin/git config --global --add safe.directory /home/runner/work/utba-swarmmap/utba-swarmmap
General & Infrastructure	UNKNOWN STEP	2026-04-04T14:32:53.2113622Z Deleting the contents of '/home/runner/work/utba-swarmmap/utba-swarmmap'
General & Infrastructure	UNKNOWN STEP	2026-04-04T14:32:53.2117392Z ##[group]Initializing the repository
General & Infrastructure	UNKNOWN STEP	2026-04-04T14:32:53.2121316Z [command]/usr/bin/git init /home/runner/work/utba-swarmmap/utba-swarmmap
General & Infrastructure	UNKNOWN STEP	2026-04-04T14:32:53.2219686Z hint: Using 'master' as the name for the initial branch. This default branch name
General & Infrastructure	UNKNOWN STEP	2026-04-04T14:32:53.2220667Z hint: will change to "main" in Git 3.0. To configure the initial branch name
General & Infrastructure	UNKNOWN STEP	2026-04-04T14:32:53.2221549Z hint: to use in all of your new repositories, which will suppress this warning,
General & Infrastructure	UNKNOWN STEP	2026-04-04T14:32:53.2222189Z hint: call:
General & Infrastructure	UNKNOWN STEP	2026-04-04T14:32:53.2222379Z hint:
General & Infrastructure	UNKNOWN STEP	2026-04-04T14:32:53.2222620Z hint: 	git config --global init.defaultBranch <name>
General & Infrastructure	UNKNOWN STEP	2026-04-04T14:32:53.2222927Z hint:
General & Infrastructure	UNKNOWN STEP	2026-04-04T14:32:53.2223213Z hint: Names commonly chosen instead of 'master' are 'main', 'trunk' and
General & Infrastructure	UNKNOWN STEP	2026-04-04T14:32:53.2223734Z hint: 'development'. The just-created branch can be renamed via this command:
General & Infrastructure	UNKNOWN STEP	2026-04-04T14:32:53.2224648Z hint:
General & Infrastructure	UNKNOWN STEP	2026-04-04T14:32:53.2224847Z hint: 	git branch -m <name>
General & Infrastructure	UNKNOWN STEP	2026-04-04T14:32:53.2225067Z hint:
General & Infrastructure	UNKNOWN STEP	2026-04-04T14:32:53.2225362Z hint: Disable this message with "git config set advice.defaultBranchName false"
General & Infrastructure	UNKNOWN STEP	2026-04-04T14:32:53.2225916Z Initialized empty Git repository in /home/runner/work/utba-swarmmap/utba-swarmmap/.git/
General & Infrastructure	UNKNOWN STEP	2026-04-04T14:32:53.2233072Z [command]/usr/bin/git remote add origin https://github.com/fkcurrie/utba-swarmmap
General & Infrastructure	UNKNOWN STEP	2026-04-04T14:32:53.2277394Z ##[endgroup]
General & Infrastructure	UNKNOWN STEP	2026-04-04T14:32:53.2277995Z ##[group]Disabling automatic garbage collection
General & Infrastructure	UNKNOWN STEP	2026-04-04T14:32:53.2278844Z [command]/usr/bin/git config --local gc.auto 0
General & Infrastructure	UNKNOWN STEP	2026-04-04T14:32:53.2296878Z ##[endgroup]
General & Infrastructure	UNKNOWN STEP	2026-04-04T14:32:53.2297454Z ##[group]Setting up auth
General & Infrastructure	UNKNOWN STEP	2026-04-04T14:32:53.2304701Z [command]/usr/bin/git config --local --name-only --get-regexp core\.sshCommand
General & Infrastructure	UNKNOWN STEP	2026-04-04T14:32:53.2335479Z [command]/usr/bin/git submodule foreach --recursive sh -c "git config --local --name-only --get-regexp 'core\.sshCommand' && git config --local --unset-all 'core.sshCommand' || :"
General & Infrastructure	UNKNOWN STEP	2026-04-04T14:32:53.2711165Z [command]/usr/bin/git config --local --name-only --get-regexp http\.https\:\/\/github\.com\/\.extraheader
General & Infrastructure	UNKNOWN STEP	2026-04-04T14:32:53.2740417Z [command]/usr/bin/git submodule foreach --recursive sh -c "git config --local --name-only --get-regexp 'http\.https\:\/\/github\.com\/\.extraheader' && git config --local --unset-all 'http.https://github.com/.extraheader' || :"
General & Infrastructure	UNKNOWN STEP	2026-04-04T14:32:53.2959923Z [command]/usr/bin/git config --local --name-only --get-regexp ^includeIf\.gitdir:
General & Infrastructure	UNKNOWN STEP	2026-04-04T14:32:53.2988615Z [command]/usr/bin/git submodule foreach --recursive git config --local --show-origin --name-only --get-regexp remote.origin.url
General & Infrastructure	UNKNOWN STEP	2026-04-04T14:32:53.3204963Z [command]/usr/bin/git config --local http.https://github.com/.extraheader AUTHORIZATION: basic ***
General & Infrastructure	UNKNOWN STEP	2026-04-04T14:32:53.3237337Z ##[endgroup]
General & Infrastructure	UNKNOWN STEP	2026-04-04T14:32:53.3237969Z ##[group]Fetching the repository
General & Infrastructure	UNKNOWN STEP	2026-04-04T14:32:53.3247081Z [command]/usr/bin/git -c protocol.version=2 fetch --prune --no-recurse-submodules origin +refs/heads/*:refs/remotes/origin/* +refs/tags/*:refs/tags/* +85ae365b131102100ec9074b2a739d10e250120d:refs/remotes/pull/11/merge
General & Infrastructure	UNKNOWN STEP	2026-04-04T14:32:53.7453710Z From https://github.com/fkcurrie/utba-swarmmap
General & Infrastructure	UNKNOWN STEP	2026-04-04T14:32:53.7454823Z  * [new branch]      issue-10-qMX0                            -> origin/issue-10-qMX0
General & Infrastructure	UNKNOWN STEP	2026-04-04T14:32:53.7455358Z  * [new branch]      main                                     -> origin/main
General & Infrastructure	UNKNOWN STEP	2026-04-04T14:32:53.7455847Z  * [new tag]         v0.5                                     -> v0.5
General & Infrastructure	UNKNOWN STEP	2026-04-04T14:32:53.7456282Z  * [new tag]         v0.5-alpha                               -> v0.5-alpha
General & Infrastructure	UNKNOWN STEP	2026-04-04T14:32:53.7456758Z  * [new ref]         85ae365b131102100ec9074b2a739d10e250120d -> pull/11/merge
General & Infrastructure	UNKNOWN STEP	2026-04-04T14:32:53.7491011Z ##[endgroup]
General & Infrastructure	UNKNOWN STEP	2026-04-04T14:32:53.7491563Z ##[group]Determining the checkout info
General & Infrastructure	UNKNOWN STEP	2026-04-04T14:32:53.7492489Z ##[endgroup]
General & Infrastructure	UNKNOWN STEP	2026-04-04T14:32:53.7497725Z [command]/usr/bin/git sparse-checkout disable
General & Infrastructure	UNKNOWN STEP	2026-04-04T14:32:53.7532866Z [command]/usr/bin/git config --local --unset-all extensions.worktreeConfig
General & Infrastructure	UNKNOWN STEP	2026-04-04T14:32:53.7557365Z ##[group]Checking out the ref
General & Infrastructure	UNKNOWN STEP	2026-04-04T14:32:53.7561672Z [command]/usr/bin/git checkout --progress --force refs/remotes/pull/11/merge
General & Infrastructure	UNKNOWN STEP	2026-04-04T14:32:53.7790358Z Note: switching to 'refs/remotes/pull/11/merge'.
General & Infrastructure	UNKNOWN STEP	2026-04-04T14:32:53.7791924Z 
General & Infrastructure	UNKNOWN STEP	2026-04-04T14:32:53.7792768Z You are in 'detached HEAD' state. You can look around, make experimental
General & Infrastructure	UNKNOWN STEP	2026-04-04T14:32:53.7794004Z changes and commit them, and you can discard any commits you make in this
General & Infrastructure	UNKNOWN STEP	2026-04-04T14:32:53.7794872Z state without impacting any branches by switching back to a branch.
General & Infrastructure	UNKNOWN STEP	2026-04-04T14:32:53.7795375Z 
General & Infrastructure	UNKNOWN STEP	2026-04-04T14:32:53.7795698Z If you want to create a new branch to retain commits you create, you may
General & Infrastructure	UNKNOWN STEP	2026-04-04T14:32:53.7796463Z do so (now or later) by using -c with the switch command. Example:
General & Infrastructure	UNKNOWN STEP	2026-04-04T14:32:53.7796890Z 
General & Infrastructure	UNKNOWN STEP	2026-04-04T14:32:53.7797047Z   git switch -c <new-branch-name>
General & Infrastructure	UNKNOWN STEP	2026-04-04T14:32:53.7797364Z 
General & Infrastructure	UNKNOWN STEP	2026-04-04T14:32:53.7797512Z Or undo this operation with:
General & Infrastructure	UNKNOWN STEP	2026-04-04T14:32:53.7797763Z 
General & Infrastructure	UNKNOWN STEP	2026-04-04T14:32:53.7797891Z   git switch -
General & Infrastructure	UNKNOWN STEP	2026-04-04T14:32:53.7798082Z 
General & Infrastructure	UNKNOWN STEP	2026-04-04T14:32:53.7798499Z Turn off this advice by setting config variable advice.detachedHead to false
General & Infrastructure	UNKNOWN STEP	2026-04-04T14:32:53.7799032Z 
General & Infrastructure	UNKNOWN STEP	2026-04-04T14:32:53.7799671Z HEAD is now at 85ae365 Merge 0097cd4ffafa18748fc4619adb149202274fdee5 into ce8c646a1e1a3155ecfdd83f5a8af5e375dad3a3
General & Infrastructure	UNKNOWN STEP	2026-04-04T14:32:53.7802822Z ##[endgroup]
General & Infrastructure	UNKNOWN STEP	2026-04-04T14:32:53.7844655Z [command]/usr/bin/git log -1 --format=%H
General & Infrastructure	UNKNOWN STEP	2026-04-04T14:32:53.7870245Z 85ae365b131102100ec9074b2a739d10e250120d
General & Infrastructure	UNKNOWN STEP	2026-04-04T14:32:53.8089697Z ##[group]Run actions/setup-node@v4
General & Infrastructure	UNKNOWN STEP	2026-04-04T14:32:53.8089976Z with:
General & Infrastructure	UNKNOWN STEP	2026-04-04T14:32:53.8090146Z   node-version: 20
General & Infrastructure	UNKNOWN STEP	2026-04-04T14:32:53.8090317Z   cache: npm
General & Infrastructure	UNKNOWN STEP	2026-04-04T14:32:53.8090489Z   always-auth: false
General & Infrastructure	UNKNOWN STEP	2026-04-04T14:32:53.8090677Z   check-latest: false
General & Infrastructure	UNKNOWN STEP	2026-04-04T14:32:53.8090967Z   token: ***
General & Infrastructure	UNKNOWN STEP	2026-04-04T14:32:53.8091142Z ##[endgroup]
General & Infrastructure	UNKNOWN STEP	2026-04-04T14:32:53.9847276Z Found in cache @ /opt/hostedtoolcache/node/20.20.2/x64
General & Infrastructure	UNKNOWN STEP	2026-04-04T14:32:53.9853585Z ##[group]Environment details
General & Infrastructure	UNKNOWN STEP	2026-04-04T14:32:54.3162705Z node: v20.20.2
General & Infrastructure	UNKNOWN STEP	2026-04-04T14:32:54.3162955Z npm: 10.8.2
General & Infrastructure	UNKNOWN STEP	2026-04-04T14:32:54.3163210Z yarn: 1.22.22
General & Infrastructure	UNKNOWN STEP	2026-04-04T14:32:54.3164893Z ##[endgroup]
General & Infrastructure	UNKNOWN STEP	2026-04-04T14:32:54.3184823Z [command]/opt/hostedtoolcache/node/20.20.2/x64/bin/npm config get cache
General & Infrastructure	UNKNOWN STEP	2026-04-04T14:32:54.4298843Z /home/runner/.npm
General & Infrastructure	UNKNOWN STEP	2026-04-04T14:32:54.5599868Z Cache hit for: node-cache-Linux-x64-npm-6c84bea60747005d4032d9ad1ac33a0328c1a7001d73c6f703872a43e2b231b4
General & Infrastructure	UNKNOWN STEP	2026-04-04T14:32:55.1779553Z Received 25319975 of 25319975 (100.0%), 48.0 MBs/sec
General & Infrastructure	UNKNOWN STEP	2026-04-04T14:32:55.1780466Z Cache Size: ~24 MB (25319975 B)
General & Infrastructure	UNKNOWN STEP	2026-04-04T14:32:55.1815768Z [command]/usr/bin/tar -xf /home/runner/work/_temp/53132134-7cc4-4553-b21f-055074a66cf9/cache.tzst -P -C /home/runner/work/utba-swarmmap/utba-swarmmap --use-compress-program unzstd
General & Infrastructure	UNKNOWN STEP	2026-04-04T14:32:55.2813115Z Cache restored successfully
General & Infrastructure	UNKNOWN STEP	2026-04-04T14:32:55.2830664Z Cache restored from key: node-cache-Linux-x64-npm-6c84bea60747005d4032d9ad1ac33a0328c1a7001d73c6f703872a43e2b231b4
General & Infrastructure	UNKNOWN STEP	2026-04-04T14:32:55.3008112Z ##[group]Run actions/setup-go@v5
General & Infrastructure	UNKNOWN STEP	2026-04-04T14:32:55.3008364Z with:
General & Infrastructure	UNKNOWN STEP	2026-04-04T14:32:55.3008527Z   go-version: 1.22
General & Infrastructure	UNKNOWN STEP	2026-04-04T14:32:55.3008721Z   check-latest: false
General & Infrastructure	UNKNOWN STEP	2026-04-04T14:32:55.3009020Z   token: ***
General & Infrastructure	UNKNOWN STEP	2026-04-04T14:32:55.3009188Z   cache: true
General & Infrastructure	UNKNOWN STEP	2026-04-04T14:32:55.3009364Z ##[endgroup]
General & Infrastructure	UNKNOWN STEP	2026-04-04T14:32:55.4627202Z Setup go version spec 1.22
General & Infrastructure	UNKNOWN STEP	2026-04-04T14:32:55.4692639Z Found in cache @ /opt/hostedtoolcache/go/1.22.12/x64
General & Infrastructure	UNKNOWN STEP	2026-04-04T14:32:55.4693288Z Added go to the path
General & Infrastructure	UNKNOWN STEP	2026-04-04T14:32:55.4697605Z Successfully set up Go version 1.22
General & Infrastructure	UNKNOWN STEP	2026-04-04T14:32:55.6780898Z [command]/opt/hostedtoolcache/go/1.22.12/x64/bin/go env GOMODCACHE
General & Infrastructure	UNKNOWN STEP	2026-04-04T14:32:55.6816347Z [command]/opt/hostedtoolcache/go/1.22.12/x64/bin/go env GOCACHE
General & Infrastructure	UNKNOWN STEP	2026-04-04T14:32:55.6841284Z /home/runner/go/pkg/mod
General & Infrastructure	UNKNOWN STEP	2026-04-04T14:32:55.6870119Z /home/runner/.cache/go-build
General & Infrastructure	UNKNOWN STEP	2026-04-04T14:32:55.6898792Z ##[warning]Restore cache failed: Dependencies file is not found in /home/runner/work/utba-swarmmap/utba-swarmmap. Supported file pattern: go.sum
General & Infrastructure	UNKNOWN STEP	2026-04-04T14:32:55.6909479Z go version go1.22.12 linux/amd64
General & Infrastructure	UNKNOWN STEP	2026-04-04T14:32:55.6909685Z 
General & Infrastructure	UNKNOWN STEP	2026-04-04T14:32:55.6909938Z ##[group]go env
General & Infrastructure	UNKNOWN STEP	2026-04-04T14:32:55.8127206Z GO111MODULE=''
General & Infrastructure	UNKNOWN STEP	2026-04-04T14:32:55.8127691Z GOARCH='amd64'
General & Infrastructure	UNKNOWN STEP	2026-04-04T14:32:55.8128028Z GOBIN=''
General & Infrastructure	UNKNOWN STEP	2026-04-04T14:32:55.8128447Z GOCACHE='/home/runner/.cache/go-build'
General & Infrastructure	UNKNOWN STEP	2026-04-04T14:32:55.8128998Z GOENV='/home/runner/.config/go/env'
General & Infrastructure	UNKNOWN STEP	2026-04-04T14:32:55.8129433Z GOEXE=''
General & Infrastructure	UNKNOWN STEP	2026-04-04T14:32:55.8129720Z GOEXPERIMENT=''
General & Infrastructure	UNKNOWN STEP	2026-04-04T14:32:55.8130041Z GOFLAGS=''
General & Infrastructure	UNKNOWN STEP	2026-04-04T14:32:55.8130517Z GOHOSTARCH='amd64'
General & Infrastructure	UNKNOWN STEP	2026-04-04T14:32:55.8130923Z GOHOSTOS='linux'
General & Infrastructure	UNKNOWN STEP	2026-04-04T14:32:55.8131250Z GOINSECURE=''
General & Infrastructure	UNKNOWN STEP	2026-04-04T14:32:55.8131736Z GOMODCACHE='/home/runner/go/pkg/mod'
General & Infrastructure	UNKNOWN STEP	2026-04-04T14:32:55.8132134Z GONOPROXY=''
General & Infrastructure	UNKNOWN STEP	2026-04-04T14:32:55.8132480Z GONOSUMDB=''
General & Infrastructure	UNKNOWN STEP	2026-04-04T14:32:55.8132803Z GOOS='linux'
General & Infrastructure	UNKNOWN STEP	2026-04-04T14:32:55.8133199Z GOPATH='/home/runner/go'
General & Infrastructure	UNKNOWN STEP	2026-04-04T14:32:55.8133597Z GOPRIVATE=''
General & Infrastructure	UNKNOWN STEP	2026-04-04T14:32:55.8134401Z GOPROXY='https://proxy.golang.org,direct'
General & Infrastructure	UNKNOWN STEP	2026-04-04T14:32:55.8135151Z GOROOT='/opt/hostedtoolcache/go/1.22.12/x64'
General & Infrastructure	UNKNOWN STEP	2026-04-04T14:32:55.8135762Z GOSUMDB='sum.golang.org'
General & Infrastructure	UNKNOWN STEP	2026-04-04T14:32:55.8136169Z GOTMPDIR=''
General & Infrastructure	UNKNOWN STEP	2026-04-04T14:32:55.8136553Z GOTOOLCHAIN='auto'
General & Infrastructure	UNKNOWN STEP	2026-04-04T14:32:55.8137314Z GOTOOLDIR='/opt/hostedtoolcache/go/1.22.12/x64/pkg/tool/linux_amd64'
General & Infrastructure	UNKNOWN STEP	2026-04-04T14:32:55.8137999Z GOVCS=''
General & Infrastructure	UNKNOWN STEP	2026-04-04T14:32:55.8138470Z GOVERSION='go1.22.12'
General & Infrastructure	UNKNOWN STEP	2026-04-04T14:32:55.8138903Z GCCGO='gccgo'
General & Infrastructure	UNKNOWN STEP	2026-04-04T14:32:55.8139256Z GOAMD64='v1'
General & Infrastructure	UNKNOWN STEP	2026-04-04T14:32:55.8139592Z AR='ar'
General & Infrastructure	UNKNOWN STEP	2026-04-04T14:32:55.8139901Z CC='gcc'
General & Infrastructure	UNKNOWN STEP	2026-04-04T14:32:55.8140190Z CXX='g++'
General & Infrastructure	UNKNOWN STEP	2026-04-04T14:32:55.8140525Z CGO_ENABLED='1'
General & Infrastructure	UNKNOWN STEP	2026-04-04T14:32:55.8140902Z GOMOD='/dev/null'
General & Infrastructure	UNKNOWN STEP	2026-04-04T14:32:55.8141256Z GOWORK=''
General & Infrastructure	UNKNOWN STEP	2026-04-04T14:32:55.8141620Z CGO_CFLAGS='-O2 -g'
General & Infrastructure	UNKNOWN STEP	2026-04-04T14:32:55.8142006Z CGO_CPPFLAGS=''
General & Infrastructure	UNKNOWN STEP	2026-04-04T14:32:55.8142405Z CGO_CXXFLAGS='-O2 -g'
General & Infrastructure	UNKNOWN STEP	2026-04-04T14:32:55.8142822Z CGO_FFLAGS='-O2 -g'
General & Infrastructure	UNKNOWN STEP	2026-04-04T14:32:55.8143219Z CGO_LDFLAGS='-O2 -g'
General & Infrastructure	UNKNOWN STEP	2026-04-04T14:32:55.8143637Z PKG_CONFIG='pkg-config'
General & Infrastructure	UNKNOWN STEP	2026-04-04T14:32:55.8145409Z GOGCCFLAGS='-fPIC -m64 -pthread -Wl,--no-gc-sections -fmessage-length=0 -ffile-prefix-map=/tmp/go-build1018819253=/tmp/go-build -gno-record-gcc-switches'
General & Infrastructure	UNKNOWN STEP	2026-04-04T14:32:55.8146483Z 
General & Infrastructure	UNKNOWN STEP	2026-04-04T14:32:55.8147000Z ##[endgroup]
General & Infrastructure	UNKNOWN STEP	2026-04-04T14:32:55.8244313Z ##[group]Run npm ci
General & Infrastructure	UNKNOWN STEP	2026-04-04T14:32:55.8244612Z [36;1mnpm ci[0m
General & Infrastructure	UNKNOWN STEP	2026-04-04T14:32:55.8281465Z shell: /usr/bin/bash -e {0}
General & Infrastructure	UNKNOWN STEP	2026-04-04T14:32:55.8281728Z ##[endgroup]
General & Infrastructure	UNKNOWN STEP	2026-04-04T14:32:58.1270959Z npm warn deprecated popper.js@1.16.1: You can find the new Popper v2 at @popperjs/core, this package is dedicated to the legacy v1
General & Infrastructure	UNKNOWN STEP	2026-04-04T14:32:58.7243974Z 
General & Infrastructure	UNKNOWN STEP	2026-04-04T14:32:58.7244923Z added 337 packages, and audited 338 packages in 3s
General & Infrastructure	UNKNOWN STEP	2026-04-04T14:32:58.7245516Z 
General & Infrastructure	UNKNOWN STEP	2026-04-04T14:32:58.7245793Z 116 packages are looking for funding
General & Infrastructure	UNKNOWN STEP	2026-04-04T14:32:58.7246271Z   run `npm fund` for details
General & Infrastructure	UNKNOWN STEP	2026-04-04T14:32:58.7256087Z 
General & Infrastructure	UNKNOWN STEP	2026-04-04T14:32:58.7256509Z found 0 vulnerabilities
General & Infrastructure	UNKNOWN STEP	2026-04-04T14:32:58.7519408Z ##[group]Run reviewdog/action-detect-secrets@v0
General & Infrastructure	UNKNOWN STEP	2026-04-04T14:32:58.7519733Z with:
General & Infrastructure	UNKNOWN STEP	2026-04-04T14:32:58.7520100Z   github_token: ***
General & Infrastructure	UNKNOWN STEP	2026-04-04T14:32:58.7520312Z   reporter: github-pr-review
General & Infrastructure	UNKNOWN STEP	2026-04-04T14:32:58.7520539Z   name: detect-secrets
General & Infrastructure	UNKNOWN STEP	2026-04-04T14:32:58.7520727Z   workdir: .
General & Infrastructure	UNKNOWN STEP	2026-04-04T14:32:58.7520890Z   filter_mode: added
General & Infrastructure	UNKNOWN STEP	2026-04-04T14:32:58.7521072Z   fail_level: none
General & Infrastructure	UNKNOWN STEP	2026-04-04T14:32:58.7521248Z   fail_on_error: false
General & Infrastructure	UNKNOWN STEP	2026-04-04T14:32:58.7521448Z   level: error
General & Infrastructure	UNKNOWN STEP	2026-04-04T14:32:58.7521715Z   detect_secrets_flags: --all-files --force-use-all-plugins
General & Infrastructure	UNKNOWN STEP	2026-04-04T14:32:58.7522022Z   skip_audited: false
General & Infrastructure	UNKNOWN STEP	2026-04-04T14:32:58.7522206Z   verbose: false
General & Infrastructure	UNKNOWN STEP	2026-04-04T14:32:58.7522374Z ##[endgroup]
General & Infrastructure	UNKNOWN STEP	2026-04-04T14:32:58.7619200Z ##[command]/usr/bin/docker run --name f93f4bf00e0d1ab8447fb8a6515ee24ba551_e24da8 --label 91f93f --workdir /github/workspace --rm -e "INPUT_GITHUB_TOKEN" -e "INPUT_REPORTER" -e "INPUT_NAME" -e "INPUT_WORKDIR" -e "INPUT_FILTER_MODE" -e "INPUT_FAIL_LEVEL" -e "INPUT_FAIL_ON_ERROR" -e "INPUT_LEVEL" -e "INPUT_REVIEWDOG_FLAGS" -e "INPUT_DETECT_SECRETS_FLAGS" -e "INPUT_BASELINE_PATH" -e "INPUT_SKIP_AUDITED" -e "INPUT_VERBOSE" -e "HOME" -e "GITHUB_JOB" -e "GITHUB_REF" -e "GITHUB_SHA" -e "GITHUB_REPOSITORY" -e "GITHUB_REPOSITORY_OWNER" -e "GITHUB_REPOSITORY_OWNER_ID" -e "GITHUB_RUN_ID" -e "GITHUB_RUN_NUMBER" -e "GITHUB_RETENTION_DAYS" -e "GITHUB_RUN_ATTEMPT" -e "GITHUB_ACTOR_ID" -e "GITHUB_ACTOR" -e "GITHUB_WORKFLOW" -e "GITHUB_HEAD_REF" -e "GITHUB_BASE_REF" -e "GITHUB_EVENT_NAME" -e "GITHUB_SERVER_URL" -e "GITHUB_API_URL" -e "GITHUB_GRAPHQL_URL" -e "GITHUB_REF_NAME" -e "GITHUB_REF_PROTECTED" -e "GITHUB_REF_TYPE" -e "GITHUB_WORKFLOW_REF" -e "GITHUB_WORKFLOW_SHA" -e "GITHUB_REPOSITORY_ID" -e "GITHUB_TRIGGERING_ACTOR" -e "GITHUB_WORKSPACE" -e "GITHUB_ACTION" -e "GITHUB_EVENT_PATH" -e "GITHUB_ACTION_REPOSITORY" -e "GITHUB_ACTION_REF" -e "GITHUB_PATH" -e "GITHUB_ENV" -e "GITHUB_STEP_SUMMARY" -e "GITHUB_STATE" -e "GITHUB_OUTPUT" -e "RUNNER_OS" -e "RUNNER_ARCH" -e "RUNNER_NAME" -e "RUNNER_ENVIRONMENT" -e "RUNNER_TOOL_CACHE" -e "RUNNER_TEMP" -e "RUNNER_WORKSPACE" -e "ACTIONS_RUNTIME_URL" -e "ACTIONS_RUNTIME_TOKEN" -e "ACTIONS_CACHE_URL" -e "ACTIONS_RESULTS_URL" -e "ACTIONS_ORCHESTRATION_ID" -e GITHUB_ACTIONS=true -e CI=true -v "/var/run/docker.sock":"/var/run/docker.sock" -v "/home/runner/work/_temp":"/github/runner_temp" -v "/home/runner/work/_temp/_github_home":"/github/home" -v "/home/runner/work/_temp/_github_workflow":"/github/workflow" -v "/home/runner/work/_temp/_runner_file_commands":"/github/file_commands" -v "/home/runner/work/utba-swarmmap/utba-swarmmap":"/github/workspace" 91f93f:4bf00e0d1ab8447fb8a6515ee24ba551
General & Infrastructure	UNKNOWN STEP	2026-04-04T14:32:59.4760738Z 1.5.0
General & Infrastructure	UNKNOWN STEP	2026-04-04T14:36:31.8054386Z ##[group]Run reviewdog/action-actionlint@v1
General & Infrastructure	UNKNOWN STEP	2026-04-04T14:36:31.8054702Z with:
General & Infrastructure	UNKNOWN STEP	2026-04-04T14:36:31.8055051Z   github_token: ***
General & Infrastructure	UNKNOWN STEP	2026-04-04T14:36:31.8055266Z   reporter: github-pr-review
General & Infrastructure	UNKNOWN STEP	2026-04-04T14:36:31.8055496Z   tool_name: actionlint
General & Infrastructure	UNKNOWN STEP	2026-04-04T14:36:31.8055683Z   level: error
General & Infrastructure	UNKNOWN STEP	2026-04-04T14:36:31.8055854Z   filter_mode: file
General & Infrastructure	UNKNOWN STEP	2026-04-04T14:36:31.8056027Z   fail_level: none
General & Infrastructure	UNKNOWN STEP	2026-04-04T14:36:31.8056195Z   fail_on_error: false
General & Infrastructure	UNKNOWN STEP	2026-04-04T14:36:31.8056382Z ##[endgroup]
General & Infrastructure	UNKNOWN STEP	2026-04-04T14:36:31.8068864Z ##[command]/usr/bin/docker run --name ghcrioreviewdogactionactionlintv1720_a178db --label 91f93f --workdir /github/workspace --rm -e "INPUT_GITHUB_TOKEN" -e "INPUT_REPORTER" -e "INPUT_TOOL_NAME" -e "INPUT_LEVEL" -e "INPUT_FILTER_MODE" -e "INPUT_FAIL_LEVEL" -e "INPUT_FAIL_ON_ERROR" -e "INPUT_REVIEWDOG_FLAGS" -e "INPUT_ACTIONLINT_FLAGS" -e "HOME" -e "GITHUB_JOB" -e "GITHUB_REF" -e "GITHUB_SHA" -e "GITHUB_REPOSITORY" -e "GITHUB_REPOSITORY_OWNER" -e "GITHUB_REPOSITORY_OWNER_ID" -e "GITHUB_RUN_ID" -e "GITHUB_RUN_NUMBER" -e "GITHUB_RETENTION_DAYS" -e "GITHUB_RUN_ATTEMPT" -e "GITHUB_ACTOR_ID" -e "GITHUB_ACTOR" -e "GITHUB_WORKFLOW" -e "GITHUB_HEAD_REF" -e "GITHUB_BASE_REF" -e "GITHUB_EVENT_NAME" -e "GITHUB_SERVER_URL" -e "GITHUB_API_URL" -e "GITHUB_GRAPHQL_URL" -e "GITHUB_REF_NAME" -e "GITHUB_REF_PROTECTED" -e "GITHUB_REF_TYPE" -e "GITHUB_WORKFLOW_REF" -e "GITHUB_WORKFLOW_SHA" -e "GITHUB_REPOSITORY_ID" -e "GITHUB_TRIGGERING_ACTOR" -e "GITHUB_WORKSPACE" -e "GITHUB_ACTION" -e "GITHUB_EVENT_PATH" -e "GITHUB_ACTION_REPOSITORY" -e "GITHUB_ACTION_REF" -e "GITHUB_PATH" -e "GITHUB_ENV" -e "GITHUB_STEP_SUMMARY" -e "GITHUB_STATE" -e "GITHUB_OUTPUT" -e "RUNNER_OS" -e "RUNNER_ARCH" -e "RUNNER_NAME" -e "RUNNER_ENVIRONMENT" -e "RUNNER_TOOL_CACHE" -e "RUNNER_TEMP" -e "RUNNER_WORKSPACE" -e "ACTIONS_RUNTIME_URL" -e "ACTIONS_RUNTIME_TOKEN" -e "ACTIONS_CACHE_URL" -e "ACTIONS_RESULTS_URL" -e "ACTIONS_ORCHESTRATION_ID" -e GITHUB_ACTIONS=true -e CI=true --entrypoint "/entrypoint.sh" -v "/var/run/docker.sock":"/var/run/docker.sock" -v "/home/runner/work/_temp":"/github/runner_temp" -v "/home/runner/work/_temp/_github_home":"/github/home" -v "/home/runner/work/_temp/_github_workflow":"/github/workflow" -v "/home/runner/work/_temp/_runner_file_commands":"/github/file_commands" -v "/home/runner/work/utba-swarmmap/utba-swarmmap":"/github/workspace" ghcr.io/reviewdog/action-actionlint:v1.72.0
General & Infrastructure	UNKNOWN STEP	2026-04-04T14:36:32.5130692Z ##[group]Run ibiqlik/action-yamllint@v3
General & Infrastructure	UNKNOWN STEP	2026-04-04T14:36:32.5130979Z with:
General & Infrastructure	UNKNOWN STEP	2026-04-04T14:36:32.5131150Z   file_or_dir: .
General & Infrastructure	UNKNOWN STEP	2026-04-04T14:36:32.5131348Z   config_file: .yamllint.yaml
General & Infrastructure	UNKNOWN STEP	2026-04-04T14:36:32.5131570Z   format: parsable
General & Infrastructure	UNKNOWN STEP	2026-04-04T14:36:32.5131757Z   strict: false
General & Infrastructure	UNKNOWN STEP	2026-04-04T14:36:32.5131934Z   no_warnings: false
General & Infrastructure	UNKNOWN STEP	2026-04-04T14:36:32.5132118Z ##[endgroup]
General & Infrastructure	UNKNOWN STEP	2026-04-04T14:36:32.5229808Z ##[group]Run # export LOGFILE=$(mktemp yamllint-XXXXXX)
General & Infrastructure	UNKNOWN STEP	2026-04-04T14:36:32.5230227Z [36;1m# export LOGFILE=$(mktemp yamllint-XXXXXX)[0m
General & Infrastructure	UNKNOWN STEP	2026-04-04T14:36:32.5230658Z [36;1m/home/runner/work/_actions/ibiqlik/action-yamllint/v3/entrypoint.sh[0m
General & Infrastructure	UNKNOWN STEP	2026-04-04T14:36:32.5258436Z shell: /usr/bin/bash --noprofile --norc -e -o pipefail {0}
General & Infrastructure	UNKNOWN STEP	2026-04-04T14:36:32.5258753Z env:
General & Infrastructure	UNKNOWN STEP	2026-04-04T14:36:32.5258941Z   INPUT_FILE_OR_DIR: .
General & Infrastructure	UNKNOWN STEP	2026-04-04T14:36:32.5259167Z   INPUT_CONFIG_FILE: .yamllint.yaml
General & Infrastructure	UNKNOWN STEP	2026-04-04T14:36:32.5259402Z   INPUT_CONFIG_DATA: 
General & Infrastructure	UNKNOWN STEP	2026-04-04T14:36:32.5259595Z   INPUT_FORMAT: parsable
General & Infrastructure	UNKNOWN STEP	2026-04-04T14:36:32.5259834Z   INPUT_STRICT: false
General & Infrastructure	UNKNOWN STEP	2026-04-04T14:36:32.5260025Z   INPUT_NO_WARNINGS: false
General & Infrastructure	UNKNOWN STEP	2026-04-04T14:36:32.5260225Z ##[endgroup]
General & Infrastructure	UNKNOWN STEP	2026-04-04T14:36:32.6740510Z ======================
General & Infrastructure	UNKNOWN STEP	2026-04-04T14:36:32.6740988Z = Linting YAML files =
General & Infrastructure	UNKNOWN STEP	2026-04-04T14:36:32.6741283Z ======================
General & Infrastructure	UNKNOWN STEP	2026-04-04T14:36:33.0984799Z ./backend/cloudbuild.yaml:76:1: [error] too many blank lines (1 > 0) (empty-lines)
General & Infrastructure	UNKNOWN STEP	2026-04-04T14:36:33.1110376Z ##[error]Process completed with exit code 1.
General & Infrastructure	UNKNOWN STEP	2026-04-04T14:36:33.1237901Z Post job cleanup.
General & Infrastructure	UNKNOWN STEP	2026-04-04T14:36:33.2163005Z [command]/usr/bin/git version
General & Infrastructure	UNKNOWN STEP	2026-04-04T14:36:33.2198971Z git version 2.53.0
General & Infrastructure	UNKNOWN STEP	2026-04-04T14:36:33.2250751Z Temporarily overriding HOME='/home/runner/work/_temp/87bd6a86-9e48-4060-babc-b2500558448c' before making global git config changes
General & Infrastructure	UNKNOWN STEP	2026-04-04T14:36:33.2252389Z Adding repository directory to the temporary git global config as a safe directory
General & Infrastructure	UNKNOWN STEP	2026-04-04T14:36:33.2257225Z [command]/usr/bin/git config --global --add safe.directory /home/runner/work/utba-swarmmap/utba-swarmmap
General & Infrastructure	UNKNOWN STEP	2026-04-04T14:36:33.2290011Z [command]/usr/bin/git config --local --name-only --get-regexp core\.sshCommand
General & Infrastructure	UNKNOWN STEP	2026-04-04T14:36:33.2321018Z [command]/usr/bin/git submodule foreach --recursive sh -c "git config --local --name-only --get-regexp 'core\.sshCommand' && git config --local --unset-all 'core.sshCommand' || :"
General & Infrastructure	UNKNOWN STEP	2026-04-04T14:36:33.2539241Z [command]/usr/bin/git config --local --name-only --get-regexp http\.https\:\/\/github\.com\/\.extraheader
General & Infrastructure	UNKNOWN STEP	2026-04-04T14:36:33.2559330Z http.https://github.com/.extraheader
General & Infrastructure	UNKNOWN STEP	2026-04-04T14:36:33.2571154Z [command]/usr/bin/git config --local --unset-all http.https://github.com/.extraheader
General & Infrastructure	UNKNOWN STEP	2026-04-04T14:36:33.2600557Z [command]/usr/bin/git submodule foreach --recursive sh -c "git config --local --name-only --get-regexp 'http\.https\:\/\/github\.com\/\.extraheader' && git config --local --unset-all 'http.https://github.com/.extraheader' || :"
General & Infrastructure	UNKNOWN STEP	2026-04-04T14:36:33.2813493Z [command]/usr/bin/git config --local --name-only --get-regexp ^includeIf\.gitdir:
General & Infrastructure	UNKNOWN STEP	2026-04-04T14:36:33.2843480Z [command]/usr/bin/git submodule foreach --recursive git config --local --show-origin --name-only --get-regexp remote.origin.url
General & Infrastructure	UNKNOWN STEP	2026-04-04T14:36:33.3171111Z Cleaning up orphan processes
General & Infrastructure	UNKNOWN STEP	2026-04-04T14:36:33.3552720Z ##[warning]Node.js 20 actions are deprecated. The following actions are running on Node.js 20 and may not work as expected: actions/checkout@v4, actions/setup-go@v5, actions/setup-node@v4. Actions will be forced to run with Node.js 24 by default starting June 2nd, 2026. Node.js 20 will be removed from the runner on September 16th, 2026. Please check if updated versions of these actions are available that support Node.js 24. To opt into Node.js 24 now, set the FORCE_JAVASCRIPT_ACTIONS_TO_NODE24=true environment variable on the runner or in your workflow file. Once Node.js 24 becomes the default, you can temporarily opt out by setting ACTIONS_ALLOW_USE_UNSECURE_NODE_VERSION=true. For more information see: https://github.blog/changelog/2025-09-19-deprecation-of-node-20-on-github-actions-runners/
