General & Infrastructure	UNKNOWN STEP	﻿2026-04-04T15:06:02.8805367Z Current runner version: '2.333.1'
General & Infrastructure	UNKNOWN STEP	2026-04-04T15:06:02.8828589Z ##[group]Runner Image Provisioner
General & Infrastructure	UNKNOWN STEP	2026-04-04T15:06:02.8829453Z Hosted Compute Agent
General & Infrastructure	UNKNOWN STEP	2026-04-04T15:06:02.8830069Z Version: 20260213.493
General & Infrastructure	UNKNOWN STEP	2026-04-04T15:06:02.8830669Z Commit: 5c115507f6dd24b8de37d8bbe0bb4509d0cc0fa3
General & Infrastructure	UNKNOWN STEP	2026-04-04T15:06:02.8831409Z Build Date: 2026-02-13T00:28:41Z
General & Infrastructure	UNKNOWN STEP	2026-04-04T15:06:02.8832456Z Worker ID: {5a0122d0-4413-460d-8a6a-49c173c06954}
General & Infrastructure	UNKNOWN STEP	2026-04-04T15:06:02.8833269Z Azure Region: northcentralus
General & Infrastructure	UNKNOWN STEP	2026-04-04T15:06:02.8833848Z ##[endgroup]
General & Infrastructure	UNKNOWN STEP	2026-04-04T15:06:02.8835369Z ##[group]Operating System
General & Infrastructure	UNKNOWN STEP	2026-04-04T15:06:02.8836014Z Ubuntu
General & Infrastructure	UNKNOWN STEP	2026-04-04T15:06:02.8836516Z 24.04.4
General & Infrastructure	UNKNOWN STEP	2026-04-04T15:06:02.8837112Z LTS
General & Infrastructure	UNKNOWN STEP	2026-04-04T15:06:02.8837582Z ##[endgroup]
General & Infrastructure	UNKNOWN STEP	2026-04-04T15:06:02.8838105Z ##[group]Runner Image
General & Infrastructure	UNKNOWN STEP	2026-04-04T15:06:02.8838715Z Image: ubuntu-24.04
General & Infrastructure	UNKNOWN STEP	2026-04-04T15:06:02.8839263Z Version: 20260329.72.1
General & Infrastructure	UNKNOWN STEP	2026-04-04T15:06:02.8840438Z Included Software: https://github.com/actions/runner-images/blob/ubuntu24/20260329.72/images/ubuntu/Ubuntu2404-Readme.md
General & Infrastructure	UNKNOWN STEP	2026-04-04T15:06:02.8841856Z Image Release: https://github.com/actions/runner-images/releases/tag/ubuntu24%2F20260329.72
General & Infrastructure	UNKNOWN STEP	2026-04-04T15:06:02.8843091Z ##[endgroup]
General & Infrastructure	UNKNOWN STEP	2026-04-04T15:06:02.8844300Z ##[group]GITHUB_TOKEN Permissions
General & Infrastructure	UNKNOWN STEP	2026-04-04T15:06:02.8846087Z Contents: read
General & Infrastructure	UNKNOWN STEP	2026-04-04T15:06:02.8846687Z Metadata: read
General & Infrastructure	UNKNOWN STEP	2026-04-04T15:06:02.8847217Z Packages: read
General & Infrastructure	UNKNOWN STEP	2026-04-04T15:06:02.8847678Z ##[endgroup]
General & Infrastructure	UNKNOWN STEP	2026-04-04T15:06:02.8849782Z Secret source: None
General & Infrastructure	UNKNOWN STEP	2026-04-04T15:06:02.8850552Z Prepare workflow directory
General & Infrastructure	UNKNOWN STEP	2026-04-04T15:06:02.9267819Z Prepare all required actions
General & Infrastructure	UNKNOWN STEP	2026-04-04T15:06:02.9324988Z Getting action download info
General & Infrastructure	UNKNOWN STEP	2026-04-04T15:06:03.4493011Z Download action repository 'actions/checkout@v4' (SHA:34e114876b0b11c390a56381ad16ebd13914f8d5)
General & Infrastructure	UNKNOWN STEP	2026-04-04T15:06:03.5786424Z Download action repository 'actions/setup-node@v4' (SHA:49933ea5288caeca8642d1e84afbd3f7d6820020)
General & Infrastructure	UNKNOWN STEP	2026-04-04T15:06:03.6642620Z Download action repository 'actions/setup-go@v5' (SHA:40f1582b2485089dde7abd97c1529aa768e1baff)
General & Infrastructure	UNKNOWN STEP	2026-04-04T15:06:04.3362786Z Download action repository 'reviewdog/action-detect-secrets@v0' (SHA:53b50179462bbe04af2f25f088b97e55e1dec3a1)
General & Infrastructure	UNKNOWN STEP	2026-04-04T15:06:04.5879902Z Download action repository 'reviewdog/action-actionlint@v1' (SHA:6fb7acc99f4a1008869fa8a0f09cfca740837d9d)
General & Infrastructure	UNKNOWN STEP	2026-04-04T15:06:04.8371094Z Download action repository 'ibiqlik/action-yamllint@v3' (SHA:2576378a8e339169678f9939646ee3ee325e845c)
General & Infrastructure	UNKNOWN STEP	2026-04-04T15:06:05.0897993Z Download action repository 'ludeeus/action-shellcheck@master' (SHA:00b27aa7cb85167568cb48a3838b75f4265f2bca)
General & Infrastructure	UNKNOWN STEP	2026-04-04T15:06:05.3370704Z Download action repository 'reviewdog/action-misspell@v1' (SHA:d6429416b12b09b4e2768307d53bef58d172e962)
General & Infrastructure	UNKNOWN STEP	2026-04-04T15:06:05.6238939Z Download action repository 'wagoid/commitlint-github-action@v6.2.1' (SHA:b948419dd99f3fd78a6548d48f94e3df7f6bf3ed)
General & Infrastructure	UNKNOWN STEP	2026-04-04T15:06:06.0783678Z Complete job name: General & Infrastructure
General & Infrastructure	UNKNOWN STEP	2026-04-04T15:06:06.1291837Z ##[group]Pull down action image 'ghcr.io/reviewdog/action-actionlint:v1.72.0'
General & Infrastructure	UNKNOWN STEP	2026-04-04T15:06:06.1375546Z ##[command]/usr/bin/docker pull ghcr.io/reviewdog/action-actionlint:v1.72.0
General & Infrastructure	UNKNOWN STEP	2026-04-04T15:06:06.5045237Z v1.72.0: Pulling from reviewdog/action-actionlint
General & Infrastructure	UNKNOWN STEP	2026-04-04T15:06:06.5848763Z 589002ba0eae: Already exists
General & Infrastructure	UNKNOWN STEP	2026-04-04T15:06:06.5877177Z 0805a1082be0: Pulling fs layer
General & Infrastructure	UNKNOWN STEP	2026-04-04T15:06:06.5877776Z 3566efde290b: Pulling fs layer
General & Infrastructure	UNKNOWN STEP	2026-04-04T15:06:06.5878181Z 2800a7aef8b1: Pulling fs layer
General & Infrastructure	UNKNOWN STEP	2026-04-04T15:06:06.5878445Z f420ae9f738c: Pulling fs layer
General & Infrastructure	UNKNOWN STEP	2026-04-04T15:06:06.5878732Z 539ad613ffba: Pulling fs layer
General & Infrastructure	UNKNOWN STEP	2026-04-04T15:06:06.5879151Z 1062eadcdc7d: Pulling fs layer
General & Infrastructure	UNKNOWN STEP	2026-04-04T15:06:06.5879412Z d12341ef4ed7: Pulling fs layer
General & Infrastructure	UNKNOWN STEP	2026-04-04T15:06:06.5879672Z 0180048b5c67: Pulling fs layer
General & Infrastructure	UNKNOWN STEP	2026-04-04T15:06:06.5879917Z 3f242abd9c8e: Pulling fs layer
General & Infrastructure	UNKNOWN STEP	2026-04-04T15:06:06.5880163Z f420ae9f738c: Waiting
General & Infrastructure	UNKNOWN STEP	2026-04-04T15:06:06.5880389Z 539ad613ffba: Waiting
General & Infrastructure	UNKNOWN STEP	2026-04-04T15:06:06.5880682Z 1062eadcdc7d: Waiting
General & Infrastructure	UNKNOWN STEP	2026-04-04T15:06:06.5880890Z 0180048b5c67: Waiting
General & Infrastructure	UNKNOWN STEP	2026-04-04T15:06:06.5881101Z 3f242abd9c8e: Waiting
General & Infrastructure	UNKNOWN STEP	2026-04-04T15:06:06.5881307Z d12341ef4ed7: Waiting
General & Infrastructure	UNKNOWN STEP	2026-04-04T15:06:06.6745969Z 2800a7aef8b1: Verifying Checksum
General & Infrastructure	UNKNOWN STEP	2026-04-04T15:06:06.6746499Z 2800a7aef8b1: Download complete
General & Infrastructure	UNKNOWN STEP	2026-04-04T15:06:06.7047667Z 0805a1082be0: Verifying Checksum
General & Infrastructure	UNKNOWN STEP	2026-04-04T15:06:06.7049776Z 0805a1082be0: Download complete
General & Infrastructure	UNKNOWN STEP	2026-04-04T15:06:06.7431252Z 3566efde290b: Verifying Checksum
General & Infrastructure	UNKNOWN STEP	2026-04-04T15:06:06.7431828Z 3566efde290b: Download complete
General & Infrastructure	UNKNOWN STEP	2026-04-04T15:06:06.7919964Z f420ae9f738c: Verifying Checksum
General & Infrastructure	UNKNOWN STEP	2026-04-04T15:06:06.7921404Z f420ae9f738c: Download complete
General & Infrastructure	UNKNOWN STEP	2026-04-04T15:06:06.8333026Z 539ad613ffba: Verifying Checksum
General & Infrastructure	UNKNOWN STEP	2026-04-04T15:06:06.8333699Z 539ad613ffba: Download complete
General & Infrastructure	UNKNOWN STEP	2026-04-04T15:06:06.8625858Z 1062eadcdc7d: Verifying Checksum
General & Infrastructure	UNKNOWN STEP	2026-04-04T15:06:06.9104769Z 1062eadcdc7d: Download complete
General & Infrastructure	UNKNOWN STEP	2026-04-04T15:06:06.9105256Z d12341ef4ed7: Verifying Checksum
General & Infrastructure	UNKNOWN STEP	2026-04-04T15:06:06.9106489Z d12341ef4ed7: Download complete
General & Infrastructure	UNKNOWN STEP	2026-04-04T15:06:06.9412541Z 0180048b5c67: Verifying Checksum
General & Infrastructure	UNKNOWN STEP	2026-04-04T15:06:06.9413281Z 0180048b5c67: Download complete
General & Infrastructure	UNKNOWN STEP	2026-04-04T15:06:06.9512629Z 3f242abd9c8e: Verifying Checksum
General & Infrastructure	UNKNOWN STEP	2026-04-04T15:06:06.9516088Z 3f242abd9c8e: Download complete
General & Infrastructure	UNKNOWN STEP	2026-04-04T15:06:09.3823519Z 0805a1082be0: Pull complete
General & Infrastructure	UNKNOWN STEP	2026-04-04T15:06:10.0132698Z 3566efde290b: Pull complete
General & Infrastructure	UNKNOWN STEP	2026-04-04T15:06:10.0263269Z 2800a7aef8b1: Pull complete
General & Infrastructure	UNKNOWN STEP	2026-04-04T15:06:10.5311515Z f420ae9f738c: Pull complete
General & Infrastructure	UNKNOWN STEP	2026-04-04T15:06:10.6103057Z 539ad613ffba: Pull complete
General & Infrastructure	UNKNOWN STEP	2026-04-04T15:06:10.7378769Z 1062eadcdc7d: Pull complete
General & Infrastructure	UNKNOWN STEP	2026-04-04T15:06:10.8074461Z d12341ef4ed7: Pull complete
General & Infrastructure	UNKNOWN STEP	2026-04-04T15:06:10.8518239Z 0180048b5c67: Pull complete
General & Infrastructure	UNKNOWN STEP	2026-04-04T15:06:10.8616671Z 3f242abd9c8e: Pull complete
General & Infrastructure	UNKNOWN STEP	2026-04-04T15:06:10.8665764Z Digest: sha256:918481e3b42182d1671c5807d57ed356203e11e96fa679f4f9a8a7b5a65152d9
General & Infrastructure	UNKNOWN STEP	2026-04-04T15:06:10.8679352Z Status: Downloaded newer image for ghcr.io/reviewdog/action-actionlint:v1.72.0
General & Infrastructure	UNKNOWN STEP	2026-04-04T15:06:10.8689062Z ghcr.io/reviewdog/action-actionlint:v1.72.0
General & Infrastructure	UNKNOWN STEP	2026-04-04T15:06:10.8708123Z ##[endgroup]
General & Infrastructure	UNKNOWN STEP	2026-04-04T15:06:10.8737826Z ##[group]Pull down action image 'wagoid/commitlint-github-action:6.2.1'
General & Infrastructure	UNKNOWN STEP	2026-04-04T15:06:10.8738493Z ##[command]/usr/bin/docker pull wagoid/commitlint-github-action:6.2.1
General & Infrastructure	UNKNOWN STEP	2026-04-04T15:06:11.3160773Z 6.2.1: Pulling from wagoid/commitlint-github-action
General & Infrastructure	UNKNOWN STEP	2026-04-04T15:06:11.3161493Z c6a83fedfae6: Pulling fs layer
General & Infrastructure	UNKNOWN STEP	2026-04-04T15:06:11.3164644Z d9aac50bc34e: Pulling fs layer
General & Infrastructure	UNKNOWN STEP	2026-04-04T15:06:11.3165201Z 0150f131fd2f: Pulling fs layer
General & Infrastructure	UNKNOWN STEP	2026-04-04T15:06:11.3165691Z c0ce3bd8f303: Pulling fs layer
General & Infrastructure	UNKNOWN STEP	2026-04-04T15:06:11.3166178Z c838a2e7b927: Pulling fs layer
General & Infrastructure	UNKNOWN STEP	2026-04-04T15:06:11.3166658Z 6d77938f3f85: Pulling fs layer
General & Infrastructure	UNKNOWN STEP	2026-04-04T15:06:11.3167033Z 22b1a6226a7b: Pulling fs layer
General & Infrastructure	UNKNOWN STEP	2026-04-04T15:06:11.3167445Z eee6acead8dc: Pulling fs layer
General & Infrastructure	UNKNOWN STEP	2026-04-04T15:06:11.3167828Z 89eacf6857e8: Pulling fs layer
General & Infrastructure	UNKNOWN STEP	2026-04-04T15:06:11.3168210Z c0ce3bd8f303: Waiting
General & Infrastructure	UNKNOWN STEP	2026-04-04T15:06:11.3168424Z c838a2e7b927: Waiting
General & Infrastructure	UNKNOWN STEP	2026-04-04T15:06:11.3168618Z 6d77938f3f85: Waiting
General & Infrastructure	UNKNOWN STEP	2026-04-04T15:06:11.3169029Z 22b1a6226a7b: Waiting
General & Infrastructure	UNKNOWN STEP	2026-04-04T15:06:11.3169238Z eee6acead8dc: Waiting
General & Infrastructure	UNKNOWN STEP	2026-04-04T15:06:11.3169569Z 89eacf6857e8: Waiting
General & Infrastructure	UNKNOWN STEP	2026-04-04T15:06:11.4325064Z 0150f131fd2f: Verifying Checksum
General & Infrastructure	UNKNOWN STEP	2026-04-04T15:06:11.4325985Z 0150f131fd2f: Download complete
General & Infrastructure	UNKNOWN STEP	2026-04-04T15:06:11.4573459Z c6a83fedfae6: Verifying Checksum
General & Infrastructure	UNKNOWN STEP	2026-04-04T15:06:11.4575912Z c6a83fedfae6: Download complete
General & Infrastructure	UNKNOWN STEP	2026-04-04T15:06:11.5318674Z c0ce3bd8f303: Download complete
General & Infrastructure	UNKNOWN STEP	2026-04-04T15:06:11.5909403Z c838a2e7b927: Verifying Checksum
General & Infrastructure	UNKNOWN STEP	2026-04-04T15:06:11.5911427Z c838a2e7b927: Download complete
General & Infrastructure	UNKNOWN STEP	2026-04-04T15:06:11.6106904Z c6a83fedfae6: Pull complete
General & Infrastructure	UNKNOWN STEP	2026-04-04T15:06:11.6382469Z d9aac50bc34e: Verifying Checksum
General & Infrastructure	UNKNOWN STEP	2026-04-04T15:06:11.6385065Z d9aac50bc34e: Download complete
General & Infrastructure	UNKNOWN STEP	2026-04-04T15:06:11.6626964Z 6d77938f3f85: Verifying Checksum
General & Infrastructure	UNKNOWN STEP	2026-04-04T15:06:11.6631961Z 6d77938f3f85: Download complete
General & Infrastructure	UNKNOWN STEP	2026-04-04T15:06:11.7045089Z 22b1a6226a7b: Verifying Checksum
General & Infrastructure	UNKNOWN STEP	2026-04-04T15:06:11.7045729Z 22b1a6226a7b: Download complete
General & Infrastructure	UNKNOWN STEP	2026-04-04T15:06:11.7684095Z 89eacf6857e8: Verifying Checksum
General & Infrastructure	UNKNOWN STEP	2026-04-04T15:06:11.7684596Z 89eacf6857e8: Download complete
General & Infrastructure	UNKNOWN STEP	2026-04-04T15:06:11.9428491Z eee6acead8dc: Verifying Checksum
General & Infrastructure	UNKNOWN STEP	2026-04-04T15:06:11.9430276Z eee6acead8dc: Download complete
General & Infrastructure	UNKNOWN STEP	2026-04-04T15:06:13.0346206Z d9aac50bc34e: Pull complete
General & Infrastructure	UNKNOWN STEP	2026-04-04T15:06:13.0783661Z 0150f131fd2f: Pull complete
General & Infrastructure	UNKNOWN STEP	2026-04-04T15:06:13.0915606Z c0ce3bd8f303: Pull complete
General & Infrastructure	UNKNOWN STEP	2026-04-04T15:06:13.2854673Z c838a2e7b927: Pull complete
General & Infrastructure	UNKNOWN STEP	2026-04-04T15:06:13.2943371Z 6d77938f3f85: Pull complete
General & Infrastructure	UNKNOWN STEP	2026-04-04T15:06:13.3045037Z 22b1a6226a7b: Pull complete
General & Infrastructure	UNKNOWN STEP	2026-04-04T15:06:17.7718673Z eee6acead8dc: Pull complete
General & Infrastructure	UNKNOWN STEP	2026-04-04T15:06:17.7812704Z 89eacf6857e8: Pull complete
General & Infrastructure	UNKNOWN STEP	2026-04-04T15:06:17.7847172Z Digest: sha256:86a04e0a99128551a7555c269d2b675c3c85f61358cf7dd558f6b873b66f561a
General & Infrastructure	UNKNOWN STEP	2026-04-04T15:06:17.7859059Z Status: Downloaded newer image for wagoid/commitlint-github-action:6.2.1
General & Infrastructure	UNKNOWN STEP	2026-04-04T15:06:17.7865689Z docker.io/wagoid/commitlint-github-action:6.2.1
General & Infrastructure	UNKNOWN STEP	2026-04-04T15:06:17.7878519Z ##[endgroup]
General & Infrastructure	UNKNOWN STEP	2026-04-04T15:06:17.7901412Z ##[group]Build container for action use: '/home/runner/work/_actions/reviewdog/action-detect-secrets/v0/Dockerfile'.
General & Infrastructure	UNKNOWN STEP	2026-04-04T15:06:17.7907924Z ##[command]/usr/bin/docker build -t 42ba2a:681357d58e26469681a3426684f7dd6e -f "/home/runner/work/_actions/reviewdog/action-detect-secrets/v0/Dockerfile" "/home/runner/work/_actions/reviewdog/action-detect-secrets/v0"
General & Infrastructure	UNKNOWN STEP	2026-04-04T15:06:18.2980810Z #0 building with "default" instance using docker driver
General & Infrastructure	UNKNOWN STEP	2026-04-04T15:06:18.2981334Z 
General & Infrastructure	UNKNOWN STEP	2026-04-04T15:06:18.2981576Z #1 [internal] load build definition from Dockerfile
General & Infrastructure	UNKNOWN STEP	2026-04-04T15:06:18.2982538Z #1 transferring dockerfile: 473B done
General & Infrastructure	UNKNOWN STEP	2026-04-04T15:06:18.2982939Z #1 DONE 0.0s
General & Infrastructure	UNKNOWN STEP	2026-04-04T15:06:18.2983083Z 
General & Infrastructure	UNKNOWN STEP	2026-04-04T15:06:18.2983303Z #2 [auth] library/python:pull token for registry-1.docker.io
General & Infrastructure	UNKNOWN STEP	2026-04-04T15:06:18.2983694Z #2 DONE 0.0s
General & Infrastructure	UNKNOWN STEP	2026-04-04T15:06:18.2983829Z 
General & Infrastructure	UNKNOWN STEP	2026-04-04T15:06:18.2984045Z #3 [internal] load metadata for docker.io/library/python:3.14.0-alpine
General & Infrastructure	UNKNOWN STEP	2026-04-04T15:06:18.5664429Z #3 DONE 0.5s
General & Infrastructure	UNKNOWN STEP	2026-04-04T15:06:18.6719795Z 
General & Infrastructure	UNKNOWN STEP	2026-04-04T15:06:18.6720713Z #4 [internal] load .dockerignore
General & Infrastructure	UNKNOWN STEP	2026-04-04T15:06:18.6723466Z #4 transferring context: 2B done
General & Infrastructure	UNKNOWN STEP	2026-04-04T15:06:18.6724212Z #4 DONE 0.0s
General & Infrastructure	UNKNOWN STEP	2026-04-04T15:06:18.6724493Z 
General & Infrastructure	UNKNOWN STEP	2026-04-04T15:06:18.6724634Z #5 [internal] load build context
General & Infrastructure	UNKNOWN STEP	2026-04-04T15:06:18.6725021Z #5 transferring context: 3.44kB done
General & Infrastructure	UNKNOWN STEP	2026-04-04T15:06:18.6725393Z #5 DONE 0.0s
General & Infrastructure	UNKNOWN STEP	2026-04-04T15:06:18.6725552Z 
General & Infrastructure	UNKNOWN STEP	2026-04-04T15:06:18.6726165Z #6 [1/4] FROM docker.io/library/python:3.14.0-alpine@sha256:8373231e1e906ddfb457748bfc032c4c06ada8c759b7b62d9c73ec2a3c56e710
General & Infrastructure	UNKNOWN STEP	2026-04-04T15:06:18.6727394Z #6 resolve docker.io/library/python:3.14.0-alpine@sha256:8373231e1e906ddfb457748bfc032c4c06ada8c759b7b62d9c73ec2a3c56e710 done
General & Infrastructure	UNKNOWN STEP	2026-04-04T15:06:18.6728527Z #6 extracting sha256:2d35ebdb57d9971fea0cac1582aa78935adf8058b2cc32db163c98822e5dfa1b
General & Infrastructure	UNKNOWN STEP	2026-04-04T15:06:18.7827126Z #6 extracting sha256:2d35ebdb57d9971fea0cac1582aa78935adf8058b2cc32db163c98822e5dfa1b 0.1s done
General & Infrastructure	UNKNOWN STEP	2026-04-04T15:06:18.7828370Z #6 sha256:13839c1b2c2fc819a0ebcba5bbfcb61b3d29976827c3c86062f87186660baa70 250B / 250B 0.1s done
General & Infrastructure	UNKNOWN STEP	2026-04-04T15:06:18.7829484Z #6 sha256:8373231e1e906ddfb457748bfc032c4c06ada8c759b7b62d9c73ec2a3c56e710 10.29kB / 10.29kB done
General & Infrastructure	UNKNOWN STEP	2026-04-04T15:06:18.7830598Z #6 sha256:da0af7e1f95f7612c15858b627b151edde12a97b6ae60731a82c4849bd9c5b2c 1.73kB / 1.73kB done
General & Infrastructure	UNKNOWN STEP	2026-04-04T15:06:18.7831756Z #6 sha256:24ef78ff5ffe3f0b75661012741566f58f76e8109513be875a237d0a7b19b073 4.62kB / 4.62kB done
General & Infrastructure	UNKNOWN STEP	2026-04-04T15:06:18.7838142Z #6 sha256:2d35ebdb57d9971fea0cac1582aa78935adf8058b2cc32db163c98822e5dfa1b 3.80MB / 3.80MB 0.1s done
General & Infrastructure	UNKNOWN STEP	2026-04-04T15:06:18.7839339Z #6 sha256:86d375910f52b7c453db7c1e2135c1536210eb84825e8505b1c9e5a34faaf57a 456.92kB / 456.92kB 0.1s done
General & Infrastructure	UNKNOWN STEP	2026-04-04T15:06:18.7840495Z #6 sha256:facdf984afd18f7f52714321a1e8915796191dd98798aef5d1f77a85507e830d 11.53MB / 13.23MB 0.2s
General & Infrastructure	UNKNOWN STEP	2026-04-04T15:06:18.8828379Z #6 sha256:facdf984afd18f7f52714321a1e8915796191dd98798aef5d1f77a85507e830d 13.23MB / 13.23MB 0.2s done
General & Infrastructure	UNKNOWN STEP	2026-04-04T15:06:18.8833052Z #6 extracting sha256:86d375910f52b7c453db7c1e2135c1536210eb84825e8505b1c9e5a34faaf57a 0.1s done
General & Infrastructure	UNKNOWN STEP	2026-04-04T15:06:19.0181435Z #6 extracting sha256:facdf984afd18f7f52714321a1e8915796191dd98798aef5d1f77a85507e830d
General & Infrastructure	UNKNOWN STEP	2026-04-04T15:06:19.7732974Z #6 extracting sha256:facdf984afd18f7f52714321a1e8915796191dd98798aef5d1f77a85507e830d 0.6s done
General & Infrastructure	UNKNOWN STEP	2026-04-04T15:06:19.7733990Z #6 extracting sha256:13839c1b2c2fc819a0ebcba5bbfcb61b3d29976827c3c86062f87186660baa70 done
General & Infrastructure	UNKNOWN STEP	2026-04-04T15:06:19.7734480Z #6 DONE 1.1s
General & Infrastructure	UNKNOWN STEP	2026-04-04T15:06:19.7734597Z 
General & Infrastructure	UNKNOWN STEP	2026-04-04T15:06:19.7735703Z #7 [2/4] RUN apk --no-cache add git gcc musl-dev   && wget -O - -q https://raw.githubusercontent.com/reviewdog/reviewdog/fd59714416d6d9a1c0692d872e38e7f8448df4fc/install.sh| sh -s -- -b /usr/local/bin/ v0.21.0   && pip install detect-secrets[word_list]
General & Infrastructure	UNKNOWN STEP	2026-04-04T15:06:19.7737735Z #7 0.122 fetch https://dl-cdn.alpinelinux.org/alpine/v3.22/main/x86_64/APKINDEX.tar.gz
General & Infrastructure	UNKNOWN STEP	2026-04-04T15:06:20.0053905Z #7 0.204 fetch https://dl-cdn.alpinelinux.org/alpine/v3.22/community/x86_64/APKINDEX.tar.gz
General & Infrastructure	UNKNOWN STEP	2026-04-04T15:06:20.1221124Z #7 0.471 (1/23) Installing libgcc (14.2.0-r6)
General & Infrastructure	UNKNOWN STEP	2026-04-04T15:06:20.2246088Z #7 0.476 (2/23) Installing jansson (2.14.1-r0)
General & Infrastructure	UNKNOWN STEP	2026-04-04T15:06:20.2246523Z #7 0.479 (3/23) Installing libstdc++ (14.2.0-r6)
General & Infrastructure	UNKNOWN STEP	2026-04-04T15:06:20.2247065Z #7 0.496 (4/23) Installing binutils (2.44-r3)
General & Infrastructure	UNKNOWN STEP	2026-04-04T15:06:20.2247357Z #7 0.564 (5/23) Installing libgomp (14.2.0-r6)
General & Infrastructure	UNKNOWN STEP	2026-04-04T15:06:20.2247634Z #7 0.570 (6/23) Installing libatomic (14.2.0-r6)
General & Infrastructure	UNKNOWN STEP	2026-04-04T15:06:20.2247895Z #7 0.574 (7/23) Installing gmp (6.3.0-r3)
General & Infrastructure	UNKNOWN STEP	2026-04-04T15:06:20.4056459Z #7 0.579 (8/23) Installing isl26 (0.26-r1)
General & Infrastructure	UNKNOWN STEP	2026-04-04T15:06:20.4056978Z #7 0.594 (9/23) Installing mpfr4 (4.2.1_p1-r0)
General & Infrastructure	UNKNOWN STEP	2026-04-04T15:06:20.4057436Z #7 0.601 (10/23) Installing mpc1 (1.3.1-r1)
General & Infrastructure	UNKNOWN STEP	2026-04-04T15:06:21.1429433Z #7 0.604 (11/23) Installing gcc (14.2.0-r6)
General & Infrastructure	UNKNOWN STEP	2026-04-04T15:06:21.1430024Z #7 1.492 (12/23) Installing brotli-libs (1.1.0-r2)
General & Infrastructure	UNKNOWN STEP	2026-04-04T15:06:21.2658065Z #7 1.501 (13/23) Installing c-ares (1.34.6-r0)
General & Infrastructure	UNKNOWN STEP	2026-04-04T15:06:21.2658697Z #7 1.506 (14/23) Installing libunistring (1.3-r0)
General & Infrastructure	UNKNOWN STEP	2026-04-04T15:06:21.2659136Z #7 1.519 (15/23) Installing libidn2 (2.3.7-r0)
General & Infrastructure	UNKNOWN STEP	2026-04-04T15:06:21.2659477Z #7 1.523 (16/23) Installing nghttp2-libs (1.65.0-r0)
General & Infrastructure	UNKNOWN STEP	2026-04-04T15:06:21.2659800Z #7 1.526 (17/23) Installing libpsl (0.21.5-r3)
General & Infrastructure	UNKNOWN STEP	2026-04-04T15:06:21.2660097Z #7 1.529 (18/23) Installing libcurl (8.14.1-r2)
General & Infrastructure	UNKNOWN STEP	2026-04-04T15:06:21.2660396Z #7 1.536 (19/23) Installing libexpat (2.7.5-r0)
General & Infrastructure	UNKNOWN STEP	2026-04-04T15:06:21.2660704Z #7 1.540 (20/23) Installing pcre2 (10.46-r0)
General & Infrastructure	UNKNOWN STEP	2026-04-04T15:06:21.2660994Z #7 1.548 (21/23) Installing git (2.49.1-r0)
General & Infrastructure	UNKNOWN STEP	2026-04-04T15:06:21.2661310Z #7 1.615 (22/23) Installing git-init-template (2.49.1-r0)
General & Infrastructure	UNKNOWN STEP	2026-04-04T15:06:21.4561513Z #7 1.618 (23/23) Installing musl-dev (1.2.5-r10)
General & Infrastructure	UNKNOWN STEP	2026-04-04T15:06:21.4562328Z #7 1.686 Executing busybox-1.37.0-r19.trigger
General & Infrastructure	UNKNOWN STEP	2026-04-04T15:06:21.4562809Z #7 1.694 OK: 186 MiB in 53 packages
General & Infrastructure	UNKNOWN STEP	2026-04-04T15:06:21.4563186Z #7 1.805 reviewdog/reviewdog info checking GitHub for tag 'v0.21.0'
General & Infrastructure	UNKNOWN STEP	2026-04-04T15:06:21.6973717Z #7 1.896 reviewdog/reviewdog info found version: 0.21.0 for v0.21.0/Linux/x86_64
General & Infrastructure	UNKNOWN STEP	2026-04-04T15:06:21.9571304Z #7 2.306 reviewdog/reviewdog info installed /usr/local/bin//reviewdog
General & Infrastructure	UNKNOWN STEP	2026-04-04T15:06:24.3213660Z #7 4.670 Collecting detect-secrets[word_list]
General & Infrastructure	UNKNOWN STEP	2026-04-04T15:06:24.4481116Z #7 4.696   Downloading detect_secrets-1.5.0-py3-none-any.whl.metadata (23 kB)
General & Infrastructure	UNKNOWN STEP	2026-04-04T15:06:24.4482266Z #7 4.755 Collecting pyyaml (from detect-secrets[word_list])
General & Infrastructure	UNKNOWN STEP	2026-04-04T15:06:24.4482841Z #7 4.762   Downloading pyyaml-6.0.3-cp314-cp314-musllinux_1_2_x86_64.whl.metadata (2.4 kB)
General & Infrastructure	UNKNOWN STEP	2026-04-04T15:06:24.4483417Z #7 4.797 Collecting requests (from detect-secrets[word_list])
General & Infrastructure	UNKNOWN STEP	2026-04-04T15:06:24.6193216Z #7 4.801   Downloading requests-2.33.1-py3-none-any.whl.metadata (4.8 kB)
General & Infrastructure	UNKNOWN STEP	2026-04-04T15:06:24.6194018Z #7 4.827 Collecting pyahocorasick (from detect-secrets[word_list])
General & Infrastructure	UNKNOWN STEP	2026-04-04T15:06:24.6194710Z #7 4.837   Downloading pyahocorasick-2.3.0-cp314-cp314-musllinux_1_2_x86_64.whl.metadata (13 kB)
General & Infrastructure	UNKNOWN STEP	2026-04-04T15:06:24.6195497Z #7 4.968 Collecting charset_normalizer<4,>=2 (from requests->detect-secrets[word_list])
General & Infrastructure	UNKNOWN STEP	2026-04-04T15:06:24.7194086Z #7 4.976   Downloading charset_normalizer-3.4.7-cp314-cp314-musllinux_1_2_x86_64.whl.metadata (40 kB)
General & Infrastructure	UNKNOWN STEP	2026-04-04T15:06:24.7195353Z #7 4.999 Collecting idna<4,>=2.5 (from requests->detect-secrets[word_list])
General & Infrastructure	UNKNOWN STEP	2026-04-04T15:06:24.7196041Z #7 5.003   Downloading idna-3.11-py3-none-any.whl.metadata (8.4 kB)
General & Infrastructure	UNKNOWN STEP	2026-04-04T15:06:24.7196819Z #7 5.036 Collecting urllib3<3,>=1.26 (from requests->detect-secrets[word_list])
General & Infrastructure	UNKNOWN STEP	2026-04-04T15:06:24.7197555Z #7 5.040   Downloading urllib3-2.6.3-py3-none-any.whl.metadata (6.9 kB)
General & Infrastructure	UNKNOWN STEP	2026-04-04T15:06:24.7198326Z #7 5.065 Collecting certifi>=2023.5.7 (from requests->detect-secrets[word_list])
General & Infrastructure	UNKNOWN STEP	2026-04-04T15:06:24.7199152Z #7 5.068   Downloading certifi-2026.2.25-py3-none-any.whl.metadata (2.5 kB)
General & Infrastructure	UNKNOWN STEP	2026-04-04T15:06:24.8490998Z #7 5.079 Downloading detect_secrets-1.5.0-py3-none-any.whl (120 kB)
General & Infrastructure	UNKNOWN STEP	2026-04-04T15:06:24.8492436Z #7 5.090 Downloading pyahocorasick-2.3.0-cp314-cp314-musllinux_1_2_x86_64.whl (117 kB)
General & Infrastructure	UNKNOWN STEP	2026-04-04T15:06:25.5768780Z #7 5.103 Downloading pyyaml-6.0.3-cp314-cp314-musllinux_1_2_x86_64.whl (789 kB)
General & Infrastructure	UNKNOWN STEP	2026-04-04T15:06:25.5769535Z #7 5.119    ━━━━━━━━━━━━━━━━━━━━━━━━━━━━━━━━━━━━━━━━ 789.2/789.2 kB 50.1 MB/s  0:00:00
General & Infrastructure	UNKNOWN STEP	2026-04-04T15:06:25.5770057Z #7 5.123 Downloading requests-2.33.1-py3-none-any.whl (64 kB)
General & Infrastructure	UNKNOWN STEP	2026-04-04T15:06:25.5770675Z #7 5.131 Downloading charset_normalizer-3.4.7-cp314-cp314-musllinux_1_2_x86_64.whl (217 kB)
General & Infrastructure	UNKNOWN STEP	2026-04-04T15:06:25.5771246Z #7 5.139 Downloading idna-3.11-py3-none-any.whl (71 kB)
General & Infrastructure	UNKNOWN STEP	2026-04-04T15:06:25.5771661Z #7 5.145 Downloading urllib3-2.6.3-py3-none-any.whl (131 kB)
General & Infrastructure	UNKNOWN STEP	2026-04-04T15:06:25.5773089Z #7 5.152 Downloading certifi-2026.2.25-py3-none-any.whl (153 kB)
General & Infrastructure	UNKNOWN STEP	2026-04-04T15:06:25.5773844Z #7 5.198 Installing collected packages: urllib3, pyyaml, pyahocorasick, idna, charset_normalizer, certifi, requests, detect-secrets
General & Infrastructure	UNKNOWN STEP	2026-04-04T15:06:25.5774512Z #7 5.926 
General & Infrastructure	UNKNOWN STEP	2026-04-04T15:06:25.7795805Z #7 5.928 Successfully installed certifi-2026.2.25 charset_normalizer-3.4.7 detect-secrets-1.5.0 idna-3.11 pyahocorasick-2.3.0 pyyaml-6.0.3 requests-2.33.1 urllib3-2.6.3
General & Infrastructure	UNKNOWN STEP	2026-04-04T15:06:25.7800204Z #7 5.929 WARNING: Running pip as the 'root' user can result in broken permissions and conflicting behaviour with the system package manager, possibly rendering your system unusable. It is recommended to use a virtual environment instead: https://pip.pypa.io/warnings/venv. Use the --root-user-action option if you know what you are doing and want to suppress this warning.
General & Infrastructure	UNKNOWN STEP	2026-04-04T15:06:25.7806376Z #7 5.997 
General & Infrastructure	UNKNOWN STEP	2026-04-04T15:06:25.7806814Z #7 5.997 [notice] A new release of pip is available: 25.2 -> 26.0.1
General & Infrastructure	UNKNOWN STEP	2026-04-04T15:06:25.7807479Z #7 5.997 [notice] To update, run: pip install --upgrade pip
General & Infrastructure	UNKNOWN STEP	2026-04-04T15:06:25.7807991Z #7 DONE 6.1s
General & Infrastructure	UNKNOWN STEP	2026-04-04T15:06:25.9543958Z 
General & Infrastructure	UNKNOWN STEP	2026-04-04T15:06:25.9544775Z #8 [3/4] COPY baseline2rdf.py /usr/local/bin/baseline2rdf
General & Infrastructure	UNKNOWN STEP	2026-04-04T15:06:25.9547474Z #8 DONE 0.0s
General & Infrastructure	UNKNOWN STEP	2026-04-04T15:06:25.9547669Z 
General & Infrastructure	UNKNOWN STEP	2026-04-04T15:06:25.9547872Z #9 [4/4] COPY entrypoint.sh /entrypoint.sh
General & Infrastructure	UNKNOWN STEP	2026-04-04T15:06:25.9548316Z #9 DONE 0.0s
General & Infrastructure	UNKNOWN STEP	2026-04-04T15:06:25.9548492Z 
General & Infrastructure	UNKNOWN STEP	2026-04-04T15:06:25.9548617Z #10 exporting to image
General & Infrastructure	UNKNOWN STEP	2026-04-04T15:06:25.9548953Z #10 exporting layers
General & Infrastructure	UNKNOWN STEP	2026-04-04T15:06:26.5752366Z #10 exporting layers 0.8s done
General & Infrastructure	UNKNOWN STEP	2026-04-04T15:06:26.5930441Z #10 writing image sha256:e9108f4ec16596d027f16195ab7f82744939b404bd0a2dc3b87c775475f87142 done
General & Infrastructure	UNKNOWN STEP	2026-04-04T15:06:26.5931237Z #10 naming to docker.io/library/42ba2a:681357d58e26469681a3426684f7dd6e done
General & Infrastructure	UNKNOWN STEP	2026-04-04T15:06:26.5931859Z #10 DONE 0.8s
General & Infrastructure	UNKNOWN STEP	2026-04-04T15:06:26.5983961Z ##[endgroup]
General & Infrastructure	UNKNOWN STEP	2026-04-04T15:06:26.5995700Z ##[group]Build container for action use: '/home/runner/work/_actions/reviewdog/action-misspell/v1/Dockerfile'.
General & Infrastructure	UNKNOWN STEP	2026-04-04T15:06:26.5997494Z ##[command]/usr/bin/docker build -t 42ba2a:ae1e11034d844bffa1844fe44d71563e -f "/home/runner/work/_actions/reviewdog/action-misspell/v1/Dockerfile" "/home/runner/work/_actions/reviewdog/action-misspell/v1"
General & Infrastructure	UNKNOWN STEP	2026-04-04T15:06:26.9133025Z #0 building with "default" instance using docker driver
General & Infrastructure	UNKNOWN STEP	2026-04-04T15:06:26.9133482Z 
General & Infrastructure	UNKNOWN STEP	2026-04-04T15:06:26.9133678Z #1 [internal] load build definition from Dockerfile
General & Infrastructure	UNKNOWN STEP	2026-04-04T15:06:26.9134169Z #1 transferring dockerfile: 649B done
General & Infrastructure	UNKNOWN STEP	2026-04-04T15:06:26.9134728Z #1 DONE 0.0s
General & Infrastructure	UNKNOWN STEP	2026-04-04T15:06:26.9134838Z 
General & Infrastructure	UNKNOWN STEP	2026-04-04T15:06:26.9135002Z #2 [auth] library/debian:pull token for registry-1.docker.io
General & Infrastructure	UNKNOWN STEP	2026-04-04T15:06:26.9135341Z #2 DONE 0.0s
General & Infrastructure	UNKNOWN STEP	2026-04-04T15:06:26.9135448Z 
General & Infrastructure	UNKNOWN STEP	2026-04-04T15:06:26.9135644Z #3 [internal] load metadata for docker.io/library/debian:bullseye-slim
General & Infrastructure	UNKNOWN STEP	2026-04-04T15:06:27.0911516Z #3 DONE 0.4s
General & Infrastructure	UNKNOWN STEP	2026-04-04T15:06:27.2082577Z 
General & Infrastructure	UNKNOWN STEP	2026-04-04T15:06:27.2083066Z #4 [internal] load .dockerignore
General & Infrastructure	UNKNOWN STEP	2026-04-04T15:06:27.2083558Z #4 transferring context: 2B done
General & Infrastructure	UNKNOWN STEP	2026-04-04T15:06:27.2083950Z #4 DONE 0.0s
General & Infrastructure	UNKNOWN STEP	2026-04-04T15:06:27.2084135Z 
General & Infrastructure	UNKNOWN STEP	2026-04-04T15:06:27.2084267Z #5 [internal] load build context
General & Infrastructure	UNKNOWN STEP	2026-04-04T15:06:27.2084696Z #5 transferring context: 1.18kB done
General & Infrastructure	UNKNOWN STEP	2026-04-04T15:06:27.2084968Z #5 DONE 0.0s
General & Infrastructure	UNKNOWN STEP	2026-04-04T15:06:27.2085184Z 
General & Infrastructure	UNKNOWN STEP	2026-04-04T15:06:27.2085691Z #6 [1/5] FROM docker.io/library/debian:bullseye-slim@sha256:95a3884fee36b8f33bf32a6bbffa8dffe6cab6089b841cec45fb47c581a2709d
General & Infrastructure	UNKNOWN STEP	2026-04-04T15:06:27.2086847Z #6 resolve docker.io/library/debian:bullseye-slim@sha256:95a3884fee36b8f33bf32a6bbffa8dffe6cab6089b841cec45fb47c581a2709d done
General & Infrastructure	UNKNOWN STEP	2026-04-04T15:06:27.2087889Z #6 sha256:2def39ba61d018877eab029bb49f5312188fcf3f564be382981f921d932f625f 3.15MB / 30.26MB 0.1s
General & Infrastructure	UNKNOWN STEP	2026-04-04T15:06:27.2088592Z #6 sha256:95a3884fee36b8f33bf32a6bbffa8dffe6cab6089b841cec45fb47c581a2709d 4.54kB / 4.54kB done
General & Infrastructure	UNKNOWN STEP	2026-04-04T15:06:27.2089493Z #6 sha256:040964add8da2d945de53cd2b29aa3fd2aa402b6d6de437aca2edbeb9d1cf3f4 1.02kB / 1.02kB done
General & Infrastructure	UNKNOWN STEP	2026-04-04T15:06:27.2090342Z #6 sha256:fa549c2c1e9dc41640ca6b8cc341cb54b21800e7a8824ab3ee0765ed52b65bfb 453B / 453B done
General & Infrastructure	UNKNOWN STEP	2026-04-04T15:06:27.3087583Z #6 sha256:2def39ba61d018877eab029bb49f5312188fcf3f564be382981f921d932f625f 19.92MB / 30.26MB 0.2s
General & Infrastructure	UNKNOWN STEP	2026-04-04T15:06:27.4168431Z #6 sha256:2def39ba61d018877eab029bb49f5312188fcf3f564be382981f921d932f625f 30.26MB / 30.26MB 0.3s
General & Infrastructure	UNKNOWN STEP	2026-04-04T15:06:27.4169358Z #6 extracting sha256:2def39ba61d018877eab029bb49f5312188fcf3f564be382981f921d932f625f
General & Infrastructure	UNKNOWN STEP	2026-04-04T15:06:27.5174865Z #6 sha256:2def39ba61d018877eab029bb49f5312188fcf3f564be382981f921d932f625f 30.26MB / 30.26MB 0.3s done
General & Infrastructure	UNKNOWN STEP	2026-04-04T15:06:28.6703127Z #6 extracting sha256:2def39ba61d018877eab029bb49f5312188fcf3f564be382981f921d932f625f 1.3s done
General & Infrastructure	UNKNOWN STEP	2026-04-04T15:06:28.8386267Z #6 DONE 1.6s
General & Infrastructure	UNKNOWN STEP	2026-04-04T15:06:28.8386717Z 
General & Infrastructure	UNKNOWN STEP	2026-04-04T15:06:28.8387648Z #7 [2/5] RUN apt-get update     && apt-get install -y --no-install-recommends         ca-certificates         git         wget     && apt-get clean     && rm -rf /var/lib/apt/lists/*
General & Infrastructure	UNKNOWN STEP	2026-04-04T15:06:28.8388606Z #7 0.137 Get:1 http://deb.debian.org/debian bullseye InRelease [75.1 kB]
General & Infrastructure	UNKNOWN STEP	2026-04-04T15:06:29.0336750Z #7 0.234 Get:2 http://deb.debian.org/debian-security bullseye-security InRelease [27.2 kB]
General & Infrastructure	UNKNOWN STEP	2026-04-04T15:06:29.0337633Z #7 0.332 Get:3 http://deb.debian.org/debian bullseye-updates InRelease [44.0 kB]
General & Infrastructure	UNKNOWN STEP	2026-04-04T15:06:29.2779421Z #7 0.335 Get:4 http://deb.debian.org/debian bullseye/main amd64 Packages [8066 kB]
General & Infrastructure	UNKNOWN STEP	2026-04-04T15:06:29.2780272Z #7 0.402 Get:5 http://deb.debian.org/debian-security bullseye-security/main amd64 Packages [446 kB]
General & Infrastructure	UNKNOWN STEP	2026-04-04T15:06:29.2781124Z #7 0.425 Get:6 http://deb.debian.org/debian bullseye-updates/main amd64 Packages [18.8 kB]
General & Infrastructure	UNKNOWN STEP	2026-04-04T15:06:29.9796431Z #7 1.277 Fetched 8677 kB in 1s (7538 kB/s)
General & Infrastructure	UNKNOWN STEP	2026-04-04T15:06:30.3331832Z #7 1.277 Reading package lists...
General & Infrastructure	UNKNOWN STEP	2026-04-04T15:06:30.6911938Z #7 1.649 Reading package lists...
General & Infrastructure	UNKNOWN STEP	2026-04-04T15:06:30.8516040Z #7 1.997 Building dependency tree...
General & Infrastructure	UNKNOWN STEP	2026-04-04T15:06:30.8516581Z #7 2.069 Reading state information...
General & Infrastructure	UNKNOWN STEP	2026-04-04T15:06:30.8517238Z #7 2.149 The following additional packages will be installed:
General & Infrastructure	UNKNOWN STEP	2026-04-04T15:06:30.8518039Z #7 2.149   git-man libbrotli1 libcurl3-gnutls liberror-perl libexpat1 libgdbm-compat4
General & Infrastructure	UNKNOWN STEP	2026-04-04T15:06:30.9558623Z #7 2.150   libgdbm6 libldap-2.4-2 libnghttp2-14 libperl5.32 libpsl5 librtmp1 libsasl2-2
General & Infrastructure	UNKNOWN STEP	2026-04-04T15:06:30.9559569Z #7 2.150   libsasl2-modules-db libssh2-1 openssl perl perl-modules-5.32
General & Infrastructure	UNKNOWN STEP	2026-04-04T15:06:30.9560184Z #7 2.150 Suggested packages:
General & Infrastructure	UNKNOWN STEP	2026-04-04T15:06:30.9560780Z #7 2.150   gettext-base git-daemon-run | git-daemon-sysvinit git-doc git-el git-email
General & Infrastructure	UNKNOWN STEP	2026-04-04T15:06:30.9562246Z #7 2.150   git-gui gitk gitweb git-cvs git-mediawiki git-svn gdbm-l10n sensible-utils
General & Infrastructure	UNKNOWN STEP	2026-04-04T15:06:30.9563085Z #7 2.150   perl-doc libterm-readline-gnu-perl | libterm-readline-perl-perl make
General & Infrastructure	UNKNOWN STEP	2026-04-04T15:06:30.9563553Z #7 2.150   libtap-harness-archive-perl
General & Infrastructure	UNKNOWN STEP	2026-04-04T15:06:30.9563915Z #7 2.150 Recommended packages:
General & Infrastructure	UNKNOWN STEP	2026-04-04T15:06:30.9564325Z #7 2.150   patch less ssh-client libldap-common publicsuffix libsasl2-modules netbase
General & Infrastructure	UNKNOWN STEP	2026-04-04T15:06:30.9565115Z #7 2.213 The following NEW packages will be installed:
General & Infrastructure	UNKNOWN STEP	2026-04-04T15:06:30.9565819Z #7 2.213   ca-certificates git git-man libbrotli1 libcurl3-gnutls liberror-perl
General & Infrastructure	UNKNOWN STEP	2026-04-04T15:06:30.9566741Z #7 2.213   libexpat1 libgdbm-compat4 libgdbm6 libldap-2.4-2 libnghttp2-14 libperl5.32
General & Infrastructure	UNKNOWN STEP	2026-04-04T15:06:30.9567675Z #7 2.214   libpsl5 librtmp1 libsasl2-2 libsasl2-modules-db libssh2-1 openssl perl
General & Infrastructure	UNKNOWN STEP	2026-04-04T15:06:30.9568366Z #7 2.214   perl-modules-5.32 wget
General & Infrastructure	UNKNOWN STEP	2026-04-04T15:06:30.9568991Z #7 2.232 0 upgraded, 21 newly installed, 0 to remove and 0 not upgraded.
General & Infrastructure	UNKNOWN STEP	2026-04-04T15:06:30.9569393Z #7 2.232 Need to get 18.3 MB of archives.
General & Infrastructure	UNKNOWN STEP	2026-04-04T15:06:30.9569752Z #7 2.232 After this operation, 94.5 MB of additional disk space will be used.
General & Infrastructure	UNKNOWN STEP	2026-04-04T15:06:30.9570561Z #7 2.232 Get:1 http://deb.debian.org/debian-security bullseye-security/main amd64 perl-modules-5.32 all 5.32.1-4+deb11u4 [2824 kB]
General & Infrastructure	UNKNOWN STEP	2026-04-04T15:06:30.9571838Z #7 2.254 Get:2 http://deb.debian.org/debian bullseye/main amd64 libgdbm6 amd64 1.19-2 [64.9 kB]
General & Infrastructure	UNKNOWN STEP	2026-04-04T15:06:31.1063966Z #7 2.255 Get:3 http://deb.debian.org/debian bullseye/main amd64 libgdbm-compat4 amd64 1.19-2 [44.7 kB]
General & Infrastructure	UNKNOWN STEP	2026-04-04T15:06:31.1065204Z #7 2.256 Get:4 http://deb.debian.org/debian-security bullseye-security/main amd64 libperl5.32 amd64 5.32.1-4+deb11u4 [4132 kB]
General & Infrastructure	UNKNOWN STEP	2026-04-04T15:06:31.1066451Z #7 2.274 Get:5 http://deb.debian.org/debian-security bullseye-security/main amd64 perl amd64 5.32.1-4+deb11u4 [293 kB]
General & Infrastructure	UNKNOWN STEP	2026-04-04T15:06:31.1067733Z #7 2.275 Get:6 http://deb.debian.org/debian-security bullseye-security/main amd64 openssl amd64 1.1.1w-0+deb11u5 [859 kB]
General & Infrastructure	UNKNOWN STEP	2026-04-04T15:06:31.1069249Z #7 2.279 Get:7 http://deb.debian.org/debian-security bullseye-security/main amd64 ca-certificates all 20230311+deb12u1~deb11u1 [169 kB]
General & Infrastructure	UNKNOWN STEP	2026-04-04T15:06:31.1070468Z #7 2.280 Get:8 http://deb.debian.org/debian bullseye/main amd64 libpsl5 amd64 0.21.0-1.2 [57.3 kB]
General & Infrastructure	UNKNOWN STEP	2026-04-04T15:06:31.1071577Z #7 2.281 Get:9 http://deb.debian.org/debian-security bullseye-security/main amd64 wget amd64 1.21-1+deb11u2 [964 kB]
General & Infrastructure	UNKNOWN STEP	2026-04-04T15:06:31.1072938Z #7 2.285 Get:10 http://deb.debian.org/debian bullseye/main amd64 libbrotli1 amd64 1.0.9-2+b2 [279 kB]
General & Infrastructure	UNKNOWN STEP	2026-04-04T15:06:31.1074054Z #7 2.287 Get:11 http://deb.debian.org/debian bullseye/main amd64 libsasl2-modules-db amd64 2.1.27+dfsg-2.1+deb11u1 [69.1 kB]
General & Infrastructure	UNKNOWN STEP	2026-04-04T15:06:31.1075270Z #7 2.288 Get:12 http://deb.debian.org/debian bullseye/main amd64 libsasl2-2 amd64 2.1.27+dfsg-2.1+deb11u1 [106 kB]
General & Infrastructure	UNKNOWN STEP	2026-04-04T15:06:31.1076434Z #7 2.289 Get:13 http://deb.debian.org/debian bullseye/main amd64 libldap-2.4-2 amd64 2.4.57+dfsg-3+deb11u1 [232 kB]
General & Infrastructure	UNKNOWN STEP	2026-04-04T15:06:31.1077378Z #7 2.290 Get:14 http://deb.debian.org/debian-security bullseye-security/main amd64 libnghttp2-14 amd64 1.43.0-1+deb11u2 [77.0 kB]
General & Infrastructure	UNKNOWN STEP	2026-04-04T15:06:31.1078408Z #7 2.291 Get:15 http://deb.debian.org/debian bullseye/main amd64 librtmp1 amd64 2.4+20151223.gitfa8646d.1-2+b2 [60.8 kB]
General & Infrastructure	UNKNOWN STEP	2026-04-04T15:06:31.1079148Z #7 2.292 Get:16 http://deb.debian.org/debian bullseye/main amd64 libssh2-1 amd64 1.9.0-2+deb11u1 [156 kB]
General & Infrastructure	UNKNOWN STEP	2026-04-04T15:06:31.1080452Z #7 2.293 Get:17 http://deb.debian.org/debian-security bullseye-security/main amd64 libcurl3-gnutls amd64 7.74.0-1.3+deb11u16 [344 kB]
General & Infrastructure	UNKNOWN STEP	2026-04-04T15:06:31.1081345Z #7 2.294 Get:18 http://deb.debian.org/debian-security bullseye-security/main amd64 libexpat1 amd64 2.2.10-2+deb11u7 [99.2 kB]
General & Infrastructure	UNKNOWN STEP	2026-04-04T15:06:31.1082354Z #7 2.295 Get:19 http://deb.debian.org/debian bullseye/main amd64 liberror-perl all 0.17029-1 [31.0 kB]
General & Infrastructure	UNKNOWN STEP	2026-04-04T15:06:31.1083491Z #7 2.295 Get:20 http://deb.debian.org/debian-security bullseye-security/main amd64 git-man all 1:2.30.2-1+deb11u5 [1831 kB]
General & Infrastructure	UNKNOWN STEP	2026-04-04T15:06:31.1084408Z #7 2.303 Get:21 http://deb.debian.org/debian-security bullseye-security/main amd64 git amd64 1:2.30.2-1+deb11u5 [5568 kB]
General & Infrastructure	UNKNOWN STEP	2026-04-04T15:06:31.1085175Z #7 2.404 debconf: delaying package configuration, since apt-utils is not installed
General & Infrastructure	UNKNOWN STEP	2026-04-04T15:06:31.2965665Z #7 2.422 Fetched 18.3 MB in 0s (171 MB/s)
General & Infrastructure	UNKNOWN STEP	2026-04-04T15:06:31.2966327Z #7 2.436 Selecting previously unselected package perl-modules-5.32.
General & Infrastructure	UNKNOWN STEP	2026-04-04T15:06:31.2966735Z #7 2.436 (Reading database ... 
General & Infrastructure	UNKNOWN STEP	2026-04-04T15:06:31.2966978Z (Reading database ... 5%
General & Infrastructure	UNKNOWN STEP	2026-04-04T15:06:31.2967207Z (Reading database ... 10%
General & Infrastructure	UNKNOWN STEP	2026-04-04T15:06:31.2967425Z (Reading database ... 15%
General & Infrastructure	UNKNOWN STEP	2026-04-04T15:06:31.2967647Z (Reading database ... 20%
General & Infrastructure	UNKNOWN STEP	2026-04-04T15:06:31.2967868Z (Reading database ... 25%
General & Infrastructure	UNKNOWN STEP	2026-04-04T15:06:31.2968085Z (Reading database ... 30%
General & Infrastructure	UNKNOWN STEP	2026-04-04T15:06:31.2968306Z (Reading database ... 35%
General & Infrastructure	UNKNOWN STEP	2026-04-04T15:06:31.2968534Z (Reading database ... 40%
General & Infrastructure	UNKNOWN STEP	2026-04-04T15:06:31.2968762Z (Reading database ... 45%
General & Infrastructure	UNKNOWN STEP	2026-04-04T15:06:31.2968974Z (Reading database ... 50%
General & Infrastructure	UNKNOWN STEP	2026-04-04T15:06:31.2969195Z (Reading database ... 55%
General & Infrastructure	UNKNOWN STEP	2026-04-04T15:06:31.2969412Z (Reading database ... 60%
General & Infrastructure	UNKNOWN STEP	2026-04-04T15:06:31.2969631Z (Reading database ... 65%
General & Infrastructure	UNKNOWN STEP	2026-04-04T15:06:31.2969845Z (Reading database ... 70%
General & Infrastructure	UNKNOWN STEP	2026-04-04T15:06:31.2970069Z (Reading database ... 75%
General & Infrastructure	UNKNOWN STEP	2026-04-04T15:06:31.2970293Z (Reading database ... 80%
General & Infrastructure	UNKNOWN STEP	2026-04-04T15:06:31.2970505Z (Reading database ... 85%
General & Infrastructure	UNKNOWN STEP	2026-04-04T15:06:31.2970731Z (Reading database ... 90%
General & Infrastructure	UNKNOWN STEP	2026-04-04T15:06:31.2970944Z (Reading database ... 95%
General & Infrastructure	UNKNOWN STEP	2026-04-04T15:06:31.2971180Z (Reading database ... 100%
General & Infrastructure	UNKNOWN STEP	2026-04-04T15:06:31.2971513Z (Reading database ... 6673 files and directories currently installed.)
General & Infrastructure	UNKNOWN STEP	2026-04-04T15:06:31.2972424Z #7 2.443 Preparing to unpack .../00-perl-modules-5.32_5.32.1-4+deb11u4_all.deb ...
General & Infrastructure	UNKNOWN STEP	2026-04-04T15:06:31.2972931Z #7 2.444 Unpacking perl-modules-5.32 (5.32.1-4+deb11u4) ...
General & Infrastructure	UNKNOWN STEP	2026-04-04T15:06:31.4492865Z #7 2.746 Selecting previously unselected package libgdbm6:amd64.
General & Infrastructure	UNKNOWN STEP	2026-04-04T15:06:31.6412372Z #7 2.748 Preparing to unpack .../01-libgdbm6_1.19-2_amd64.deb ...
General & Infrastructure	UNKNOWN STEP	2026-04-04T15:06:31.6413198Z #7 2.750 Unpacking libgdbm6:amd64 (1.19-2) ...
General & Infrastructure	UNKNOWN STEP	2026-04-04T15:06:31.6413845Z #7 2.766 Selecting previously unselected package libgdbm-compat4:amd64.
General & Infrastructure	UNKNOWN STEP	2026-04-04T15:06:31.6414658Z #7 2.767 Preparing to unpack .../02-libgdbm-compat4_1.19-2_amd64.deb ...
General & Infrastructure	UNKNOWN STEP	2026-04-04T15:06:31.6415323Z #7 2.768 Unpacking libgdbm-compat4:amd64 (1.19-2) ...
General & Infrastructure	UNKNOWN STEP	2026-04-04T15:06:31.6415965Z #7 2.786 Selecting previously unselected package libperl5.32:amd64.
General & Infrastructure	UNKNOWN STEP	2026-04-04T15:06:31.6416723Z #7 2.788 Preparing to unpack .../03-libperl5.32_5.32.1-4+deb11u4_amd64.deb ...
General & Infrastructure	UNKNOWN STEP	2026-04-04T15:06:31.6417418Z #7 2.789 Unpacking libperl5.32:amd64 (5.32.1-4+deb11u4) ...
General & Infrastructure	UNKNOWN STEP	2026-04-04T15:06:31.8348156Z #7 3.133 Selecting previously unselected package perl.
General & Infrastructure	UNKNOWN STEP	2026-04-04T15:06:31.9458790Z #7 3.135 Preparing to unpack .../04-perl_5.32.1-4+deb11u4_amd64.deb ...
General & Infrastructure	UNKNOWN STEP	2026-04-04T15:06:31.9459493Z #7 3.140 Unpacking perl (5.32.1-4+deb11u4) ...
General & Infrastructure	UNKNOWN STEP	2026-04-04T15:06:31.9461097Z #7 3.174 Selecting previously unselected package openssl.
General & Infrastructure	UNKNOWN STEP	2026-04-04T15:06:31.9461866Z #7 3.176 Preparing to unpack .../05-openssl_1.1.1w-0+deb11u5_amd64.deb ...
General & Infrastructure	UNKNOWN STEP	2026-04-04T15:06:31.9462837Z #7 3.177 Unpacking openssl (1.1.1w-0+deb11u5) ...
General & Infrastructure	UNKNOWN STEP	2026-04-04T15:06:31.9463768Z #7 3.244 Selecting previously unselected package ca-certificates.
General & Infrastructure	UNKNOWN STEP	2026-04-04T15:06:32.0669883Z #7 3.246 Preparing to unpack .../06-ca-certificates_20230311+deb12u1~deb11u1_all.deb ...
General & Infrastructure	UNKNOWN STEP	2026-04-04T15:06:32.0670631Z #7 3.247 Unpacking ca-certificates (20230311+deb12u1~deb11u1) ...
General & Infrastructure	UNKNOWN STEP	2026-04-04T15:06:32.0671306Z #7 3.283 Selecting previously unselected package libpsl5:amd64.
General & Infrastructure	UNKNOWN STEP	2026-04-04T15:06:32.0671829Z #7 3.285 Preparing to unpack .../07-libpsl5_0.21.0-1.2_amd64.deb ...
General & Infrastructure	UNKNOWN STEP	2026-04-04T15:06:32.0672538Z #7 3.286 Unpacking libpsl5:amd64 (0.21.0-1.2) ...
General & Infrastructure	UNKNOWN STEP	2026-04-04T15:06:32.0672896Z #7 3.301 Selecting previously unselected package wget.
General & Infrastructure	UNKNOWN STEP	2026-04-04T15:06:32.0673592Z #7 3.303 Preparing to unpack .../08-wget_1.21-1+deb11u2_amd64.deb ...
General & Infrastructure	UNKNOWN STEP	2026-04-04T15:06:32.0673979Z #7 3.303 Unpacking wget (1.21-1+deb11u2) ...
General & Infrastructure	UNKNOWN STEP	2026-04-04T15:06:32.0674347Z #7 3.365 Selecting previously unselected package libbrotli1:amd64.
General & Infrastructure	UNKNOWN STEP	2026-04-04T15:06:32.1710207Z #7 3.367 Preparing to unpack .../09-libbrotli1_1.0.9-2+b2_amd64.deb ...
General & Infrastructure	UNKNOWN STEP	2026-04-04T15:06:32.1710748Z #7 3.368 Unpacking libbrotli1:amd64 (1.0.9-2+b2) ...
General & Infrastructure	UNKNOWN STEP	2026-04-04T15:06:32.1711313Z #7 3.398 Selecting previously unselected package libsasl2-modules-db:amd64.
General & Infrastructure	UNKNOWN STEP	2026-04-04T15:06:32.1712044Z #7 3.400 Preparing to unpack .../10-libsasl2-modules-db_2.1.27+dfsg-2.1+deb11u1_amd64.deb ...
General & Infrastructure	UNKNOWN STEP	2026-04-04T15:06:32.1712780Z #7 3.401 Unpacking libsasl2-modules-db:amd64 (2.1.27+dfsg-2.1+deb11u1) ...
General & Infrastructure	UNKNOWN STEP	2026-04-04T15:06:32.1713252Z #7 3.417 Selecting previously unselected package libsasl2-2:amd64.
General & Infrastructure	UNKNOWN STEP	2026-04-04T15:06:32.1713854Z #7 3.418 Preparing to unpack .../11-libsasl2-2_2.1.27+dfsg-2.1+deb11u1_amd64.deb ...
General & Infrastructure	UNKNOWN STEP	2026-04-04T15:06:32.1714342Z #7 3.419 Unpacking libsasl2-2:amd64 (2.1.27+dfsg-2.1+deb11u1) ...
General & Infrastructure	UNKNOWN STEP	2026-04-04T15:06:32.1714898Z #7 3.438 Selecting previously unselected package libldap-2.4-2:amd64.
General & Infrastructure	UNKNOWN STEP	2026-04-04T15:06:32.1715409Z #7 3.440 Preparing to unpack .../12-libldap-2.4-2_2.4.57+dfsg-3+deb11u1_amd64.deb ...
General & Infrastructure	UNKNOWN STEP	2026-04-04T15:06:32.1715905Z #7 3.441 Unpacking libldap-2.4-2:amd64 (2.4.57+dfsg-3+deb11u1) ...
General & Infrastructure	UNKNOWN STEP	2026-04-04T15:06:32.1716430Z #7 3.469 Selecting previously unselected package libnghttp2-14:amd64.
General & Infrastructure	UNKNOWN STEP	2026-04-04T15:06:32.2724240Z #7 3.471 Preparing to unpack .../13-libnghttp2-14_1.43.0-1+deb11u2_amd64.deb ...
General & Infrastructure	UNKNOWN STEP	2026-04-04T15:06:32.2725076Z #7 3.472 Unpacking libnghttp2-14:amd64 (1.43.0-1+deb11u2) ...
General & Infrastructure	UNKNOWN STEP	2026-04-04T15:06:32.2725646Z #7 3.490 Selecting previously unselected package librtmp1:amd64.
General & Infrastructure	UNKNOWN STEP	2026-04-04T15:06:32.2726276Z #7 3.491 Preparing to unpack .../14-librtmp1_2.4+20151223.gitfa8646d.1-2+b2_amd64.deb ...
General & Infrastructure	UNKNOWN STEP	2026-04-04T15:06:32.2727041Z #7 3.492 Unpacking librtmp1:amd64 (2.4+20151223.gitfa8646d.1-2+b2) ...
General & Infrastructure	UNKNOWN STEP	2026-04-04T15:06:32.2727540Z #7 3.507 Selecting previously unselected package libssh2-1:amd64.
General & Infrastructure	UNKNOWN STEP	2026-04-04T15:06:32.2728071Z #7 3.509 Preparing to unpack .../15-libssh2-1_1.9.0-2+deb11u1_amd64.deb ...
General & Infrastructure	UNKNOWN STEP	2026-04-04T15:06:32.2728532Z #7 3.510 Unpacking libssh2-1:amd64 (1.9.0-2+deb11u1) ...
General & Infrastructure	UNKNOWN STEP	2026-04-04T15:06:32.2729075Z #7 3.532 Selecting previously unselected package libcurl3-gnutls:amd64.
General & Infrastructure	UNKNOWN STEP	2026-04-04T15:06:32.2729805Z #7 3.534 Preparing to unpack .../16-libcurl3-gnutls_7.74.0-1.3+deb11u16_amd64.deb ...
General & Infrastructure	UNKNOWN STEP	2026-04-04T15:06:32.2730339Z #7 3.535 Unpacking libcurl3-gnutls:amd64 (7.74.0-1.3+deb11u16) ...
General & Infrastructure	UNKNOWN STEP	2026-04-04T15:06:32.2730903Z #7 3.568 Selecting previously unselected package libexpat1:amd64.
General & Infrastructure	UNKNOWN STEP	2026-04-04T15:06:32.2731684Z #7 3.570 Preparing to unpack .../17-libexpat1_2.2.10-2+deb11u7_amd64.deb ...
General & Infrastructure	UNKNOWN STEP	2026-04-04T15:06:32.3937474Z #7 3.572 Unpacking libexpat1:amd64 (2.2.10-2+deb11u7) ...
General & Infrastructure	UNKNOWN STEP	2026-04-04T15:06:32.3938166Z #7 3.591 Selecting previously unselected package liberror-perl.
General & Infrastructure	UNKNOWN STEP	2026-04-04T15:06:32.3938711Z #7 3.593 Preparing to unpack .../18-liberror-perl_0.17029-1_all.deb ...
General & Infrastructure	UNKNOWN STEP	2026-04-04T15:06:32.3939116Z #7 3.594 Unpacking liberror-perl (0.17029-1) ...
General & Infrastructure	UNKNOWN STEP	2026-04-04T15:06:32.3939435Z #7 3.607 Selecting previously unselected package git-man.
General & Infrastructure	UNKNOWN STEP	2026-04-04T15:06:32.3939830Z #7 3.608 Preparing to unpack .../19-git-man_1%3a2.30.2-1+deb11u5_all.deb ...
General & Infrastructure	UNKNOWN STEP	2026-04-04T15:06:32.3940229Z #7 3.609 Unpacking git-man (1:2.30.2-1+deb11u5) ...
General & Infrastructure	UNKNOWN STEP	2026-04-04T15:06:32.3940787Z #7 3.692 Selecting previously unselected package git.
General & Infrastructure	UNKNOWN STEP	2026-04-04T15:06:32.5590893Z #7 3.694 Preparing to unpack .../20-git_1%3a2.30.2-1+deb11u5_amd64.deb ...
General & Infrastructure	UNKNOWN STEP	2026-04-04T15:06:32.5591362Z #7 3.706 Unpacking git (1:2.30.2-1+deb11u5) ...
General & Infrastructure	UNKNOWN STEP	2026-04-04T15:06:32.7951900Z #7 4.093 Setting up libexpat1:amd64 (2.2.10-2+deb11u7) ...
General & Infrastructure	UNKNOWN STEP	2026-04-04T15:06:32.9021500Z #7 4.096 Setting up libpsl5:amd64 (0.21.0-1.2) ...
General & Infrastructure	UNKNOWN STEP	2026-04-04T15:06:32.9022125Z #7 4.098 Setting up wget (1.21-1+deb11u2) ...
General & Infrastructure	UNKNOWN STEP	2026-04-04T15:06:32.9022784Z #7 4.102 Setting up perl-modules-5.32 (5.32.1-4+deb11u4) ...
General & Infrastructure	UNKNOWN STEP	2026-04-04T15:06:32.9023327Z #7 4.104 Setting up libbrotli1:amd64 (1.0.9-2+b2) ...
General & Infrastructure	UNKNOWN STEP	2026-04-04T15:06:32.9024409Z #7 4.107 Setting up libnghttp2-14:amd64 (1.43.0-1+deb11u2) ...
General & Infrastructure	UNKNOWN STEP	2026-04-04T15:06:32.9025035Z #7 4.109 Setting up libsasl2-modules-db:amd64 (2.1.27+dfsg-2.1+deb11u1) ...
General & Infrastructure	UNKNOWN STEP	2026-04-04T15:06:32.9025731Z #7 4.112 Setting up librtmp1:amd64 (2.4+20151223.gitfa8646d.1-2+b2) ...
General & Infrastructure	UNKNOWN STEP	2026-04-04T15:06:32.9026358Z #7 4.114 Setting up libsasl2-2:amd64 (2.1.27+dfsg-2.1+deb11u1) ...
General & Infrastructure	UNKNOWN STEP	2026-04-04T15:06:32.9026960Z #7 4.116 Setting up git-man (1:2.30.2-1+deb11u5) ...
General & Infrastructure	UNKNOWN STEP	2026-04-04T15:06:32.9027327Z #7 4.119 Setting up libssh2-1:amd64 (1.9.0-2+deb11u1) ...
General & Infrastructure	UNKNOWN STEP	2026-04-04T15:06:32.9027674Z #7 4.121 Setting up openssl (1.1.1w-0+deb11u5) ...
General & Infrastructure	UNKNOWN STEP	2026-04-04T15:06:32.9027991Z #7 4.125 Setting up libgdbm6:amd64 (1.19-2) ...
General & Infrastructure	UNKNOWN STEP	2026-04-04T15:06:32.9028360Z #7 4.131 Setting up libldap-2.4-2:amd64 (2.4.57+dfsg-3+deb11u1) ...
General & Infrastructure	UNKNOWN STEP	2026-04-04T15:06:32.9028789Z #7 4.133 Setting up libcurl3-gnutls:amd64 (7.74.0-1.3+deb11u16) ...
General & Infrastructure	UNKNOWN STEP	2026-04-04T15:06:32.9029205Z #7 4.136 Setting up ca-certificates (20230311+deb12u1~deb11u1) ...
General & Infrastructure	UNKNOWN STEP	2026-04-04T15:06:32.9029605Z #7 4.200 debconf: unable to initialize frontend: Dialog
General & Infrastructure	UNKNOWN STEP	2026-04-04T15:06:32.9030018Z #7 4.200 debconf: (TERM is not set, so the dialog frontend is not usable.)
General & Infrastructure	UNKNOWN STEP	2026-04-04T15:06:32.9030455Z #7 4.200 debconf: falling back to frontend: Readline
General & Infrastructure	UNKNOWN STEP	2026-04-04T15:06:33.2558791Z #7 4.554 Updating certificates in /etc/ssl/certs...
General & Infrastructure	UNKNOWN STEP	2026-04-04T15:06:33.7595009Z #7 5.057 142 added, 0 removed; done.
General & Infrastructure	UNKNOWN STEP	2026-04-04T15:06:33.9695805Z #7 5.071 Setting up libgdbm-compat4:amd64 (1.19-2) ...
General & Infrastructure	UNKNOWN STEP	2026-04-04T15:06:33.9696219Z #7 5.074 Setting up libperl5.32:amd64 (5.32.1-4+deb11u4) ...
General & Infrastructure	UNKNOWN STEP	2026-04-04T15:06:33.9696565Z #7 5.076 Setting up perl (5.32.1-4+deb11u4) ...
General & Infrastructure	UNKNOWN STEP	2026-04-04T15:06:33.9696867Z #7 5.084 Setting up liberror-perl (0.17029-1) ...
General & Infrastructure	UNKNOWN STEP	2026-04-04T15:06:33.9697157Z #7 5.088 Setting up git (1:2.30.2-1+deb11u5) ...
General & Infrastructure	UNKNOWN STEP	2026-04-04T15:06:33.9697487Z #7 5.104 Processing triggers for libc-bin (2.31-13+deb11u13) ...
General & Infrastructure	UNKNOWN STEP	2026-04-04T15:06:33.9697909Z #7 5.113 Processing triggers for ca-certificates (20230311+deb12u1~deb11u1) ...
General & Infrastructure	UNKNOWN STEP	2026-04-04T15:06:33.9698316Z #7 5.117 Updating certificates in /etc/ssl/certs...
General & Infrastructure	UNKNOWN STEP	2026-04-04T15:06:34.2312929Z #7 5.529 0 added, 0 removed; done.
General & Infrastructure	UNKNOWN STEP	2026-04-04T15:06:34.2313549Z #7 5.529 Running hooks in /etc/ca-certificates/update.d...
General & Infrastructure	UNKNOWN STEP	2026-04-04T15:06:34.3823203Z #7 5.530 done.
General & Infrastructure	UNKNOWN STEP	2026-04-04T15:06:34.4265261Z #7 DONE 5.7s
General & Infrastructure	UNKNOWN STEP	2026-04-04T15:06:34.5739452Z 
General & Infrastructure	UNKNOWN STEP	2026-04-04T15:06:34.5740766Z #8 [3/5] RUN wget -O - -q https://raw.githubusercontent.com/reviewdog/reviewdog/fd59714416d6d9a1c0692d872e38e7f8448df4fc/install.sh| sh -s -- -b /usr/local/bin/ v0.21.0
General & Infrastructure	UNKNOWN STEP	2026-04-04T15:06:34.5741639Z #8 0.147 reviewdog/reviewdog info checking GitHub for tag 'v0.21.0'
General & Infrastructure	UNKNOWN STEP	2026-04-04T15:06:34.8948479Z #8 0.467 reviewdog/reviewdog info found version: 0.21.0 for v0.21.0/Linux/x86_64
General & Infrastructure	UNKNOWN STEP	2026-04-04T15:06:35.3442529Z #8 0.917 reviewdog/reviewdog info installed /usr/local/bin//reviewdog
General & Infrastructure	UNKNOWN STEP	2026-04-04T15:06:35.5144665Z #8 DONE 0.9s
General & Infrastructure	UNKNOWN STEP	2026-04-04T15:06:35.5144827Z 
General & Infrastructure	UNKNOWN STEP	2026-04-04T15:06:35.6383559Z #9 [4/5] RUN wget -O - -q https://raw.githubusercontent.com/golangci/misspell/master/install-misspell.sh | sh -s -- -b /usr/local/bin/
General & Infrastructure	UNKNOWN STEP	2026-04-04T15:06:35.6384337Z #9 0.274 golangci/misspell info checking GitHub for latest tag
General & Infrastructure	UNKNOWN STEP	2026-04-04T15:06:35.9723694Z #9 0.608 golangci/misspell info found version: 0.8.0 for v0.8.0/linux/amd64
General & Infrastructure	UNKNOWN STEP	2026-04-04T15:06:36.4665830Z #9 1.103 golangci/misspell info installed /usr/local/bin//misspell
General & Infrastructure	UNKNOWN STEP	2026-04-04T15:06:36.6537257Z #9 DONE 1.1s
General & Infrastructure	UNKNOWN STEP	2026-04-04T15:06:36.6538178Z 
General & Infrastructure	UNKNOWN STEP	2026-04-04T15:06:36.6538362Z #10 [5/5] COPY entrypoint.sh /entrypoint.sh
General & Infrastructure	UNKNOWN STEP	2026-04-04T15:06:36.6538799Z #10 DONE 0.0s
General & Infrastructure	UNKNOWN STEP	2026-04-04T15:06:36.6538973Z 
General & Infrastructure	UNKNOWN STEP	2026-04-04T15:06:36.6539091Z #11 exporting to image
General & Infrastructure	UNKNOWN STEP	2026-04-04T15:06:36.6539400Z #11 exporting layers
General & Infrastructure	UNKNOWN STEP	2026-04-04T15:06:37.2045668Z #11 exporting layers 0.7s done
General & Infrastructure	UNKNOWN STEP	2026-04-04T15:06:37.2256807Z #11 writing image sha256:c917c0472d00a2875ec511ae0ce8f0d5d622e37515d146172546b6f109b4f2c7 done
General & Infrastructure	UNKNOWN STEP	2026-04-04T15:06:37.2259628Z #11 naming to docker.io/library/42ba2a:ae1e11034d844bffa1844fe44d71563e done
General & Infrastructure	UNKNOWN STEP	2026-04-04T15:06:37.2260339Z #11 DONE 0.7s
General & Infrastructure	UNKNOWN STEP	2026-04-04T15:06:37.2308982Z ##[endgroup]
General & Infrastructure	UNKNOWN STEP	2026-04-04T15:06:37.2607078Z ##[group]Run actions/checkout@v4
General & Infrastructure	UNKNOWN STEP	2026-04-04T15:06:37.2607624Z with:
General & Infrastructure	UNKNOWN STEP	2026-04-04T15:06:37.2607808Z   fetch-depth: 0
General & Infrastructure	UNKNOWN STEP	2026-04-04T15:06:37.2608009Z   repository: fkcurrie/utba-swarmmap
General & Infrastructure	UNKNOWN STEP	2026-04-04T15:06:37.2608414Z   token: ***
General & Infrastructure	UNKNOWN STEP	2026-04-04T15:06:37.2608594Z   ssh-strict: true
General & Infrastructure	UNKNOWN STEP	2026-04-04T15:06:37.2608781Z   ssh-user: git
General & Infrastructure	UNKNOWN STEP	2026-04-04T15:06:37.2608962Z   persist-credentials: true
General & Infrastructure	UNKNOWN STEP	2026-04-04T15:06:37.2609173Z   clean: true
General & Infrastructure	UNKNOWN STEP	2026-04-04T15:06:37.2609360Z   sparse-checkout-cone-mode: true
General & Infrastructure	UNKNOWN STEP	2026-04-04T15:06:37.2609588Z   fetch-tags: false
General & Infrastructure	UNKNOWN STEP	2026-04-04T15:06:37.2609769Z   show-progress: true
General & Infrastructure	UNKNOWN STEP	2026-04-04T15:06:37.2609948Z   lfs: false
General & Infrastructure	UNKNOWN STEP	2026-04-04T15:06:37.2610113Z   submodules: false
General & Infrastructure	UNKNOWN STEP	2026-04-04T15:06:37.2610292Z   set-safe-directory: true
General & Infrastructure	UNKNOWN STEP	2026-04-04T15:06:37.2610684Z ##[endgroup]
General & Infrastructure	UNKNOWN STEP	2026-04-04T15:06:37.3718961Z Syncing repository: fkcurrie/utba-swarmmap
General & Infrastructure	UNKNOWN STEP	2026-04-04T15:06:37.3720876Z ##[group]Getting Git version info
General & Infrastructure	UNKNOWN STEP	2026-04-04T15:06:37.3721682Z Working directory is '/home/runner/work/utba-swarmmap/utba-swarmmap'
General & Infrastructure	UNKNOWN STEP	2026-04-04T15:06:37.3722958Z [command]/usr/bin/git version
General & Infrastructure	UNKNOWN STEP	2026-04-04T15:06:37.3739273Z git version 2.53.0
General & Infrastructure	UNKNOWN STEP	2026-04-04T15:06:37.3765116Z ##[endgroup]
General & Infrastructure	UNKNOWN STEP	2026-04-04T15:06:37.3778015Z Temporarily overriding HOME='/home/runner/work/_temp/68661daf-1c59-4950-8db9-11f361a81caa' before making global git config changes
General & Infrastructure	UNKNOWN STEP	2026-04-04T15:06:37.3778828Z Adding repository directory to the temporary git global config as a safe directory
General & Infrastructure	UNKNOWN STEP	2026-04-04T15:06:37.3784922Z [command]/usr/bin/git config --global --add safe.directory /home/runner/work/utba-swarmmap/utba-swarmmap
General & Infrastructure	UNKNOWN STEP	2026-04-04T15:06:37.3816220Z Deleting the contents of '/home/runner/work/utba-swarmmap/utba-swarmmap'
General & Infrastructure	UNKNOWN STEP	2026-04-04T15:06:37.3819723Z ##[group]Initializing the repository
General & Infrastructure	UNKNOWN STEP	2026-04-04T15:06:37.3824410Z [command]/usr/bin/git init /home/runner/work/utba-swarmmap/utba-swarmmap
General & Infrastructure	UNKNOWN STEP	2026-04-04T15:06:37.3913023Z hint: Using 'master' as the name for the initial branch. This default branch name
General & Infrastructure	UNKNOWN STEP	2026-04-04T15:06:37.3913982Z hint: will change to "main" in Git 3.0. To configure the initial branch name
General & Infrastructure	UNKNOWN STEP	2026-04-04T15:06:37.3914900Z hint: to use in all of your new repositories, which will suppress this warning,
General & Infrastructure	UNKNOWN STEP	2026-04-04T15:06:37.3915604Z hint: call:
General & Infrastructure	UNKNOWN STEP	2026-04-04T15:06:37.3915896Z hint:
General & Infrastructure	UNKNOWN STEP	2026-04-04T15:06:37.3916331Z hint: 	git config --global init.defaultBranch <name>
General & Infrastructure	UNKNOWN STEP	2026-04-04T15:06:37.3916855Z hint:
General & Infrastructure	UNKNOWN STEP	2026-04-04T15:06:37.3917371Z hint: Names commonly chosen instead of 'master' are 'main', 'trunk' and
General & Infrastructure	UNKNOWN STEP	2026-04-04T15:06:37.3918280Z hint: 'development'. The just-created branch can be renamed via this command:
General & Infrastructure	UNKNOWN STEP	2026-04-04T15:06:37.3918967Z hint:
General & Infrastructure	UNKNOWN STEP	2026-04-04T15:06:37.3919295Z hint: 	git branch -m <name>
General & Infrastructure	UNKNOWN STEP	2026-04-04T15:06:37.3919671Z hint:
General & Infrastructure	UNKNOWN STEP	2026-04-04T15:06:37.3920245Z hint: Disable this message with "git config set advice.defaultBranchName false"
General & Infrastructure	UNKNOWN STEP	2026-04-04T15:06:37.3921328Z Initialized empty Git repository in /home/runner/work/utba-swarmmap/utba-swarmmap/.git/
General & Infrastructure	UNKNOWN STEP	2026-04-04T15:06:37.3927499Z [command]/usr/bin/git remote add origin https://github.com/fkcurrie/utba-swarmmap
General & Infrastructure	UNKNOWN STEP	2026-04-04T15:06:37.3955872Z ##[endgroup]
General & Infrastructure	UNKNOWN STEP	2026-04-04T15:06:37.3956447Z ##[group]Disabling automatic garbage collection
General & Infrastructure	UNKNOWN STEP	2026-04-04T15:06:37.3959909Z [command]/usr/bin/git config --local gc.auto 0
General & Infrastructure	UNKNOWN STEP	2026-04-04T15:06:37.3986783Z ##[endgroup]
General & Infrastructure	UNKNOWN STEP	2026-04-04T15:06:37.3987295Z ##[group]Setting up auth
General & Infrastructure	UNKNOWN STEP	2026-04-04T15:06:37.3993837Z [command]/usr/bin/git config --local --name-only --get-regexp core\.sshCommand
General & Infrastructure	UNKNOWN STEP	2026-04-04T15:06:37.4022378Z [command]/usr/bin/git submodule foreach --recursive sh -c "git config --local --name-only --get-regexp 'core\.sshCommand' && git config --local --unset-all 'core.sshCommand' || :"
General & Infrastructure	UNKNOWN STEP	2026-04-04T15:06:37.4310343Z [command]/usr/bin/git config --local --name-only --get-regexp http\.https\:\/\/github\.com\/\.extraheader
General & Infrastructure	UNKNOWN STEP	2026-04-04T15:06:37.4340477Z [command]/usr/bin/git submodule foreach --recursive sh -c "git config --local --name-only --get-regexp 'http\.https\:\/\/github\.com\/\.extraheader' && git config --local --unset-all 'http.https://github.com/.extraheader' || :"
General & Infrastructure	UNKNOWN STEP	2026-04-04T15:06:37.4555704Z [command]/usr/bin/git config --local --name-only --get-regexp ^includeIf\.gitdir:
General & Infrastructure	UNKNOWN STEP	2026-04-04T15:06:37.4594352Z [command]/usr/bin/git submodule foreach --recursive git config --local --show-origin --name-only --get-regexp remote.origin.url
General & Infrastructure	UNKNOWN STEP	2026-04-04T15:06:37.4814377Z [command]/usr/bin/git config --local http.https://github.com/.extraheader AUTHORIZATION: basic ***
General & Infrastructure	UNKNOWN STEP	2026-04-04T15:06:37.4848795Z ##[endgroup]
General & Infrastructure	UNKNOWN STEP	2026-04-04T15:06:37.4849308Z ##[group]Fetching the repository
General & Infrastructure	UNKNOWN STEP	2026-04-04T15:06:37.4857931Z [command]/usr/bin/git -c protocol.version=2 fetch --prune --no-recurse-submodules origin +refs/heads/*:refs/remotes/origin/* +refs/tags/*:refs/tags/* +64b5842f8d5943970062dbe5bf0d01e945988111:refs/remotes/pull/27/merge
General & Infrastructure	UNKNOWN STEP	2026-04-04T15:06:37.8904855Z From https://github.com/fkcurrie/utba-swarmmap
General & Infrastructure	UNKNOWN STEP	2026-04-04T15:06:37.8907254Z  * [new branch]      issue-10-qMX0                            -> origin/issue-10-qMX0
General & Infrastructure	UNKNOWN STEP	2026-04-04T15:06:37.8908061Z  * [new branch]      main                                     -> origin/main
General & Infrastructure	UNKNOWN STEP	2026-04-04T15:06:37.8908769Z  * [new tag]         v0.5                                     -> v0.5
General & Infrastructure	UNKNOWN STEP	2026-04-04T15:06:37.8909422Z  * [new tag]         v0.5-alpha                               -> v0.5-alpha
General & Infrastructure	UNKNOWN STEP	2026-04-04T15:06:37.8910145Z  * [new ref]         64b5842f8d5943970062dbe5bf0d01e945988111 -> pull/27/merge
General & Infrastructure	UNKNOWN STEP	2026-04-04T15:06:37.8944234Z ##[endgroup]
General & Infrastructure	UNKNOWN STEP	2026-04-04T15:06:37.8946052Z ##[group]Determining the checkout info
General & Infrastructure	UNKNOWN STEP	2026-04-04T15:06:37.8946495Z ##[endgroup]
General & Infrastructure	UNKNOWN STEP	2026-04-04T15:06:37.8950330Z [command]/usr/bin/git sparse-checkout disable
General & Infrastructure	UNKNOWN STEP	2026-04-04T15:06:37.8986452Z [command]/usr/bin/git config --local --unset-all extensions.worktreeConfig
General & Infrastructure	UNKNOWN STEP	2026-04-04T15:06:37.9010056Z ##[group]Checking out the ref
General & Infrastructure	UNKNOWN STEP	2026-04-04T15:06:37.9014044Z [command]/usr/bin/git checkout --progress --force refs/remotes/pull/27/merge
General & Infrastructure	UNKNOWN STEP	2026-04-04T15:06:37.9239171Z Note: switching to 'refs/remotes/pull/27/merge'.
General & Infrastructure	UNKNOWN STEP	2026-04-04T15:06:37.9239606Z 
General & Infrastructure	UNKNOWN STEP	2026-04-04T15:06:37.9242146Z You are in 'detached HEAD' state. You can look around, make experimental
General & Infrastructure	UNKNOWN STEP	2026-04-04T15:06:37.9243162Z changes and commit them, and you can discard any commits you make in this
General & Infrastructure	UNKNOWN STEP	2026-04-04T15:06:37.9244012Z state without impacting any branches by switching back to a branch.
General & Infrastructure	UNKNOWN STEP	2026-04-04T15:06:37.9244461Z 
General & Infrastructure	UNKNOWN STEP	2026-04-04T15:06:37.9244673Z If you want to create a new branch to retain commits you create, you may
General & Infrastructure	UNKNOWN STEP	2026-04-04T15:06:37.9245180Z do so (now or later) by using -c with the switch command. Example:
General & Infrastructure	UNKNOWN STEP	2026-04-04T15:06:37.9245472Z 
General & Infrastructure	UNKNOWN STEP	2026-04-04T15:06:37.9245582Z   git switch -c <new-branch-name>
General & Infrastructure	UNKNOWN STEP	2026-04-04T15:06:37.9245868Z 
General & Infrastructure	UNKNOWN STEP	2026-04-04T15:06:37.9245974Z Or undo this operation with:
General & Infrastructure	UNKNOWN STEP	2026-04-04T15:06:37.9246151Z 
General & Infrastructure	UNKNOWN STEP	2026-04-04T15:06:37.9246245Z   git switch -
General & Infrastructure	UNKNOWN STEP	2026-04-04T15:06:37.9246373Z 
General & Infrastructure	UNKNOWN STEP	2026-04-04T15:06:37.9246611Z Turn off this advice by setting config variable advice.detachedHead to false
General & Infrastructure	UNKNOWN STEP	2026-04-04T15:06:37.9246980Z 
General & Infrastructure	UNKNOWN STEP	2026-04-04T15:06:37.9247403Z HEAD is now at 64b5842 Merge 2e6276a1fe98787bc7f3f56b871f07702491f5fb into ce8c646a1e1a3155ecfdd83f5a8af5e375dad3a3
General & Infrastructure	UNKNOWN STEP	2026-04-04T15:06:37.9249792Z ##[endgroup]
General & Infrastructure	UNKNOWN STEP	2026-04-04T15:06:37.9287997Z [command]/usr/bin/git log -1 --format=%H
General & Infrastructure	UNKNOWN STEP	2026-04-04T15:06:37.9309445Z 64b5842f8d5943970062dbe5bf0d01e945988111
General & Infrastructure	UNKNOWN STEP	2026-04-04T15:06:37.9518547Z ##[group]Run actions/setup-node@v4
General & Infrastructure	UNKNOWN STEP	2026-04-04T15:06:37.9518821Z with:
General & Infrastructure	UNKNOWN STEP	2026-04-04T15:06:37.9518994Z   node-version: 20
General & Infrastructure	UNKNOWN STEP	2026-04-04T15:06:37.9519182Z   cache: npm
General & Infrastructure	UNKNOWN STEP	2026-04-04T15:06:37.9519356Z   always-auth: false
General & Infrastructure	UNKNOWN STEP	2026-04-04T15:06:37.9519558Z   check-latest: false
General & Infrastructure	UNKNOWN STEP	2026-04-04T15:06:37.9519851Z   token: ***
General & Infrastructure	UNKNOWN STEP	2026-04-04T15:06:37.9520031Z ##[endgroup]
General & Infrastructure	UNKNOWN STEP	2026-04-04T15:06:38.1254490Z Found in cache @ /opt/hostedtoolcache/node/20.20.2/x64
General & Infrastructure	UNKNOWN STEP	2026-04-04T15:06:38.1261002Z ##[group]Environment details
General & Infrastructure	UNKNOWN STEP	2026-04-04T15:06:38.4358870Z node: v20.20.2
General & Infrastructure	UNKNOWN STEP	2026-04-04T15:06:38.4359223Z npm: 10.8.2
General & Infrastructure	UNKNOWN STEP	2026-04-04T15:06:38.4359450Z yarn: 1.22.22
General & Infrastructure	UNKNOWN STEP	2026-04-04T15:06:38.4360745Z ##[endgroup]
General & Infrastructure	UNKNOWN STEP	2026-04-04T15:06:38.4381697Z [command]/opt/hostedtoolcache/node/20.20.2/x64/bin/npm config get cache
General & Infrastructure	UNKNOWN STEP	2026-04-04T15:06:38.5489722Z /home/runner/.npm
General & Infrastructure	UNKNOWN STEP	2026-04-04T15:06:38.6810573Z Cache hit for: node-cache-Linux-x64-npm-a149a2b54d6a7fc95fd7e887bb4fe116f5202d81940a254fdd2fce92c6f48dc7
General & Infrastructure	UNKNOWN STEP	2026-04-04T15:06:39.3097612Z Received 25534559 of 25534559 (100.0%), 48.6 MBs/sec
General & Infrastructure	UNKNOWN STEP	2026-04-04T15:06:39.3098310Z Cache Size: ~24 MB (25534559 B)
General & Infrastructure	UNKNOWN STEP	2026-04-04T15:06:39.3131420Z [command]/usr/bin/tar -xf /home/runner/work/_temp/b64ee862-6492-4712-b131-a1772478808f/cache.tzst -P -C /home/runner/work/utba-swarmmap/utba-swarmmap --use-compress-program unzstd
General & Infrastructure	UNKNOWN STEP	2026-04-04T15:06:39.4099152Z Cache restored successfully
General & Infrastructure	UNKNOWN STEP	2026-04-04T15:06:39.4116529Z Cache restored from key: node-cache-Linux-x64-npm-a149a2b54d6a7fc95fd7e887bb4fe116f5202d81940a254fdd2fce92c6f48dc7
General & Infrastructure	UNKNOWN STEP	2026-04-04T15:06:39.4281414Z ##[group]Run actions/setup-go@v5
General & Infrastructure	UNKNOWN STEP	2026-04-04T15:06:39.4281678Z with:
General & Infrastructure	UNKNOWN STEP	2026-04-04T15:06:39.4281850Z   go-version: 1.22
General & Infrastructure	UNKNOWN STEP	2026-04-04T15:06:39.4282386Z   check-latest: false
General & Infrastructure	UNKNOWN STEP	2026-04-04T15:06:39.4282697Z   token: ***
General & Infrastructure	UNKNOWN STEP	2026-04-04T15:06:39.4282876Z   cache: true
General & Infrastructure	UNKNOWN STEP	2026-04-04T15:06:39.4283081Z ##[endgroup]
General & Infrastructure	UNKNOWN STEP	2026-04-04T15:06:39.5904038Z Setup go version spec 1.22
General & Infrastructure	UNKNOWN STEP	2026-04-04T15:06:39.5958228Z Found in cache @ /opt/hostedtoolcache/go/1.22.12/x64
General & Infrastructure	UNKNOWN STEP	2026-04-04T15:06:39.5962940Z Added go to the path
General & Infrastructure	UNKNOWN STEP	2026-04-04T15:06:39.5967983Z Successfully set up Go version 1.22
General & Infrastructure	UNKNOWN STEP	2026-04-04T15:06:39.8462264Z [command]/opt/hostedtoolcache/go/1.22.12/x64/bin/go env GOMODCACHE
General & Infrastructure	UNKNOWN STEP	2026-04-04T15:06:39.8497158Z [command]/opt/hostedtoolcache/go/1.22.12/x64/bin/go env GOCACHE
General & Infrastructure	UNKNOWN STEP	2026-04-04T15:06:39.8521968Z /home/runner/go/pkg/mod
General & Infrastructure	UNKNOWN STEP	2026-04-04T15:06:39.8550760Z /home/runner/.cache/go-build
General & Infrastructure	UNKNOWN STEP	2026-04-04T15:06:39.8579384Z ##[warning]Restore cache failed: Dependencies file is not found in /home/runner/work/utba-swarmmap/utba-swarmmap. Supported file pattern: go.sum
General & Infrastructure	UNKNOWN STEP	2026-04-04T15:06:39.8589719Z go version go1.22.12 linux/amd64
General & Infrastructure	UNKNOWN STEP	2026-04-04T15:06:39.8589924Z 
General & Infrastructure	UNKNOWN STEP	2026-04-04T15:06:39.8590179Z ##[group]go env
General & Infrastructure	UNKNOWN STEP	2026-04-04T15:06:39.9739137Z GO111MODULE=''
General & Infrastructure	UNKNOWN STEP	2026-04-04T15:06:39.9739451Z GOARCH='amd64'
General & Infrastructure	UNKNOWN STEP	2026-04-04T15:06:39.9739687Z GOBIN=''
General & Infrastructure	UNKNOWN STEP	2026-04-04T15:06:39.9740017Z GOCACHE='/home/runner/.cache/go-build'
General & Infrastructure	UNKNOWN STEP	2026-04-04T15:06:39.9740440Z GOENV='/home/runner/.config/go/env'
General & Infrastructure	UNKNOWN STEP	2026-04-04T15:06:39.9740769Z GOEXE=''
General & Infrastructure	UNKNOWN STEP	2026-04-04T15:06:39.9740986Z GOEXPERIMENT=''
General & Infrastructure	UNKNOWN STEP	2026-04-04T15:06:39.9741230Z GOFLAGS=''
General & Infrastructure	UNKNOWN STEP	2026-04-04T15:06:39.9741510Z GOHOSTARCH='amd64'
General & Infrastructure	UNKNOWN STEP	2026-04-04T15:06:39.9741748Z GOHOSTOS='linux'
General & Infrastructure	UNKNOWN STEP	2026-04-04T15:06:39.9742300Z GOINSECURE=''
General & Infrastructure	UNKNOWN STEP	2026-04-04T15:06:39.9742661Z GOMODCACHE='/home/runner/go/pkg/mod'
General & Infrastructure	UNKNOWN STEP	2026-04-04T15:06:39.9742983Z GONOPROXY=''
General & Infrastructure	UNKNOWN STEP	2026-04-04T15:06:39.9743215Z GONOSUMDB=''
General & Infrastructure	UNKNOWN STEP	2026-04-04T15:06:39.9743415Z GOOS='linux'
General & Infrastructure	UNKNOWN STEP	2026-04-04T15:06:39.9743656Z GOPATH='/home/runner/go'
General & Infrastructure	UNKNOWN STEP	2026-04-04T15:06:39.9743930Z GOPRIVATE=''
General & Infrastructure	UNKNOWN STEP	2026-04-04T15:06:39.9744321Z GOPROXY='https://proxy.golang.org,direct'
General & Infrastructure	UNKNOWN STEP	2026-04-04T15:06:39.9744810Z GOROOT='/opt/hostedtoolcache/go/1.22.12/x64'
General & Infrastructure	UNKNOWN STEP	2026-04-04T15:06:39.9745185Z GOSUMDB='sum.golang.org'
General & Infrastructure	UNKNOWN STEP	2026-04-04T15:06:39.9745453Z GOTMPDIR=''
General & Infrastructure	UNKNOWN STEP	2026-04-04T15:06:39.9745693Z GOTOOLCHAIN='auto'
General & Infrastructure	UNKNOWN STEP	2026-04-04T15:06:39.9746183Z GOTOOLDIR='/opt/hostedtoolcache/go/1.22.12/x64/pkg/tool/linux_amd64'
General & Infrastructure	UNKNOWN STEP	2026-04-04T15:06:39.9746614Z GOVCS=''
General & Infrastructure	UNKNOWN STEP	2026-04-04T15:06:39.9746958Z GOVERSION='go1.22.12'
General & Infrastructure	UNKNOWN STEP	2026-04-04T15:06:39.9747189Z GCCGO='gccgo'
General & Infrastructure	UNKNOWN STEP	2026-04-04T15:06:39.9747418Z GOAMD64='v1'
General & Infrastructure	UNKNOWN STEP	2026-04-04T15:06:39.9747640Z AR='ar'
General & Infrastructure	UNKNOWN STEP	2026-04-04T15:06:39.9747846Z CC='gcc'
General & Infrastructure	UNKNOWN STEP	2026-04-04T15:06:39.9748037Z CXX='g++'
General & Infrastructure	UNKNOWN STEP	2026-04-04T15:06:39.9748260Z CGO_ENABLED='1'
General & Infrastructure	UNKNOWN STEP	2026-04-04T15:06:39.9748511Z GOMOD='/dev/null'
General & Infrastructure	UNKNOWN STEP	2026-04-04T15:06:39.9748740Z GOWORK=''
General & Infrastructure	UNKNOWN STEP	2026-04-04T15:06:39.9748976Z CGO_CFLAGS='-O2 -g'
General & Infrastructure	UNKNOWN STEP	2026-04-04T15:06:39.9749244Z CGO_CPPFLAGS=''
General & Infrastructure	UNKNOWN STEP	2026-04-04T15:06:39.9749508Z CGO_CXXFLAGS='-O2 -g'
General & Infrastructure	UNKNOWN STEP	2026-04-04T15:06:39.9749778Z CGO_FFLAGS='-O2 -g'
General & Infrastructure	UNKNOWN STEP	2026-04-04T15:06:39.9750036Z CGO_LDFLAGS='-O2 -g'
General & Infrastructure	UNKNOWN STEP	2026-04-04T15:06:39.9750329Z PKG_CONFIG='pkg-config'
General & Infrastructure	UNKNOWN STEP	2026-04-04T15:06:39.9751372Z GOGCCFLAGS='-fPIC -m64 -pthread -Wl,--no-gc-sections -fmessage-length=0 -ffile-prefix-map=/tmp/go-build1990938644=/tmp/go-build -gno-record-gcc-switches'
General & Infrastructure	UNKNOWN STEP	2026-04-04T15:06:39.9752331Z 
General & Infrastructure	UNKNOWN STEP	2026-04-04T15:06:39.9752695Z ##[endgroup]
General & Infrastructure	UNKNOWN STEP	2026-04-04T15:06:39.9852773Z ##[group]Run npm ci
General & Infrastructure	UNKNOWN STEP	2026-04-04T15:06:39.9853068Z [36;1mnpm ci[0m
General & Infrastructure	UNKNOWN STEP	2026-04-04T15:06:39.9888302Z shell: /usr/bin/bash -e {0}
General & Infrastructure	UNKNOWN STEP	2026-04-04T15:06:39.9888551Z ##[endgroup]
General & Infrastructure	UNKNOWN STEP	2026-04-04T15:06:41.6907342Z npm warn deprecated git-raw-commits@4.0.0: This package is no longer maintained. For the JavaScript API, please use @conventional-changelog/git-client instead.
General & Infrastructure	UNKNOWN STEP	2026-04-04T15:06:42.2617535Z npm warn deprecated popper.js@1.16.1: You can find the new Popper v2 at @popperjs/core, this package is dedicated to the legacy v1
General & Infrastructure	UNKNOWN STEP	2026-04-04T15:06:42.8671662Z 
General & Infrastructure	UNKNOWN STEP	2026-04-04T15:06:42.8672588Z added 354 packages, and audited 355 packages in 3s
General & Infrastructure	UNKNOWN STEP	2026-04-04T15:06:42.8673051Z 
General & Infrastructure	UNKNOWN STEP	2026-04-04T15:06:42.8673260Z 122 packages are looking for funding
General & Infrastructure	UNKNOWN STEP	2026-04-04T15:06:42.8673838Z   run `npm fund` for details
General & Infrastructure	UNKNOWN STEP	2026-04-04T15:06:42.8683907Z 
General & Infrastructure	UNKNOWN STEP	2026-04-04T15:06:42.8684253Z found 0 vulnerabilities
General & Infrastructure	UNKNOWN STEP	2026-04-04T15:06:42.8959941Z ##[group]Run reviewdog/action-detect-secrets@v0
General & Infrastructure	UNKNOWN STEP	2026-04-04T15:06:42.8960259Z with:
General & Infrastructure	UNKNOWN STEP	2026-04-04T15:06:42.8960614Z   github_token: ***
General & Infrastructure	UNKNOWN STEP	2026-04-04T15:06:42.8960834Z   reporter: github-pr-review
General & Infrastructure	UNKNOWN STEP	2026-04-04T15:06:42.8961093Z   name: detect-secrets
General & Infrastructure	UNKNOWN STEP	2026-04-04T15:06:42.8961282Z   workdir: .
General & Infrastructure	UNKNOWN STEP	2026-04-04T15:06:42.8961466Z   filter_mode: added
General & Infrastructure	UNKNOWN STEP	2026-04-04T15:06:42.8961652Z   fail_level: none
General & Infrastructure	UNKNOWN STEP	2026-04-04T15:06:42.8961827Z   fail_on_error: false
General & Infrastructure	UNKNOWN STEP	2026-04-04T15:06:42.8962334Z   level: error
General & Infrastructure	UNKNOWN STEP	2026-04-04T15:06:42.8962617Z   detect_secrets_flags: --all-files --force-use-all-plugins
General & Infrastructure	UNKNOWN STEP	2026-04-04T15:06:42.8962950Z   skip_audited: false
General & Infrastructure	UNKNOWN STEP	2026-04-04T15:06:42.8963143Z   verbose: false
General & Infrastructure	UNKNOWN STEP	2026-04-04T15:06:42.8963334Z ##[endgroup]
General & Infrastructure	UNKNOWN STEP	2026-04-04T15:06:42.9059053Z ##[command]/usr/bin/docker run --name ba2a681357d58e26469681a3426684f7dd6e_6597b2 --label 42ba2a --workdir /github/workspace --rm -e "INPUT_GITHUB_TOKEN" -e "INPUT_REPORTER" -e "INPUT_NAME" -e "INPUT_WORKDIR" -e "INPUT_FILTER_MODE" -e "INPUT_FAIL_LEVEL" -e "INPUT_FAIL_ON_ERROR" -e "INPUT_LEVEL" -e "INPUT_REVIEWDOG_FLAGS" -e "INPUT_DETECT_SECRETS_FLAGS" -e "INPUT_BASELINE_PATH" -e "INPUT_SKIP_AUDITED" -e "INPUT_VERBOSE" -e "HOME" -e "GITHUB_JOB" -e "GITHUB_REF" -e "GITHUB_SHA" -e "GITHUB_REPOSITORY" -e "GITHUB_REPOSITORY_OWNER" -e "GITHUB_REPOSITORY_OWNER_ID" -e "GITHUB_RUN_ID" -e "GITHUB_RUN_NUMBER" -e "GITHUB_RETENTION_DAYS" -e "GITHUB_RUN_ATTEMPT" -e "GITHUB_ACTOR_ID" -e "GITHUB_ACTOR" -e "GITHUB_WORKFLOW" -e "GITHUB_HEAD_REF" -e "GITHUB_BASE_REF" -e "GITHUB_EVENT_NAME" -e "GITHUB_SERVER_URL" -e "GITHUB_API_URL" -e "GITHUB_GRAPHQL_URL" -e "GITHUB_REF_NAME" -e "GITHUB_REF_PROTECTED" -e "GITHUB_REF_TYPE" -e "GITHUB_WORKFLOW_REF" -e "GITHUB_WORKFLOW_SHA" -e "GITHUB_REPOSITORY_ID" -e "GITHUB_TRIGGERING_ACTOR" -e "GITHUB_WORKSPACE" -e "GITHUB_ACTION" -e "GITHUB_EVENT_PATH" -e "GITHUB_ACTION_REPOSITORY" -e "GITHUB_ACTION_REF" -e "GITHUB_PATH" -e "GITHUB_ENV" -e "GITHUB_STEP_SUMMARY" -e "GITHUB_STATE" -e "GITHUB_OUTPUT" -e "RUNNER_OS" -e "RUNNER_ARCH" -e "RUNNER_NAME" -e "RUNNER_ENVIRONMENT" -e "RUNNER_TOOL_CACHE" -e "RUNNER_TEMP" -e "RUNNER_WORKSPACE" -e "ACTIONS_RUNTIME_URL" -e "ACTIONS_RUNTIME_TOKEN" -e "ACTIONS_CACHE_URL" -e "ACTIONS_RESULTS_URL" -e "ACTIONS_ORCHESTRATION_ID" -e GITHUB_ACTIONS=true -e CI=true -v "/var/run/docker.sock":"/var/run/docker.sock" -v "/home/runner/work/_temp":"/github/runner_temp" -v "/home/runner/work/_temp/_github_home":"/github/home" -v "/home/runner/work/_temp/_github_workflow":"/github/workflow" -v "/home/runner/work/_temp/_runner_file_commands":"/github/file_commands" -v "/home/runner/work/utba-swarmmap/utba-swarmmap":"/github/workspace" 42ba2a:681357d58e26469681a3426684f7dd6e
General & Infrastructure	UNKNOWN STEP	2026-04-04T15:06:43.6367522Z 1.5.0
General & Infrastructure	UNKNOWN STEP	2026-04-04T15:10:15.2365353Z ##[group]Run reviewdog/action-actionlint@v1
General & Infrastructure	UNKNOWN STEP	2026-04-04T15:10:15.2365667Z with:
General & Infrastructure	UNKNOWN STEP	2026-04-04T15:10:15.2366018Z   github_token: ***
General & Infrastructure	UNKNOWN STEP	2026-04-04T15:10:15.2366231Z   reporter: github-pr-review
General & Infrastructure	UNKNOWN STEP	2026-04-04T15:10:15.2366461Z   tool_name: actionlint
General & Infrastructure	UNKNOWN STEP	2026-04-04T15:10:15.2366655Z   level: error
General & Infrastructure	UNKNOWN STEP	2026-04-04T15:10:15.2366823Z   filter_mode: file
General & Infrastructure	UNKNOWN STEP	2026-04-04T15:10:15.2367002Z   fail_level: none
General & Infrastructure	UNKNOWN STEP	2026-04-04T15:10:15.2367180Z   fail_on_error: false
General & Infrastructure	UNKNOWN STEP	2026-04-04T15:10:15.2367365Z ##[endgroup]
General & Infrastructure	UNKNOWN STEP	2026-04-04T15:10:15.2380131Z ##[command]/usr/bin/docker run --name ghcrioreviewdogactionactionlintv1720_1ca493 --label 42ba2a --workdir /github/workspace --rm -e "INPUT_GITHUB_TOKEN" -e "INPUT_REPORTER" -e "INPUT_TOOL_NAME" -e "INPUT_LEVEL" -e "INPUT_FILTER_MODE" -e "INPUT_FAIL_LEVEL" -e "INPUT_FAIL_ON_ERROR" -e "INPUT_REVIEWDOG_FLAGS" -e "INPUT_ACTIONLINT_FLAGS" -e "HOME" -e "GITHUB_JOB" -e "GITHUB_REF" -e "GITHUB_SHA" -e "GITHUB_REPOSITORY" -e "GITHUB_REPOSITORY_OWNER" -e "GITHUB_REPOSITORY_OWNER_ID" -e "GITHUB_RUN_ID" -e "GITHUB_RUN_NUMBER" -e "GITHUB_RETENTION_DAYS" -e "GITHUB_RUN_ATTEMPT" -e "GITHUB_ACTOR_ID" -e "GITHUB_ACTOR" -e "GITHUB_WORKFLOW" -e "GITHUB_HEAD_REF" -e "GITHUB_BASE_REF" -e "GITHUB_EVENT_NAME" -e "GITHUB_SERVER_URL" -e "GITHUB_API_URL" -e "GITHUB_GRAPHQL_URL" -e "GITHUB_REF_NAME" -e "GITHUB_REF_PROTECTED" -e "GITHUB_REF_TYPE" -e "GITHUB_WORKFLOW_REF" -e "GITHUB_WORKFLOW_SHA" -e "GITHUB_REPOSITORY_ID" -e "GITHUB_TRIGGERING_ACTOR" -e "GITHUB_WORKSPACE" -e "GITHUB_ACTION" -e "GITHUB_EVENT_PATH" -e "GITHUB_ACTION_REPOSITORY" -e "GITHUB_ACTION_REF" -e "GITHUB_PATH" -e "GITHUB_ENV" -e "GITHUB_STEP_SUMMARY" -e "GITHUB_STATE" -e "GITHUB_OUTPUT" -e "RUNNER_OS" -e "RUNNER_ARCH" -e "RUNNER_NAME" -e "RUNNER_ENVIRONMENT" -e "RUNNER_TOOL_CACHE" -e "RUNNER_TEMP" -e "RUNNER_WORKSPACE" -e "ACTIONS_RUNTIME_URL" -e "ACTIONS_RUNTIME_TOKEN" -e "ACTIONS_CACHE_URL" -e "ACTIONS_RESULTS_URL" -e "ACTIONS_ORCHESTRATION_ID" -e GITHUB_ACTIONS=true -e CI=true --entrypoint "/entrypoint.sh" -v "/var/run/docker.sock":"/var/run/docker.sock" -v "/home/runner/work/_temp":"/github/runner_temp" -v "/home/runner/work/_temp/_github_home":"/github/home" -v "/home/runner/work/_temp/_github_workflow":"/github/workflow" -v "/home/runner/work/_temp/_runner_file_commands":"/github/file_commands" -v "/home/runner/work/utba-swarmmap/utba-swarmmap":"/github/workspace" ghcr.io/reviewdog/action-actionlint:v1.72.0
General & Infrastructure	UNKNOWN STEP	2026-04-04T15:10:16.1401576Z ##[group]Run ibiqlik/action-yamllint@v3
General & Infrastructure	UNKNOWN STEP	2026-04-04T15:10:16.1401866Z with:
General & Infrastructure	UNKNOWN STEP	2026-04-04T15:10:16.1402951Z   file_or_dir: .
General & Infrastructure	UNKNOWN STEP	2026-04-04T15:10:16.1403166Z   config_file: .yamllint.yaml
General & Infrastructure	UNKNOWN STEP	2026-04-04T15:10:16.1403412Z   format: parsable
General & Infrastructure	UNKNOWN STEP	2026-04-04T15:10:16.1403592Z   strict: false
General & Infrastructure	UNKNOWN STEP	2026-04-04T15:10:16.1403770Z   no_warnings: false
General & Infrastructure	UNKNOWN STEP	2026-04-04T15:10:16.1403952Z ##[endgroup]
General & Infrastructure	UNKNOWN STEP	2026-04-04T15:10:16.1501045Z ##[group]Run # export LOGFILE=$(mktemp yamllint-XXXXXX)
General & Infrastructure	UNKNOWN STEP	2026-04-04T15:10:16.1501431Z [36;1m# export LOGFILE=$(mktemp yamllint-XXXXXX)[0m
General & Infrastructure	UNKNOWN STEP	2026-04-04T15:10:16.1501863Z [36;1m/home/runner/work/_actions/ibiqlik/action-yamllint/v3/entrypoint.sh[0m
General & Infrastructure	UNKNOWN STEP	2026-04-04T15:10:16.1529766Z shell: /usr/bin/bash --noprofile --norc -e -o pipefail {0}
General & Infrastructure	UNKNOWN STEP	2026-04-04T15:10:16.1530084Z env:
General & Infrastructure	UNKNOWN STEP	2026-04-04T15:10:16.1530258Z   INPUT_FILE_OR_DIR: .
General & Infrastructure	UNKNOWN STEP	2026-04-04T15:10:16.1530478Z   INPUT_CONFIG_FILE: .yamllint.yaml
General & Infrastructure	UNKNOWN STEP	2026-04-04T15:10:16.1530723Z   INPUT_CONFIG_DATA: 
General & Infrastructure	UNKNOWN STEP	2026-04-04T15:10:16.1530926Z   INPUT_FORMAT: parsable
General & Infrastructure	UNKNOWN STEP	2026-04-04T15:10:16.1531169Z   INPUT_STRICT: false
General & Infrastructure	UNKNOWN STEP	2026-04-04T15:10:16.1531369Z   INPUT_NO_WARNINGS: false
General & Infrastructure	UNKNOWN STEP	2026-04-04T15:10:16.1531576Z ##[endgroup]
General & Infrastructure	UNKNOWN STEP	2026-04-04T15:10:16.2820124Z ======================
General & Infrastructure	UNKNOWN STEP	2026-04-04T15:10:16.2820655Z = Linting YAML files =
General & Infrastructure	UNKNOWN STEP	2026-04-04T15:10:16.2821052Z ======================
General & Infrastructure	UNKNOWN STEP	2026-04-04T15:10:16.9494296Z ##[group]Run npx markdownlint "**/*.md" --ignore node_modules
General & Infrastructure	UNKNOWN STEP	2026-04-04T15:10:16.9494730Z [36;1mnpx markdownlint "**/*.md" --ignore node_modules[0m
General & Infrastructure	UNKNOWN STEP	2026-04-04T15:10:16.9520759Z shell: /usr/bin/bash -e {0}
General & Infrastructure	UNKNOWN STEP	2026-04-04T15:10:16.9520987Z ##[endgroup]
General & Infrastructure	UNKNOWN STEP	2026-04-04T15:10:17.6170020Z ##[group]Run ludeeus/action-shellcheck@master
General & Infrastructure	UNKNOWN STEP	2026-04-04T15:10:17.6170538Z with:
General & Infrastructure	UNKNOWN STEP	2026-04-04T15:10:17.6170858Z   ignore_paths: node_modules
General & Infrastructure	UNKNOWN STEP	2026-04-04T15:10:17.6171248Z   scandir: .
General & Infrastructure	UNKNOWN STEP	2026-04-04T15:10:17.6171558Z   disable_matcher: false
General & Infrastructure	UNKNOWN STEP	2026-04-04T15:10:17.6172228Z   format: gcc
General & Infrastructure	UNKNOWN STEP	2026-04-04T15:10:17.6172686Z   version: stable
General & Infrastructure	UNKNOWN STEP	2026-04-04T15:10:17.6173142Z ##[endgroup]
General & Infrastructure	UNKNOWN STEP	2026-04-04T15:10:17.6220798Z ##[group]Run if [[ "Linux" == "macOS" ]]; then
General & Infrastructure	UNKNOWN STEP	2026-04-04T15:10:17.6221127Z [36;1mif [[ "Linux" == "macOS" ]]; then[0m
General & Infrastructure	UNKNOWN STEP	2026-04-04T15:10:17.6221391Z [36;1m  osvariant="darwin"[0m
General & Infrastructure	UNKNOWN STEP	2026-04-04T15:10:17.6221613Z [36;1melse[0m
General & Infrastructure	UNKNOWN STEP	2026-04-04T15:10:17.6222329Z [36;1m  osvariant="linux"[0m
General & Infrastructure	UNKNOWN STEP	2026-04-04T15:10:17.6222557Z [36;1mfi[0m
General & Infrastructure	UNKNOWN STEP	2026-04-04T15:10:17.6222728Z [36;1m[0m
General & Infrastructure	UNKNOWN STEP	2026-04-04T15:10:17.6223026Z [36;1mbaseurl="https://github.com/koalaman/shellcheck/releases/download"[0m
General & Infrastructure	UNKNOWN STEP	2026-04-04T15:10:17.6223402Z [36;1m[0m
General & Infrastructure	UNKNOWN STEP	2026-04-04T15:10:17.6223787Z [36;1mcurl -Lso "/home/runner/work/_actions/ludeeus/action-shellcheck/master/sc.tar.xz" \[0m
General & Infrastructure	UNKNOWN STEP	2026-04-04T15:10:17.6224383Z [36;1m  "${baseurl}/${INPUT_VERSION}/shellcheck-${INPUT_VERSION}.${osvariant}.x86_64.tar.xz"[0m
General & Infrastructure	UNKNOWN STEP	2026-04-04T15:10:17.6224788Z [36;1m[0m
General & Infrastructure	UNKNOWN STEP	2026-04-04T15:10:17.6225336Z [36;1mtar -xf "/home/runner/work/_actions/ludeeus/action-shellcheck/master/sc.tar.xz" -C "/home/runner/work/_actions/ludeeus/action-shellcheck/master"[0m
General & Infrastructure	UNKNOWN STEP	2026-04-04T15:10:17.6226205Z [36;1mmv "/home/runner/work/_actions/ludeeus/action-shellcheck/master/shellcheck-${INPUT_VERSION}/shellcheck" \[0m
General & Infrastructure	UNKNOWN STEP	2026-04-04T15:10:17.6226831Z [36;1m  "/home/runner/work/_actions/ludeeus/action-shellcheck/master/shellcheck"[0m
General & Infrastructure	UNKNOWN STEP	2026-04-04T15:10:17.6253792Z shell: /usr/bin/bash --noprofile --norc -e -o pipefail {0}
General & Infrastructure	UNKNOWN STEP	2026-04-04T15:10:17.6254107Z env:
General & Infrastructure	UNKNOWN STEP	2026-04-04T15:10:17.6254280Z   INPUT_VERSION: stable
General & Infrastructure	UNKNOWN STEP	2026-04-04T15:10:17.6254479Z ##[endgroup]
General & Infrastructure	UNKNOWN STEP	2026-04-04T15:10:18.0025236Z ##[group]Run "/home/runner/work/_actions/ludeeus/action-shellcheck/master/shellcheck" --version
General & Infrastructure	UNKNOWN STEP	2026-04-04T15:10:18.0025908Z [36;1m"/home/runner/work/_actions/ludeeus/action-shellcheck/master/shellcheck" --version[0m
General & Infrastructure	UNKNOWN STEP	2026-04-04T15:10:18.0052613Z shell: /usr/bin/bash --noprofile --norc -e -o pipefail {0}
General & Infrastructure	UNKNOWN STEP	2026-04-04T15:10:18.0052947Z ##[endgroup]
General & Infrastructure	UNKNOWN STEP	2026-04-04T15:10:18.0109933Z ShellCheck - shell script analysis tool
General & Infrastructure	UNKNOWN STEP	2026-04-04T15:10:18.0110446Z version: 0.11.0
General & Infrastructure	UNKNOWN STEP	2026-04-04T15:10:18.0110981Z license: GNU General Public License, version 3
General & Infrastructure	UNKNOWN STEP	2026-04-04T15:10:18.0111690Z website: https://www.shellcheck.net
General & Infrastructure	UNKNOWN STEP	2026-04-04T15:10:18.0137138Z ##[group]Run declare -a options
General & Infrastructure	UNKNOWN STEP	2026-04-04T15:10:18.0137400Z [36;1mdeclare -a options[0m
General & Infrastructure	UNKNOWN STEP	2026-04-04T15:10:18.0137654Z [36;1mif [[ -n "${INPUT_SEVERITY}" ]]; then[0m
General & Infrastructure	UNKNOWN STEP	2026-04-04T15:10:18.0137961Z [36;1m  options+=("-S ${INPUT_SEVERITY}")[0m
General & Infrastructure	UNKNOWN STEP	2026-04-04T15:10:18.0138221Z [36;1mfi[0m
General & Infrastructure	UNKNOWN STEP	2026-04-04T15:10:18.0138426Z [36;1moptions+=("--format=${INPUT_FORMAT}")[0m
General & Infrastructure	UNKNOWN STEP	2026-04-04T15:10:18.0138752Z [36;1mecho "options=${options[@]}" >> $GITHUB_OUTPUT[0m
General & Infrastructure	UNKNOWN STEP	2026-04-04T15:10:18.0163587Z shell: /usr/bin/bash --noprofile --norc -e -o pipefail {0}
General & Infrastructure	UNKNOWN STEP	2026-04-04T15:10:18.0163904Z env:
General & Infrastructure	UNKNOWN STEP	2026-04-04T15:10:18.0164077Z   INPUT_SEVERITY: 
General & Infrastructure	UNKNOWN STEP	2026-04-04T15:10:18.0164259Z   INPUT_FORMAT: gcc
General & Infrastructure	UNKNOWN STEP	2026-04-04T15:10:18.0164441Z ##[endgroup]
General & Infrastructure	UNKNOWN STEP	2026-04-04T15:10:18.0229964Z ##[group]Run declare -a excludes
General & Infrastructure	UNKNOWN STEP	2026-04-04T15:10:18.0230268Z [36;1mdeclare -a excludes[0m
General & Infrastructure	UNKNOWN STEP	2026-04-04T15:10:18.0230646Z [36;1mset -f # temporarily disable globbing so that globs in input aren't expanded[0m
General & Infrastructure	UNKNOWN STEP	2026-04-04T15:10:18.0231040Z [36;1m[0m
General & Infrastructure	UNKNOWN STEP	2026-04-04T15:10:18.0231249Z [36;1mexcludes+=("! -path *./.git/*")[0m
General & Infrastructure	UNKNOWN STEP	2026-04-04T15:10:18.0231526Z [36;1mexcludes+=("! -path *.go")[0m
General & Infrastructure	UNKNOWN STEP	2026-04-04T15:10:18.0231771Z [36;1mexcludes+=("! -path */mvnw")[0m
General & Infrastructure	UNKNOWN STEP	2026-04-04T15:10:18.0232559Z [36;1mif [[ -n "${INPUT_IGNORE}" ]]; then[0m
General & Infrastructure	UNKNOWN STEP	2026-04-04T15:10:18.0232876Z [36;1m  for path in ${INPUT_IGNORE}; do[0m
General & Infrastructure	UNKNOWN STEP	2026-04-04T15:10:18.0233156Z [36;1m    excludes+=("! -path *./$path/*")[0m
General & Infrastructure	UNKNOWN STEP	2026-04-04T15:10:18.0233445Z [36;1m    excludes+=("! -path */$path/*")[0m
General & Infrastructure	UNKNOWN STEP	2026-04-04T15:10:18.0233910Z [36;1m    excludes+=("! -path $path")[0m
General & Infrastructure	UNKNOWN STEP	2026-04-04T15:10:18.0234177Z [36;1m  done[0m
General & Infrastructure	UNKNOWN STEP	2026-04-04T15:10:18.0234368Z [36;1melse[0m
General & Infrastructure	UNKNOWN STEP	2026-04-04T15:10:18.0234580Z [36;1m  for path in ${INPUT_IGNORE_PATHS}; do[0m
General & Infrastructure	UNKNOWN STEP	2026-04-04T15:10:18.0234878Z [36;1m    excludes+=("! -path *./$path/*")[0m
General & Infrastructure	UNKNOWN STEP	2026-04-04T15:10:18.0235155Z [36;1m    excludes+=("! -path */$path/*")[0m
General & Infrastructure	UNKNOWN STEP	2026-04-04T15:10:18.0235423Z [36;1m    excludes+=("! -path $path")[0m
General & Infrastructure	UNKNOWN STEP	2026-04-04T15:10:18.0235658Z [36;1m  done[0m
General & Infrastructure	UNKNOWN STEP	2026-04-04T15:10:18.0235821Z [36;1mfi[0m
General & Infrastructure	UNKNOWN STEP	2026-04-04T15:10:18.0235980Z [36;1m[0m
General & Infrastructure	UNKNOWN STEP	2026-04-04T15:10:18.0236177Z [36;1mfor name in ${INPUT_IGNORE_NAMES}; do[0m
General & Infrastructure	UNKNOWN STEP	2026-04-04T15:10:18.0236580Z [36;1m  excludes+=("! -name $name")[0m
General & Infrastructure	UNKNOWN STEP	2026-04-04T15:10:18.0236813Z [36;1mdone[0m
General & Infrastructure	UNKNOWN STEP	2026-04-04T15:10:18.0237047Z [36;1mecho "excludes=${excludes[@]}" >> $GITHUB_OUTPUT[0m
General & Infrastructure	UNKNOWN STEP	2026-04-04T15:10:18.0237337Z [36;1m[0m
General & Infrastructure	UNKNOWN STEP	2026-04-04T15:10:18.0237511Z [36;1mset +f # re-enable globbing[0m
General & Infrastructure	UNKNOWN STEP	2026-04-04T15:10:18.0261546Z shell: /usr/bin/bash --noprofile --norc -e -o pipefail {0}
General & Infrastructure	UNKNOWN STEP	2026-04-04T15:10:18.0262142Z env:
General & Infrastructure	UNKNOWN STEP	2026-04-04T15:10:18.0262344Z   INPUT_IGNORE: 
General & Infrastructure	UNKNOWN STEP	2026-04-04T15:10:18.0262551Z   INPUT_IGNORE_PATHS: node_modules
General & Infrastructure	UNKNOWN STEP	2026-04-04T15:10:18.0262784Z   INPUT_IGNORE_NAMES: 
General & Infrastructure	UNKNOWN STEP	2026-04-04T15:10:18.0262975Z ##[endgroup]
General & Infrastructure	UNKNOWN STEP	2026-04-04T15:10:18.0327984Z ##[group]Run declare -a files
General & Infrastructure	UNKNOWN STEP	2026-04-04T15:10:18.0328235Z [36;1mdeclare -a files[0m
General & Infrastructure	UNKNOWN STEP	2026-04-04T15:10:18.0328495Z [36;1mfor file in ${INPUT_ADDITIONAL_FILES}; do[0m
General & Infrastructure	UNKNOWN STEP	2026-04-04T15:10:18.0328789Z [36;1m  files+=("-o -name *$file")[0m
General & Infrastructure	UNKNOWN STEP	2026-04-04T15:10:18.0329017Z [36;1mdone[0m
General & Infrastructure	UNKNOWN STEP	2026-04-04T15:10:18.0329234Z [36;1mecho "files=${files[@]}" >> $GITHUB_OUTPUT[0m
General & Infrastructure	UNKNOWN STEP	2026-04-04T15:10:18.0353465Z shell: /usr/bin/bash --noprofile --norc -e -o pipefail {0}
General & Infrastructure	UNKNOWN STEP	2026-04-04T15:10:18.0353779Z env:
General & Infrastructure	UNKNOWN STEP	2026-04-04T15:10:18.0353956Z   INPUT_ADDITIONAL_FILES: 
General & Infrastructure	UNKNOWN STEP	2026-04-04T15:10:18.0354166Z ##[endgroup]
General & Infrastructure	UNKNOWN STEP	2026-04-04T15:10:18.0421623Z ##[group]Run statuscode=0
General & Infrastructure	UNKNOWN STEP	2026-04-04T15:10:18.0422160Z [36;1mstatuscode=0[0m
General & Infrastructure	UNKNOWN STEP	2026-04-04T15:10:18.0422439Z [36;1mdeclare -a filepaths[0m
General & Infrastructure	UNKNOWN STEP	2026-04-04T15:10:18.0422746Z [36;1mshebangregex="^#! */[^ ]*/(env *)?[abk]*sh"[0m
General & Infrastructure	UNKNOWN STEP	2026-04-04T15:10:18.0423037Z [36;1m[0m
General & Infrastructure	UNKNOWN STEP	2026-04-04T15:10:18.0423378Z [36;1mset -f # temporarily disable globbing so that globs in inputs aren't expanded[0m
General & Infrastructure	UNKNOWN STEP	2026-04-04T15:10:18.0423778Z [36;1m[0m
General & Infrastructure	UNKNOWN STEP	2026-04-04T15:10:18.0423956Z [36;1mwhile IFS= read -r -d '' file; do[0m
General & Infrastructure	UNKNOWN STEP	2026-04-04T15:10:18.0424218Z [36;1m  filepaths+=("$file")[0m
General & Infrastructure	UNKNOWN STEP	2026-04-04T15:10:18.0424462Z [36;1mdone < <(find "${INPUT_SCANDIR}" \[0m
General & Infrastructure	UNKNOWN STEP	2026-04-04T15:10:18.0424755Z [36;1m    ${INPUT_EXCLUDE_ARGS} \[0m
General & Infrastructure	UNKNOWN STEP	2026-04-04T15:10:18.0425005Z [36;1m    -type f \[0m
General & Infrastructure	UNKNOWN STEP	2026-04-04T15:10:18.0425211Z [36;1m    '(' \[0m
General & Infrastructure	UNKNOWN STEP	2026-04-04T15:10:18.0425399Z [36;1m    -name '*.bash' \[0m
General & Infrastructure	UNKNOWN STEP	2026-04-04T15:10:18.0425624Z [36;1m    -o -name '.bashrc' \[0m
General & Infrastructure	UNKNOWN STEP	2026-04-04T15:10:18.0425858Z [36;1m    -o -name 'bashrc' \[0m
General & Infrastructure	UNKNOWN STEP	2026-04-04T15:10:18.0426098Z [36;1m    -o -name '.bash_aliases' \[0m
General & Infrastructure	UNKNOWN STEP	2026-04-04T15:10:18.0426368Z [36;1m    -o -name '.bash_completion' \[0m
General & Infrastructure	UNKNOWN STEP	2026-04-04T15:10:18.0426625Z [36;1m    -o -name '.bash_login' \[0m
General & Infrastructure	UNKNOWN STEP	2026-04-04T15:10:18.0426879Z [36;1m    -o -name '.bash_logout' \[0m
General & Infrastructure	UNKNOWN STEP	2026-04-04T15:10:18.0427127Z [36;1m    -o -name '.bash_profile' \[0m
General & Infrastructure	UNKNOWN STEP	2026-04-04T15:10:18.0427375Z [36;1m    -o -name 'bash_profile' \[0m
General & Infrastructure	UNKNOWN STEP	2026-04-04T15:10:18.0427608Z [36;1m    -o -name '*.ksh' \[0m
General & Infrastructure	UNKNOWN STEP	2026-04-04T15:10:18.0427835Z [36;1m    -o -name 'suid_profile' \[0m
General & Infrastructure	UNKNOWN STEP	2026-04-04T15:10:18.0428077Z [36;1m    -o -name '*.zsh' \[0m
General & Infrastructure	UNKNOWN STEP	2026-04-04T15:10:18.0428297Z [36;1m    -o -name '.zlogin' \[0m
General & Infrastructure	UNKNOWN STEP	2026-04-04T15:10:18.0428543Z [36;1m    -o -name 'zlogin' \[0m
General & Infrastructure	UNKNOWN STEP	2026-04-04T15:10:18.0428788Z [36;1m    -o -name '.zlogout' \[0m
General & Infrastructure	UNKNOWN STEP	2026-04-04T15:10:18.0429023Z [36;1m    -o -name 'zlogout' \[0m
General & Infrastructure	UNKNOWN STEP	2026-04-04T15:10:18.0429253Z [36;1m    -o -name '.zprofile' \[0m
General & Infrastructure	UNKNOWN STEP	2026-04-04T15:10:18.0429490Z [36;1m    -o -name 'zprofile' \[0m
General & Infrastructure	UNKNOWN STEP	2026-04-04T15:10:18.0429715Z [36;1m    -o -name '.zsenv' \[0m
General & Infrastructure	UNKNOWN STEP	2026-04-04T15:10:18.0429938Z [36;1m    -o -name 'zsenv' \[0m
General & Infrastructure	UNKNOWN STEP	2026-04-04T15:10:18.0430368Z [36;1m    -o -name '.zshrc' \[0m
General & Infrastructure	UNKNOWN STEP	2026-04-04T15:10:18.0430651Z [36;1m    -o -name 'zshrc' \[0m
General & Infrastructure	UNKNOWN STEP	2026-04-04T15:10:18.0430874Z [36;1m    -o -name '*.sh' \[0m
General & Infrastructure	UNKNOWN STEP	2026-04-04T15:10:18.0431101Z [36;1m    -o -path '*/.profile' \[0m
General & Infrastructure	UNKNOWN STEP	2026-04-04T15:10:18.0431345Z [36;1m    -o -path '*/profile' \[0m
General & Infrastructure	UNKNOWN STEP	2026-04-04T15:10:18.0431573Z [36;1m    -o -name '*.shlib' \[0m
General & Infrastructure	UNKNOWN STEP	2026-04-04T15:10:18.0431819Z [36;1m    ${INPUT_ADDITIONAL_FILE_ARGS} \[0m
General & Infrastructure	UNKNOWN STEP	2026-04-04T15:10:18.0432398Z [36;1m    ')' \[0m
General & Infrastructure	UNKNOWN STEP	2026-04-04T15:10:18.0432584Z [36;1m    -print0)[0m
General & Infrastructure	UNKNOWN STEP	2026-04-04T15:10:18.0432774Z [36;1m[0m
General & Infrastructure	UNKNOWN STEP	2026-04-04T15:10:18.0432957Z [36;1mwhile IFS= read -r -d '' file; do[0m
General & Infrastructure	UNKNOWN STEP	2026-04-04T15:10:18.0433492Z [36;1m  head -n1 "$file" | grep -Eqs "$shebangregex" || continue[0m
General & Infrastructure	UNKNOWN STEP	2026-04-04T15:10:18.0433820Z [36;1m  filepaths+=("$file")[0m
General & Infrastructure	UNKNOWN STEP	2026-04-04T15:10:18.0434070Z [36;1mdone < <(find "${INPUT_SCANDIR}" \[0m
General & Infrastructure	UNKNOWN STEP	2026-04-04T15:10:18.0434338Z [36;1m    ${INPUT_EXCLUDE_ARGS} \[0m
General & Infrastructure	UNKNOWN STEP	2026-04-04T15:10:18.0434597Z [36;1m    -type f ! -name '*.*' -perm /111 \[0m
General & Infrastructure	UNKNOWN STEP	2026-04-04T15:10:18.0434861Z [36;1m    -print0)[0m
General & Infrastructure	UNKNOWN STEP	2026-04-04T15:10:18.0435054Z [36;1m[0m
General & Infrastructure	UNKNOWN STEP	2026-04-04T15:10:18.0435253Z [36;1mif [[ -n "${INPUT_CHECK_TOGETHER}" ]]; then[0m
General & Infrastructure	UNKNOWN STEP	2026-04-04T15:10:18.0435665Z [36;1m  "/home/runner/work/_actions/ludeeus/action-shellcheck/master/shellcheck" \[0m
General & Infrastructure	UNKNOWN STEP	2026-04-04T15:10:18.0436078Z [36;1m    ${INPUT_SHELLCHECK_OPTIONS} \[0m
General & Infrastructure	UNKNOWN STEP	2026-04-04T15:10:18.0436351Z [36;1m    "${filepaths[@]}" || statuscode=$?[0m
General & Infrastructure	UNKNOWN STEP	2026-04-04T15:10:18.0436593Z [36;1melse[0m
General & Infrastructure	UNKNOWN STEP	2026-04-04T15:10:18.0436788Z [36;1m  for file in "${filepaths[@]}"; do[0m
General & Infrastructure	UNKNOWN STEP	2026-04-04T15:10:18.0437173Z [36;1m    "/home/runner/work/_actions/ludeeus/action-shellcheck/master/shellcheck" \[0m
General & Infrastructure	UNKNOWN STEP	2026-04-04T15:10:18.0437575Z [36;1m      ${INPUT_SHELLCHECK_OPTIONS} \[0m
General & Infrastructure	UNKNOWN STEP	2026-04-04T15:10:18.0437848Z [36;1m      "$file" || statuscode=$?[0m
General & Infrastructure	UNKNOWN STEP	2026-04-04T15:10:18.0438081Z [36;1m  done[0m
General & Infrastructure	UNKNOWN STEP	2026-04-04T15:10:18.0438242Z [36;1mfi[0m
General & Infrastructure	UNKNOWN STEP	2026-04-04T15:10:18.0438402Z [36;1m[0m
General & Infrastructure	UNKNOWN STEP	2026-04-04T15:10:18.0438632Z [36;1mecho "filepaths=${filepaths[@]}" >> $GITHUB_OUTPUT[0m
General & Infrastructure	UNKNOWN STEP	2026-04-04T15:10:18.0438985Z [36;1mecho "statuscode=$statuscode" >> $GITHUB_OUTPUT[0m
General & Infrastructure	UNKNOWN STEP	2026-04-04T15:10:18.0439260Z [36;1m[0m
General & Infrastructure	UNKNOWN STEP	2026-04-04T15:10:18.0439430Z [36;1mset +f # re-enable globbing[0m
General & Infrastructure	UNKNOWN STEP	2026-04-04T15:10:18.0463206Z shell: /usr/bin/bash --noprofile --norc -e -o pipefail {0}
General & Infrastructure	UNKNOWN STEP	2026-04-04T15:10:18.0463520Z env:
General & Infrastructure	UNKNOWN STEP	2026-04-04T15:10:18.0463685Z   INPUT_SCANDIR: .
General & Infrastructure	UNKNOWN STEP	2026-04-04T15:10:18.0463877Z   INPUT_CHECK_TOGETHER: 
General & Infrastructure	UNKNOWN STEP	2026-04-04T15:10:18.0464367Z   INPUT_EXCLUDE_ARGS: ! -path *./.git/* ! -path *.go ! -path */mvnw ! -path *./node_modules/* ! -path */node_modules/* ! -path node_modules
General & Infrastructure	UNKNOWN STEP	2026-04-04T15:10:18.0464905Z   INPUT_ADDITIONAL_FILE_ARGS: 
General & Infrastructure	UNKNOWN STEP	2026-04-04T15:10:18.0465147Z   INPUT_SHELLCHECK_OPTIONS: --format=gcc
General & Infrastructure	UNKNOWN STEP	2026-04-04T15:10:18.0465391Z ##[endgroup]
General & Infrastructure	UNKNOWN STEP	2026-04-04T15:10:18.1991186Z ##[group]Run exit 0
General & Infrastructure	UNKNOWN STEP	2026-04-04T15:10:18.1991394Z [36;1mexit 0[0m
General & Infrastructure	UNKNOWN STEP	2026-04-04T15:10:18.2017771Z shell: /usr/bin/bash --noprofile --norc -e -o pipefail {0}
General & Infrastructure	UNKNOWN STEP	2026-04-04T15:10:18.2018118Z ##[endgroup]
General & Infrastructure	UNKNOWN STEP	2026-04-04T15:10:18.2117209Z ##[group]Run reviewdog/action-misspell@v1
General & Infrastructure	UNKNOWN STEP	2026-04-04T15:10:18.2117498Z with:
General & Infrastructure	UNKNOWN STEP	2026-04-04T15:10:18.2117852Z   github_token: ***
General & Infrastructure	UNKNOWN STEP	2026-04-04T15:10:18.2118078Z   reporter: github-pr-review
General & Infrastructure	UNKNOWN STEP	2026-04-04T15:10:18.2118313Z   level: error
General & Infrastructure	UNKNOWN STEP	2026-04-04T15:10:18.2118493Z   path: .
General & Infrastructure	UNKNOWN STEP	2026-04-04T15:10:18.2118649Z   pattern: *
General & Infrastructure	UNKNOWN STEP	2026-04-04T15:10:18.2118821Z   filter_mode: added
General & Infrastructure	UNKNOWN STEP	2026-04-04T15:10:18.2119009Z   fail_level: none
General & Infrastructure	UNKNOWN STEP	2026-04-04T15:10:18.2119187Z   fail_on_error: false
General & Infrastructure	UNKNOWN STEP	2026-04-04T15:10:18.2119381Z ##[endgroup]
General & Infrastructure	UNKNOWN STEP	2026-04-04T15:10:18.2153042Z ##[command]/usr/bin/docker run --name ba2aae1e11034d844bffa1844fe44d71563e_09e752 --label 42ba2a --workdir /github/workspace --rm -e "INPUT_GITHUB_TOKEN" -e "INPUT_REPORTER" -e "INPUT_LOCALE" -e "INPUT_LEVEL" -e "INPUT_IGNORE" -e "INPUT_PATH" -e "INPUT_PATTERN" -e "INPUT_EXCLUDE" -e "INPUT_FILTER_MODE" -e "INPUT_FAIL_LEVEL" -e "INPUT_FAIL_ON_ERROR" -e "HOME" -e "GITHUB_JOB" -e "GITHUB_REF" -e "GITHUB_SHA" -e "GITHUB_REPOSITORY" -e "GITHUB_REPOSITORY_OWNER" -e "GITHUB_REPOSITORY_OWNER_ID" -e "GITHUB_RUN_ID" -e "GITHUB_RUN_NUMBER" -e "GITHUB_RETENTION_DAYS" -e "GITHUB_RUN_ATTEMPT" -e "GITHUB_ACTOR_ID" -e "GITHUB_ACTOR" -e "GITHUB_WORKFLOW" -e "GITHUB_HEAD_REF" -e "GITHUB_BASE_REF" -e "GITHUB_EVENT_NAME" -e "GITHUB_SERVER_URL" -e "GITHUB_API_URL" -e "GITHUB_GRAPHQL_URL" -e "GITHUB_REF_NAME" -e "GITHUB_REF_PROTECTED" -e "GITHUB_REF_TYPE" -e "GITHUB_WORKFLOW_REF" -e "GITHUB_WORKFLOW_SHA" -e "GITHUB_REPOSITORY_ID" -e "GITHUB_TRIGGERING_ACTOR" -e "GITHUB_WORKSPACE" -e "GITHUB_ACTION" -e "GITHUB_EVENT_PATH" -e "GITHUB_ACTION_REPOSITORY" -e "GITHUB_ACTION_REF" -e "GITHUB_PATH" -e "GITHUB_ENV" -e "GITHUB_STEP_SUMMARY" -e "GITHUB_STATE" -e "GITHUB_OUTPUT" -e "RUNNER_OS" -e "RUNNER_ARCH" -e "RUNNER_NAME" -e "RUNNER_ENVIRONMENT" -e "RUNNER_TOOL_CACHE" -e "RUNNER_TEMP" -e "RUNNER_WORKSPACE" -e "ACTIONS_RUNTIME_URL" -e "ACTIONS_RUNTIME_TOKEN" -e "ACTIONS_CACHE_URL" -e "ACTIONS_RESULTS_URL" -e "ACTIONS_ORCHESTRATION_ID" -e GITHUB_ACTIONS=true -e CI=true -v "/var/run/docker.sock":"/var/run/docker.sock" -v "/home/runner/work/_temp":"/github/runner_temp" -v "/home/runner/work/_temp/_github_home":"/github/home" -v "/home/runner/work/_temp/_github_workflow":"/github/workflow" -v "/home/runner/work/_temp/_runner_file_commands":"/github/file_commands" -v "/home/runner/work/utba-swarmmap/utba-swarmmap":"/github/workspace" 42ba2a:ae1e11034d844bffa1844fe44d71563e
General & Infrastructure	UNKNOWN STEP	2026-04-04T15:10:25.9713521Z ##[group]Run wagoid/commitlint-github-action@v6.2.1
General & Infrastructure	UNKNOWN STEP	2026-04-04T15:10:25.9714101Z with:
General & Infrastructure	UNKNOWN STEP	2026-04-04T15:10:25.9714428Z   configFile: ./commitlint.config.mjs
General & Infrastructure	UNKNOWN STEP	2026-04-04T15:10:25.9714884Z   failOnWarnings: false
General & Infrastructure	UNKNOWN STEP	2026-04-04T15:10:25.9715263Z   failOnErrors: true
General & Infrastructure	UNKNOWN STEP	2026-04-04T15:10:25.9715902Z   helpURL: https://github.com/conventional-changelog/commitlint/#what-is-commitlint
General & Infrastructure	UNKNOWN STEP	2026-04-04T15:10:25.9716821Z   token: ***
General & Infrastructure	UNKNOWN STEP	2026-04-04T15:10:25.9717131Z ##[endgroup]
General & Infrastructure	UNKNOWN STEP	2026-04-04T15:10:25.9736815Z ##[command]/usr/bin/docker run --name wagoidcommitlintgithubaction621_fa67b1 --label 42ba2a --workdir /github/workspace --rm -e "INPUT_CONFIGFILE" -e "INPUT_FAILONWARNINGS" -e "INPUT_FAILONERRORS" -e "INPUT_HELPURL" -e "INPUT_COMMITDEPTH" -e "INPUT_TOKEN" -e "HOME" -e "GITHUB_JOB" -e "GITHUB_REF" -e "GITHUB_SHA" -e "GITHUB_REPOSITORY" -e "GITHUB_REPOSITORY_OWNER" -e "GITHUB_REPOSITORY_OWNER_ID" -e "GITHUB_RUN_ID" -e "GITHUB_RUN_NUMBER" -e "GITHUB_RETENTION_DAYS" -e "GITHUB_RUN_ATTEMPT" -e "GITHUB_ACTOR_ID" -e "GITHUB_ACTOR" -e "GITHUB_WORKFLOW" -e "GITHUB_HEAD_REF" -e "GITHUB_BASE_REF" -e "GITHUB_EVENT_NAME" -e "GITHUB_SERVER_URL" -e "GITHUB_API_URL" -e "GITHUB_GRAPHQL_URL" -e "GITHUB_REF_NAME" -e "GITHUB_REF_PROTECTED" -e "GITHUB_REF_TYPE" -e "GITHUB_WORKFLOW_REF" -e "GITHUB_WORKFLOW_SHA" -e "GITHUB_REPOSITORY_ID" -e "GITHUB_TRIGGERING_ACTOR" -e "GITHUB_WORKSPACE" -e "GITHUB_ACTION" -e "GITHUB_EVENT_PATH" -e "GITHUB_ACTION_REPOSITORY" -e "GITHUB_ACTION_REF" -e "GITHUB_PATH" -e "GITHUB_ENV" -e "GITHUB_STEP_SUMMARY" -e "GITHUB_STATE" -e "GITHUB_OUTPUT" -e "RUNNER_OS" -e "RUNNER_ARCH" -e "RUNNER_NAME" -e "RUNNER_ENVIRONMENT" -e "RUNNER_TOOL_CACHE" -e "RUNNER_TEMP" -e "RUNNER_WORKSPACE" -e "ACTIONS_RUNTIME_URL" -e "ACTIONS_RUNTIME_TOKEN" -e "ACTIONS_CACHE_URL" -e "ACTIONS_RESULTS_URL" -e "ACTIONS_ORCHESTRATION_ID" -e GITHUB_ACTIONS=true -e CI=true -v "/var/run/docker.sock":"/var/run/docker.sock" -v "/home/runner/work/_temp":"/github/runner_temp" -v "/home/runner/work/_temp/_github_home":"/github/home" -v "/home/runner/work/_temp/_github_workflow":"/github/workflow" -v "/home/runner/work/_temp/_runner_file_commands":"/github/file_commands" -v "/home/runner/work/utba-swarmmap/utba-swarmmap":"/github/workspace" wagoid/commitlint-github-action:6.2.1
General & Infrastructure	UNKNOWN STEP	2026-04-04T15:10:26.8269299Z ##[error]You have commit messages with errors
General & Infrastructure	UNKNOWN STEP	
General & Infrastructure	UNKNOWN STEP	⧗   input: Fix Go Security Warnings (gosec) in Backend
General & Infrastructure	UNKNOWN STEP	
General & Infrastructure	UNKNOWN STEP	* backend/handlers/admin.go: Remove unused and insecure template.JS usage (G203).
General & Infrastructure	UNKNOWN STEP	* backend/main.go: Use http.Server with timeouts instead of http.ListenAndServe (G114).
General & Infrastructure	UNKNOWN STEP	
General & Infrastructure	UNKNOWN STEP	Fixes #20
General & Infrastructure	UNKNOWN STEP	✖   subject may not be empty [subject-empty]
General & Infrastructure	UNKNOWN STEP	✖   type may not be empty [type-empty]
General & Infrastructure	UNKNOWN STEP	
General & Infrastructure	UNKNOWN STEP	✖   found 2 problems, 0 warnings
General & Infrastructure	UNKNOWN STEP	ⓘ   Get help: https://github.com/conventional-changelog/commitlint/#what-is-commitlint
General & Infrastructure	UNKNOWN STEP	
General & Infrastructure	UNKNOWN STEP	⧗   input: Fix Go unused parameters and YAML line length in cloudbuild
General & Infrastructure	UNKNOWN STEP	✖   subject may not be empty [subject-empty]
General & Infrastructure	UNKNOWN STEP	✖   type may not be empty [type-empty]
General & Infrastructure	UNKNOWN STEP	
General & Infrastructure	UNKNOWN STEP	✖   found 2 problems, 0 warnings
General & Infrastructure	UNKNOWN STEP	ⓘ   Get help: https://github.com/conventional-changelog/commitlint/#what-is-commitlint
General & Infrastructure	UNKNOWN STEP	
General & Infrastructure	UNKNOWN STEP	2026-04-04T15:10:26.9057596Z Post job cleanup.
General & Infrastructure	UNKNOWN STEP	2026-04-04T15:10:27.0006454Z [command]/usr/bin/git version
General & Infrastructure	UNKNOWN STEP	2026-04-04T15:10:27.0041821Z git version 2.53.0
General & Infrastructure	UNKNOWN STEP	2026-04-04T15:10:27.0092369Z Temporarily overriding HOME='/home/runner/work/_temp/61b71957-43f9-4d54-beb4-e1802e73bbfb' before making global git config changes
General & Infrastructure	UNKNOWN STEP	2026-04-04T15:10:27.0093744Z Adding repository directory to the temporary git global config as a safe directory
General & Infrastructure	UNKNOWN STEP	2026-04-04T15:10:27.0097549Z [command]/usr/bin/git config --global --add safe.directory /home/runner/work/utba-swarmmap/utba-swarmmap
General & Infrastructure	UNKNOWN STEP	2026-04-04T15:10:27.0131034Z [command]/usr/bin/git config --local --name-only --get-regexp core\.sshCommand
General & Infrastructure	UNKNOWN STEP	2026-04-04T15:10:27.0163657Z [command]/usr/bin/git submodule foreach --recursive sh -c "git config --local --name-only --get-regexp 'core\.sshCommand' && git config --local --unset-all 'core.sshCommand' || :"
General & Infrastructure	UNKNOWN STEP	2026-04-04T15:10:27.0396051Z [command]/usr/bin/git config --local --name-only --get-regexp http\.https\:\/\/github\.com\/\.extraheader
General & Infrastructure	UNKNOWN STEP	2026-04-04T15:10:27.0419097Z http.https://github.com/.extraheader
General & Infrastructure	UNKNOWN STEP	2026-04-04T15:10:27.0436336Z [command]/usr/bin/git config --local --unset-all http.https://github.com/.extraheader
General & Infrastructure	UNKNOWN STEP	2026-04-04T15:10:27.0470993Z [command]/usr/bin/git submodule foreach --recursive sh -c "git config --local --name-only --get-regexp 'http\.https\:\/\/github\.com\/\.extraheader' && git config --local --unset-all 'http.https://github.com/.extraheader' || :"
General & Infrastructure	UNKNOWN STEP	2026-04-04T15:10:27.0715565Z [command]/usr/bin/git config --local --name-only --get-regexp ^includeIf\.gitdir:
General & Infrastructure	UNKNOWN STEP	2026-04-04T15:10:27.0749268Z [command]/usr/bin/git submodule foreach --recursive git config --local --show-origin --name-only --get-regexp remote.origin.url
General & Infrastructure	UNKNOWN STEP	2026-04-04T15:10:27.1072381Z Cleaning up orphan processes
General & Infrastructure	UNKNOWN STEP	2026-04-04T15:10:27.1501848Z ##[warning]Node.js 20 actions are deprecated. The following actions are running on Node.js 20 and may not work as expected: actions/checkout@v4, actions/setup-go@v5, actions/setup-node@v4. Actions will be forced to run with Node.js 24 by default starting June 2nd, 2026. Node.js 20 will be removed from the runner on September 16th, 2026. Please check if updated versions of these actions are available that support Node.js 24. To opt into Node.js 24 now, set the FORCE_JAVASCRIPT_ACTIONS_TO_NODE24=true environment variable on the runner or in your workflow file. Once Node.js 24 becomes the default, you can temporarily opt out by setting ACTIONS_ALLOW_USE_UNSECURE_NODE_VERSION=true. For more information see: https://github.blog/changelog/2025-09-19-deprecation-of-node-20-on-github-actions-runners/
Backend (Go)	UNKNOWN STEP	﻿2026-04-04T15:06:01.6763968Z Current runner version: '2.333.1'
Backend (Go)	UNKNOWN STEP	2026-04-04T15:06:01.6797553Z ##[group]Runner Image Provisioner
Backend (Go)	UNKNOWN STEP	2026-04-04T15:06:01.6798767Z Hosted Compute Agent
Backend (Go)	UNKNOWN STEP	2026-04-04T15:06:01.6799962Z Version: 20260213.493
Backend (Go)	UNKNOWN STEP	2026-04-04T15:06:01.6800898Z Commit: 5c115507f6dd24b8de37d8bbe0bb4509d0cc0fa3
Backend (Go)	UNKNOWN STEP	2026-04-04T15:06:01.6802196Z Build Date: 2026-02-13T00:28:41Z
Backend (Go)	UNKNOWN STEP	2026-04-04T15:06:01.6803248Z Worker ID: {0d1bc507-2754-4cda-bc01-d5afbaba330a}
Backend (Go)	UNKNOWN STEP	2026-04-04T15:06:01.6804417Z Azure Region: eastus2
Backend (Go)	UNKNOWN STEP	2026-04-04T15:06:01.6805477Z ##[endgroup]
Backend (Go)	UNKNOWN STEP	2026-04-04T15:06:01.6807506Z ##[group]Operating System
Backend (Go)	UNKNOWN STEP	2026-04-04T15:06:01.6808390Z Ubuntu
Backend (Go)	UNKNOWN STEP	2026-04-04T15:06:01.6809206Z 24.04.4
Backend (Go)	UNKNOWN STEP	2026-04-04T15:06:01.6810422Z LTS
Backend (Go)	UNKNOWN STEP	2026-04-04T15:06:01.6811281Z ##[endgroup]
Backend (Go)	UNKNOWN STEP	2026-04-04T15:06:01.6812193Z ##[group]Runner Image
Backend (Go)	UNKNOWN STEP	2026-04-04T15:06:01.6813007Z Image: ubuntu-24.04
Backend (Go)	UNKNOWN STEP	2026-04-04T15:06:01.6813842Z Version: 20260329.72.1
Backend (Go)	UNKNOWN STEP	2026-04-04T15:06:01.6815785Z Included Software: https://github.com/actions/runner-images/blob/ubuntu24/20260329.72/images/ubuntu/Ubuntu2404-Readme.md
Backend (Go)	UNKNOWN STEP	2026-04-04T15:06:01.6818421Z Image Release: https://github.com/actions/runner-images/releases/tag/ubuntu24%2F20260329.72
Backend (Go)	UNKNOWN STEP	2026-04-04T15:06:01.6820484Z ##[endgroup]
Backend (Go)	UNKNOWN STEP	2026-04-04T15:06:01.6822309Z ##[group]GITHUB_TOKEN Permissions
Backend (Go)	UNKNOWN STEP	2026-04-04T15:06:01.6825190Z Contents: read
Backend (Go)	UNKNOWN STEP	2026-04-04T15:06:01.6826165Z Metadata: read
Backend (Go)	UNKNOWN STEP	2026-04-04T15:06:01.6827035Z Packages: read
Backend (Go)	UNKNOWN STEP	2026-04-04T15:06:01.6828001Z ##[endgroup]
Backend (Go)	UNKNOWN STEP	2026-04-04T15:06:01.6830928Z Secret source: None
Backend (Go)	UNKNOWN STEP	2026-04-04T15:06:01.6832350Z Prepare workflow directory
Backend (Go)	UNKNOWN STEP	2026-04-04T15:06:01.7385415Z Prepare all required actions
Backend (Go)	UNKNOWN STEP	2026-04-04T15:06:01.7440381Z Getting action download info
Backend (Go)	UNKNOWN STEP	2026-04-04T15:06:02.1101674Z Download action repository 'actions/checkout@v4' (SHA:34e114876b0b11c390a56381ad16ebd13914f8d5)
Backend (Go)	UNKNOWN STEP	2026-04-04T15:06:02.2243344Z Download action repository 'actions/setup-go@v5' (SHA:40f1582b2485089dde7abd97c1529aa768e1baff)
Backend (Go)	UNKNOWN STEP	2026-04-04T15:06:02.4997186Z Download action repository 'golangci/golangci-lint-action@v4' (SHA:d6238b002a20823d52840fda27e2d4891c5952dc)
Backend (Go)	UNKNOWN STEP	2026-04-04T15:06:02.9766131Z Download action repository 'securego/gosec@master' (SHA:1af5d582f8fa08ac6621ccc1168b4d3d9d2b2eec)
Backend (Go)	UNKNOWN STEP	2026-04-04T15:06:03.3857009Z Complete job name: Backend (Go)
Backend (Go)	UNKNOWN STEP	2026-04-04T15:06:03.4408419Z ##[group]Pull down action image 'ghcr.io/securego/gosec:2.25.0'
Backend (Go)	UNKNOWN STEP	2026-04-04T15:06:03.4499791Z ##[command]/usr/bin/docker pull ghcr.io/securego/gosec:2.25.0
Backend (Go)	UNKNOWN STEP	2026-04-04T15:06:03.7028980Z 2.25.0: Pulling from securego/gosec
Backend (Go)	UNKNOWN STEP	2026-04-04T15:06:03.7575781Z 589002ba0eae: Already exists
Backend (Go)	UNKNOWN STEP	2026-04-04T15:06:03.7607717Z 644a983862e3: Pulling fs layer
Backend (Go)	UNKNOWN STEP	2026-04-04T15:06:03.7610087Z 6fbff1d4eb7e: Pulling fs layer
Backend (Go)	UNKNOWN STEP	2026-04-04T15:06:03.7611702Z 13ee208a3600: Pulling fs layer
Backend (Go)	UNKNOWN STEP	2026-04-04T15:06:03.7613190Z 4f4fb700ef54: Pulling fs layer
Backend (Go)	UNKNOWN STEP	2026-04-04T15:06:03.7614544Z 8e4ca6825065: Pulling fs layer
Backend (Go)	UNKNOWN STEP	2026-04-04T15:06:03.7615623Z 2de8f3bc93bb: Pulling fs layer
Backend (Go)	UNKNOWN STEP	2026-04-04T15:06:03.7616669Z 19c9efa60884: Pulling fs layer
Backend (Go)	UNKNOWN STEP	2026-04-04T15:06:03.7618047Z 4f4fb700ef54: Waiting
Backend (Go)	UNKNOWN STEP	2026-04-04T15:06:03.7619391Z 8e4ca6825065: Waiting
Backend (Go)	UNKNOWN STEP	2026-04-04T15:06:03.7620657Z 2de8f3bc93bb: Waiting
Backend (Go)	UNKNOWN STEP	2026-04-04T15:06:03.7621749Z 19c9efa60884: Waiting
Backend (Go)	UNKNOWN STEP	2026-04-04T15:06:03.8294928Z 13ee208a3600: Verifying Checksum
Backend (Go)	UNKNOWN STEP	2026-04-04T15:06:03.8298069Z 13ee208a3600: Download complete
Backend (Go)	UNKNOWN STEP	2026-04-04T15:06:03.8439741Z 644a983862e3: Verifying Checksum
Backend (Go)	UNKNOWN STEP	2026-04-04T15:06:03.8442861Z 644a983862e3: Download complete
Backend (Go)	UNKNOWN STEP	2026-04-04T15:06:03.9080905Z 4f4fb700ef54: Verifying Checksum
Backend (Go)	UNKNOWN STEP	2026-04-04T15:06:03.9082177Z 4f4fb700ef54: Download complete
Backend (Go)	UNKNOWN STEP	2026-04-04T15:06:04.1365834Z 2de8f3bc93bb: Download complete
Backend (Go)	UNKNOWN STEP	2026-04-04T15:06:04.1511624Z 6fbff1d4eb7e: Verifying Checksum
Backend (Go)	UNKNOWN STEP	2026-04-04T15:06:04.1513181Z 6fbff1d4eb7e: Download complete
Backend (Go)	UNKNOWN STEP	2026-04-04T15:06:04.2164856Z 19c9efa60884: Verifying Checksum
Backend (Go)	UNKNOWN STEP	2026-04-04T15:06:04.2168617Z 19c9efa60884: Download complete
Backend (Go)	UNKNOWN STEP	2026-04-04T15:06:04.5023618Z 8e4ca6825065: Verifying Checksum
Backend (Go)	UNKNOWN STEP	2026-04-04T15:06:04.5024030Z 8e4ca6825065: Download complete
Backend (Go)	UNKNOWN STEP	2026-04-04T15:06:06.9168360Z 644a983862e3: Pull complete
Backend (Go)	UNKNOWN STEP	2026-04-04T15:06:11.7038599Z 6fbff1d4eb7e: Pull complete
Backend (Go)	UNKNOWN STEP	2026-04-04T15:06:11.7171629Z 13ee208a3600: Pull complete
Backend (Go)	UNKNOWN STEP	2026-04-04T15:06:11.7285874Z 4f4fb700ef54: Pull complete
Backend (Go)	UNKNOWN STEP	2026-04-04T15:06:13.3012859Z 8e4ca6825065: Pull complete
Backend (Go)	UNKNOWN STEP	2026-04-04T15:06:13.4702513Z 2de8f3bc93bb: Pull complete
Backend (Go)	UNKNOWN STEP	2026-04-04T15:06:13.4784217Z 19c9efa60884: Pull complete
Backend (Go)	UNKNOWN STEP	2026-04-04T15:06:13.4842462Z Digest: sha256:a735b6eedb06d3bc95d196b4320d1f3829caa0ee009e4b4749917cdd070ab026
Backend (Go)	UNKNOWN STEP	2026-04-04T15:06:13.4854488Z Status: Downloaded newer image for ghcr.io/securego/gosec:2.25.0
Backend (Go)	UNKNOWN STEP	2026-04-04T15:06:13.4861540Z ghcr.io/securego/gosec:2.25.0
Backend (Go)	UNKNOWN STEP	2026-04-04T15:06:13.4881336Z ##[endgroup]
Backend (Go)	UNKNOWN STEP	2026-04-04T15:06:13.5173705Z ##[group]Run actions/checkout@v4
Backend (Go)	UNKNOWN STEP	2026-04-04T15:06:13.5174252Z with:
Backend (Go)	UNKNOWN STEP	2026-04-04T15:06:13.5174465Z   repository: fkcurrie/utba-swarmmap
Backend (Go)	UNKNOWN STEP	2026-04-04T15:06:13.5174916Z   token: ***
Backend (Go)	UNKNOWN STEP	2026-04-04T15:06:13.5175141Z   ssh-strict: true
Backend (Go)	UNKNOWN STEP	2026-04-04T15:06:13.5175326Z   ssh-user: git
Backend (Go)	UNKNOWN STEP	2026-04-04T15:06:13.5175519Z   persist-credentials: true
Backend (Go)	UNKNOWN STEP	2026-04-04T15:06:13.5175732Z   clean: true
Backend (Go)	UNKNOWN STEP	2026-04-04T15:06:13.5175930Z   sparse-checkout-cone-mode: true
Backend (Go)	UNKNOWN STEP	2026-04-04T15:06:13.5176186Z   fetch-depth: 1
Backend (Go)	UNKNOWN STEP	2026-04-04T15:06:13.5176365Z   fetch-tags: false
Backend (Go)	UNKNOWN STEP	2026-04-04T15:06:13.5176554Z   show-progress: true
Backend (Go)	UNKNOWN STEP	2026-04-04T15:06:13.5176733Z   lfs: false
Backend (Go)	UNKNOWN STEP	2026-04-04T15:06:13.5176896Z   submodules: false
Backend (Go)	UNKNOWN STEP	2026-04-04T15:06:13.5177081Z   set-safe-directory: true
Backend (Go)	UNKNOWN STEP	2026-04-04T15:06:13.5177486Z ##[endgroup]
Backend (Go)	UNKNOWN STEP	2026-04-04T15:06:13.6222794Z Syncing repository: fkcurrie/utba-swarmmap
Backend (Go)	UNKNOWN STEP	2026-04-04T15:06:13.6224069Z ##[group]Getting Git version info
Backend (Go)	UNKNOWN STEP	2026-04-04T15:06:13.6224567Z Working directory is '/home/runner/work/utba-swarmmap/utba-swarmmap'
Backend (Go)	UNKNOWN STEP	2026-04-04T15:06:13.6225162Z [command]/usr/bin/git version
Backend (Go)	UNKNOWN STEP	2026-04-04T15:06:13.6281749Z git version 2.53.0
Backend (Go)	UNKNOWN STEP	2026-04-04T15:06:13.6307729Z ##[endgroup]
Backend (Go)	UNKNOWN STEP	2026-04-04T15:06:13.6321863Z Temporarily overriding HOME='/home/runner/work/_temp/5ce48ad2-d79a-4d86-a1b5-5800e815e898' before making global git config changes
Backend (Go)	UNKNOWN STEP	2026-04-04T15:06:13.6323135Z Adding repository directory to the temporary git global config as a safe directory
Backend (Go)	UNKNOWN STEP	2026-04-04T15:06:13.6327016Z [command]/usr/bin/git config --global --add safe.directory /home/runner/work/utba-swarmmap/utba-swarmmap
Backend (Go)	UNKNOWN STEP	2026-04-04T15:06:13.6357451Z Deleting the contents of '/home/runner/work/utba-swarmmap/utba-swarmmap'
Backend (Go)	UNKNOWN STEP	2026-04-04T15:06:13.6361162Z ##[group]Initializing the repository
Backend (Go)	UNKNOWN STEP	2026-04-04T15:06:13.6365104Z [command]/usr/bin/git init /home/runner/work/utba-swarmmap/utba-swarmmap
Backend (Go)	UNKNOWN STEP	2026-04-04T15:06:13.6469244Z hint: Using 'master' as the name for the initial branch. This default branch name
Backend (Go)	UNKNOWN STEP	2026-04-04T15:06:13.6470525Z hint: will change to "main" in Git 3.0. To configure the initial branch name
Backend (Go)	UNKNOWN STEP	2026-04-04T15:06:13.6471509Z hint: to use in all of your new repositories, which will suppress this warning,
Backend (Go)	UNKNOWN STEP	2026-04-04T15:06:13.6472271Z hint: call:
Backend (Go)	UNKNOWN STEP	2026-04-04T15:06:13.6472605Z hint:
Backend (Go)	UNKNOWN STEP	2026-04-04T15:06:13.6473079Z hint: 	git config --global init.defaultBranch <name>
Backend (Go)	UNKNOWN STEP	2026-04-04T15:06:13.6473683Z hint:
Backend (Go)	UNKNOWN STEP	2026-04-04T15:06:13.6474233Z hint: Names commonly chosen instead of 'master' are 'main', 'trunk' and
Backend (Go)	UNKNOWN STEP	2026-04-04T15:06:13.6475207Z hint: 'development'. The just-created branch can be renamed via this command:
Backend (Go)	UNKNOWN STEP	2026-04-04T15:06:13.6475988Z hint:
Backend (Go)	UNKNOWN STEP	2026-04-04T15:06:13.6476355Z hint: 	git branch -m <name>
Backend (Go)	UNKNOWN STEP	2026-04-04T15:06:13.6476756Z hint:
Backend (Go)	UNKNOWN STEP	2026-04-04T15:06:13.6477358Z hint: Disable this message with "git config set advice.defaultBranchName false"
Backend (Go)	UNKNOWN STEP	2026-04-04T15:06:13.6478416Z Initialized empty Git repository in /home/runner/work/utba-swarmmap/utba-swarmmap/.git/
Backend (Go)	UNKNOWN STEP	2026-04-04T15:06:13.6484192Z [command]/usr/bin/git remote add origin https://github.com/fkcurrie/utba-swarmmap
Backend (Go)	UNKNOWN STEP	2026-04-04T15:06:13.6512665Z ##[endgroup]
Backend (Go)	UNKNOWN STEP	2026-04-04T15:06:13.6513303Z ##[group]Disabling automatic garbage collection
Backend (Go)	UNKNOWN STEP	2026-04-04T15:06:13.6602433Z [command]/usr/bin/git config --local gc.auto 0
Backend (Go)	UNKNOWN STEP	2026-04-04T15:06:13.6605990Z ##[endgroup]
Backend (Go)	UNKNOWN STEP	2026-04-04T15:06:13.6606355Z ##[group]Setting up auth
Backend (Go)	UNKNOWN STEP	2026-04-04T15:06:13.6606781Z [command]/usr/bin/git config --local --name-only --get-regexp core\.sshCommand
Backend (Go)	UNKNOWN STEP	2026-04-04T15:06:13.6608212Z [command]/usr/bin/git submodule foreach --recursive sh -c "git config --local --name-only --get-regexp 'core\.sshCommand' && git config --local --unset-all 'core.sshCommand' || :"
Backend (Go)	UNKNOWN STEP	2026-04-04T15:06:13.6905516Z [command]/usr/bin/git config --local --name-only --get-regexp http\.https\:\/\/github\.com\/\.extraheader
Backend (Go)	UNKNOWN STEP	2026-04-04T15:06:13.6935117Z [command]/usr/bin/git submodule foreach --recursive sh -c "git config --local --name-only --get-regexp 'http\.https\:\/\/github\.com\/\.extraheader' && git config --local --unset-all 'http.https://github.com/.extraheader' || :"
Backend (Go)	UNKNOWN STEP	2026-04-04T15:06:13.7150691Z [command]/usr/bin/git config --local --name-only --get-regexp ^includeIf\.gitdir:
Backend (Go)	UNKNOWN STEP	2026-04-04T15:06:13.7191251Z [command]/usr/bin/git submodule foreach --recursive git config --local --show-origin --name-only --get-regexp remote.origin.url
Backend (Go)	UNKNOWN STEP	2026-04-04T15:06:13.7406910Z [command]/usr/bin/git config --local http.https://github.com/.extraheader AUTHORIZATION: basic ***
Backend (Go)	UNKNOWN STEP	2026-04-04T15:06:13.7439470Z ##[endgroup]
Backend (Go)	UNKNOWN STEP	2026-04-04T15:06:13.7440918Z ##[group]Fetching the repository
Backend (Go)	UNKNOWN STEP	2026-04-04T15:06:13.7449249Z [command]/usr/bin/git -c protocol.version=2 fetch --no-tags --prune --no-recurse-submodules --depth=1 origin +64b5842f8d5943970062dbe5bf0d01e945988111:refs/remotes/pull/27/merge
Backend (Go)	UNKNOWN STEP	2026-04-04T15:06:13.9895899Z From https://github.com/fkcurrie/utba-swarmmap
Backend (Go)	UNKNOWN STEP	2026-04-04T15:06:13.9896701Z  * [new ref]         64b5842f8d5943970062dbe5bf0d01e945988111 -> pull/27/merge
Backend (Go)	UNKNOWN STEP	2026-04-04T15:06:13.9924129Z ##[endgroup]
Backend (Go)	UNKNOWN STEP	2026-04-04T15:06:13.9924706Z ##[group]Determining the checkout info
Backend (Go)	UNKNOWN STEP	2026-04-04T15:06:13.9926673Z ##[endgroup]
Backend (Go)	UNKNOWN STEP	2026-04-04T15:06:13.9931789Z [command]/usr/bin/git sparse-checkout disable
Backend (Go)	UNKNOWN STEP	2026-04-04T15:06:13.9966429Z [command]/usr/bin/git config --local --unset-all extensions.worktreeConfig
Backend (Go)	UNKNOWN STEP	2026-04-04T15:06:13.9990487Z ##[group]Checking out the ref
Backend (Go)	UNKNOWN STEP	2026-04-04T15:06:13.9994427Z [command]/usr/bin/git checkout --progress --force refs/remotes/pull/27/merge
Backend (Go)	UNKNOWN STEP	2026-04-04T15:06:14.0212020Z Note: switching to 'refs/remotes/pull/27/merge'.
Backend (Go)	UNKNOWN STEP	2026-04-04T15:06:14.0212478Z 
Backend (Go)	UNKNOWN STEP	2026-04-04T15:06:14.0212911Z You are in 'detached HEAD' state. You can look around, make experimental
Backend (Go)	UNKNOWN STEP	2026-04-04T15:06:14.0213824Z changes and commit them, and you can discard any commits you make in this
Backend (Go)	UNKNOWN STEP	2026-04-04T15:06:14.0214671Z state without impacting any branches by switching back to a branch.
Backend (Go)	UNKNOWN STEP	2026-04-04T15:06:14.0215129Z 
Backend (Go)	UNKNOWN STEP	2026-04-04T15:06:14.0215502Z If you want to create a new branch to retain commits you create, you may
Backend (Go)	UNKNOWN STEP	2026-04-04T15:06:14.0216291Z do so (now or later) by using -c with the switch command. Example:
Backend (Go)	UNKNOWN STEP	2026-04-04T15:06:14.0216726Z 
Backend (Go)	UNKNOWN STEP	2026-04-04T15:06:14.0216942Z   git switch -c <new-branch-name>
Backend (Go)	UNKNOWN STEP	2026-04-04T15:06:14.0217235Z 
Backend (Go)	UNKNOWN STEP	2026-04-04T15:06:14.0217358Z Or undo this operation with:
Backend (Go)	UNKNOWN STEP	2026-04-04T15:06:14.0217517Z 
Backend (Go)	UNKNOWN STEP	2026-04-04T15:06:14.0217607Z   git switch -
Backend (Go)	UNKNOWN STEP	2026-04-04T15:06:14.0217738Z 
Backend (Go)	UNKNOWN STEP	2026-04-04T15:06:14.0218006Z Turn off this advice by setting config variable advice.detachedHead to false
Backend (Go)	UNKNOWN STEP	2026-04-04T15:06:14.0218306Z 
Backend (Go)	UNKNOWN STEP	2026-04-04T15:06:14.0218728Z HEAD is now at 64b5842 Merge 2e6276a1fe98787bc7f3f56b871f07702491f5fb into ce8c646a1e1a3155ecfdd83f5a8af5e375dad3a3
Backend (Go)	UNKNOWN STEP	2026-04-04T15:06:14.0221775Z ##[endgroup]
Backend (Go)	UNKNOWN STEP	2026-04-04T15:06:14.0254130Z [command]/usr/bin/git log -1 --format=%H
Backend (Go)	UNKNOWN STEP	2026-04-04T15:06:14.0274588Z 64b5842f8d5943970062dbe5bf0d01e945988111
Backend (Go)	UNKNOWN STEP	2026-04-04T15:06:14.0473475Z ##[group]Run actions/setup-go@v5
Backend (Go)	UNKNOWN STEP	2026-04-04T15:06:14.0473736Z with:
Backend (Go)	UNKNOWN STEP	2026-04-04T15:06:14.0473898Z   go-version: 1.22
Backend (Go)	UNKNOWN STEP	2026-04-04T15:06:14.0474111Z   cache-dependency-path: backend/go.mod
Backend (Go)	UNKNOWN STEP	2026-04-04T15:06:14.0474359Z   check-latest: false
Backend (Go)	UNKNOWN STEP	2026-04-04T15:06:14.0474672Z   token: ***
Backend (Go)	UNKNOWN STEP	2026-04-04T15:06:14.0474836Z   cache: true
Backend (Go)	UNKNOWN STEP	2026-04-04T15:06:14.0475003Z ##[endgroup]
Backend (Go)	UNKNOWN STEP	2026-04-04T15:06:14.2066641Z Setup go version spec 1.22
Backend (Go)	UNKNOWN STEP	2026-04-04T15:06:14.2138922Z Found in cache @ /opt/hostedtoolcache/go/1.22.12/x64
Backend (Go)	UNKNOWN STEP	2026-04-04T15:06:14.2143718Z Added go to the path
Backend (Go)	UNKNOWN STEP	2026-04-04T15:06:14.2147799Z Successfully set up Go version 1.22
Backend (Go)	UNKNOWN STEP	2026-04-04T15:06:14.5131494Z [command]/opt/hostedtoolcache/go/1.22.12/x64/bin/go env GOMODCACHE
Backend (Go)	UNKNOWN STEP	2026-04-04T15:06:14.5167110Z [command]/opt/hostedtoolcache/go/1.22.12/x64/bin/go env GOCACHE
Backend (Go)	UNKNOWN STEP	2026-04-04T15:06:14.5192077Z /home/runner/go/pkg/mod
Backend (Go)	UNKNOWN STEP	2026-04-04T15:06:14.5221345Z /home/runner/.cache/go-build
Backend (Go)	UNKNOWN STEP	2026-04-04T15:06:14.6249640Z Cache is not found
Backend (Go)	UNKNOWN STEP	2026-04-04T15:06:14.6266958Z go version go1.22.12 linux/amd64
Backend (Go)	UNKNOWN STEP	2026-04-04T15:06:14.6267159Z 
Backend (Go)	UNKNOWN STEP	2026-04-04T15:06:14.6267446Z ##[group]go env
Backend (Go)	UNKNOWN STEP	2026-04-04T15:06:14.7475905Z GO111MODULE=''
Backend (Go)	UNKNOWN STEP	2026-04-04T15:06:14.7476256Z GOARCH='amd64'
Backend (Go)	UNKNOWN STEP	2026-04-04T15:06:14.7476581Z GOBIN=''
Backend (Go)	UNKNOWN STEP	2026-04-04T15:06:14.7476800Z GOCACHE='/home/runner/.cache/go-build'
Backend (Go)	UNKNOWN STEP	2026-04-04T15:06:14.7477094Z GOENV='/home/runner/.config/go/env'
Backend (Go)	UNKNOWN STEP	2026-04-04T15:06:14.7477343Z GOEXE=''
Backend (Go)	UNKNOWN STEP	2026-04-04T15:06:14.7477512Z GOEXPERIMENT=''
Backend (Go)	UNKNOWN STEP	2026-04-04T15:06:14.7477688Z GOFLAGS=''
Backend (Go)	UNKNOWN STEP	2026-04-04T15:06:14.7477861Z GOHOSTARCH='amd64'
Backend (Go)	UNKNOWN STEP	2026-04-04T15:06:14.7478041Z GOHOSTOS='linux'
Backend (Go)	UNKNOWN STEP	2026-04-04T15:06:14.7478251Z GOINSECURE=''
Backend (Go)	UNKNOWN STEP	2026-04-04T15:06:14.7478450Z GOMODCACHE='/home/runner/go/pkg/mod'
Backend (Go)	UNKNOWN STEP	2026-04-04T15:06:14.7478698Z GONOPROXY=''
Backend (Go)	UNKNOWN STEP	2026-04-04T15:06:14.7478869Z GONOSUMDB=''
Backend (Go)	UNKNOWN STEP	2026-04-04T15:06:14.7479042Z GOOS='linux'
Backend (Go)	UNKNOWN STEP	2026-04-04T15:06:14.7479243Z GOPATH='/home/runner/go'
Backend (Go)	UNKNOWN STEP	2026-04-04T15:06:14.7479446Z GOPRIVATE=''
Backend (Go)	UNKNOWN STEP	2026-04-04T15:06:14.7480027Z GOPROXY='https://proxy.golang.org,direct'
Backend (Go)	UNKNOWN STEP	2026-04-04T15:06:14.7480347Z GOROOT='/opt/hostedtoolcache/go/1.22.12/x64'
Backend (Go)	UNKNOWN STEP	2026-04-04T15:06:14.7480627Z GOSUMDB='sum.golang.org'
Backend (Go)	UNKNOWN STEP	2026-04-04T15:06:14.7480824Z GOTMPDIR=''
Backend (Go)	UNKNOWN STEP	2026-04-04T15:06:14.7480997Z GOTOOLCHAIN='auto'
Backend (Go)	UNKNOWN STEP	2026-04-04T15:06:14.7481301Z GOTOOLDIR='/opt/hostedtoolcache/go/1.22.12/x64/pkg/tool/linux_amd64'
Backend (Go)	UNKNOWN STEP	2026-04-04T15:06:14.7481636Z GOVCS=''
Backend (Go)	UNKNOWN STEP	2026-04-04T15:06:14.7481799Z GOVERSION='go1.22.12'
Backend (Go)	UNKNOWN STEP	2026-04-04T15:06:14.7481992Z GCCGO='gccgo'
Backend (Go)	UNKNOWN STEP	2026-04-04T15:06:14.7482174Z GOAMD64='v1'
Backend (Go)	UNKNOWN STEP	2026-04-04T15:06:14.7482349Z AR='ar'
Backend (Go)	UNKNOWN STEP	2026-04-04T15:06:14.7482507Z CC='gcc'
Backend (Go)	UNKNOWN STEP	2026-04-04T15:06:14.7482654Z CXX='g++'
Backend (Go)	UNKNOWN STEP	2026-04-04T15:06:14.7482815Z CGO_ENABLED='1'
Backend (Go)	UNKNOWN STEP	2026-04-04T15:06:14.7482992Z GOMOD='/dev/null'
Backend (Go)	UNKNOWN STEP	2026-04-04T15:06:14.7483173Z GOWORK=''
Backend (Go)	UNKNOWN STEP	2026-04-04T15:06:14.7483347Z CGO_CFLAGS='-O2 -g'
Backend (Go)	UNKNOWN STEP	2026-04-04T15:06:14.7483539Z CGO_CPPFLAGS=''
Backend (Go)	UNKNOWN STEP	2026-04-04T15:06:14.7483718Z CGO_CXXFLAGS='-O2 -g'
Backend (Go)	UNKNOWN STEP	2026-04-04T15:06:14.7483925Z CGO_FFLAGS='-O2 -g'
Backend (Go)	UNKNOWN STEP	2026-04-04T15:06:14.7484106Z CGO_LDFLAGS='-O2 -g'
Backend (Go)	UNKNOWN STEP	2026-04-04T15:06:14.7484311Z PKG_CONFIG='pkg-config'
Backend (Go)	UNKNOWN STEP	2026-04-04T15:06:14.7484977Z GOGCCFLAGS='-fPIC -m64 -pthread -Wl,--no-gc-sections -fmessage-length=0 -ffile-prefix-map=/tmp/go-build636506482=/tmp/go-build -gno-record-gcc-switches'
Backend (Go)	UNKNOWN STEP	2026-04-04T15:06:14.7485578Z 
Backend (Go)	UNKNOWN STEP	2026-04-04T15:06:14.7487555Z ##[endgroup]
Backend (Go)	UNKNOWN STEP	2026-04-04T15:06:14.7588772Z ##[group]Run go fmt ./...
Backend (Go)	UNKNOWN STEP	2026-04-04T15:06:14.7589052Z [36;1mgo fmt ./...[0m
Backend (Go)	UNKNOWN STEP	2026-04-04T15:06:14.7623443Z shell: /usr/bin/bash -e {0}
Backend (Go)	UNKNOWN STEP	2026-04-04T15:06:14.7623701Z ##[endgroup]
Backend (Go)	UNKNOWN STEP	2026-04-04T15:06:14.7736053Z go: downloading cloud.google.com/go/firestore v1.14.0
Backend (Go)	UNKNOWN STEP	2026-04-04T15:06:14.7736961Z go: downloading cloud.google.com/go/storage v1.36.0
Backend (Go)	UNKNOWN STEP	2026-04-04T15:06:14.8010880Z go: downloading github.com/google/uuid v1.5.0
Backend (Go)	UNKNOWN STEP	2026-04-04T15:06:14.8253143Z go: downloading google.golang.org/api v0.155.0
Backend (Go)	UNKNOWN STEP	2026-04-04T15:06:14.8992391Z go: downloading google.golang.org/grpc v1.60.1
Backend (Go)	UNKNOWN STEP	2026-04-04T15:06:14.9123134Z go: downloading cloud.google.com/go v0.110.10
Backend (Go)	UNKNOWN STEP	2026-04-04T15:06:15.1768482Z go: downloading golang.org/x/oauth2 v0.15.0
Backend (Go)	UNKNOWN STEP	2026-04-04T15:06:16.2285541Z go: downloading cloud.google.com/go/compute/metadata v0.2.3
Backend (Go)	UNKNOWN STEP	2026-04-04T15:06:16.2397510Z go: downloading cloud.google.com/go/compute v1.23.3
Backend (Go)	UNKNOWN STEP	2026-04-04T15:06:16.3324954Z go: downloading cloud.google.com/go/iam v1.1.5
Backend (Go)	UNKNOWN STEP	2026-04-04T15:06:16.4584037Z go: downloading github.com/googleapis/gax-go/v2 v2.12.0
Backend (Go)	UNKNOWN STEP	2026-04-04T15:06:17.2114592Z go: downloading google.golang.org/genproto v0.0.0-20231211222908-989df2bf70f3
Backend (Go)	UNKNOWN STEP	2026-04-04T15:06:17.2115828Z go: downloading google.golang.org/protobuf v1.31.0
Backend (Go)	UNKNOWN STEP	2026-04-04T15:06:17.4239361Z go: downloading github.com/golang/protobuf v1.5.3
Backend (Go)	UNKNOWN STEP	2026-04-04T15:06:17.4622223Z go: downloading golang.org/x/time v0.5.0
Backend (Go)	UNKNOWN STEP	2026-04-04T15:06:17.7826975Z go: downloading google.golang.org/genproto/googleapis/rpc v0.0.0-20231212172506-995d672761c0
Backend (Go)	UNKNOWN STEP	2026-04-04T15:06:18.6309061Z go: downloading google.golang.org/genproto/googleapis/api v0.0.0-20231211222908-989df2bf70f3
Backend (Go)	UNKNOWN STEP	2026-04-04T15:06:18.6973903Z go: downloading go.opencensus.io v0.24.0
Backend (Go)	UNKNOWN STEP	2026-04-04T15:06:18.8905495Z go: downloading golang.org/x/xerrors v0.0.0-20231012003039-104605ab7028
Backend (Go)	UNKNOWN STEP	2026-04-04T15:06:19.0634900Z go: downloading go.opentelemetry.io/contrib/instrumentation/net/http/otelhttp v0.46.1
Backend (Go)	UNKNOWN STEP	2026-04-04T15:06:19.0835629Z go: downloading golang.org/x/net v0.19.0
Backend (Go)	UNKNOWN STEP	2026-04-04T15:06:19.2542798Z go: downloading cloud.google.com/go/longrunning v0.5.4
Backend (Go)	UNKNOWN STEP	2026-04-04T15:06:19.2646633Z go: downloading golang.org/x/sync v0.5.0
Backend (Go)	UNKNOWN STEP	2026-04-04T15:06:19.2844824Z go: downloading golang.org/x/sys v0.15.0
Backend (Go)	UNKNOWN STEP	2026-04-04T15:06:19.4843771Z go: downloading github.com/golang/groupcache v0.0.0-20210331224755-41bb18bfe9da
Backend (Go)	UNKNOWN STEP	2026-04-04T15:06:19.5029821Z go: downloading go.opentelemetry.io/contrib/instrumentation/google.golang.org/grpc/otelgrpc v0.46.1
Backend (Go)	UNKNOWN STEP	2026-04-04T15:06:19.5402784Z go: downloading github.com/google/s2a-go v0.1.7
Backend (Go)	UNKNOWN STEP	2026-04-04T15:06:19.5895768Z go: downloading github.com/felixge/httpsnoop v1.0.4
Backend (Go)	UNKNOWN STEP	2026-04-04T15:06:19.5896807Z go: downloading go.opentelemetry.io/otel v1.21.0
Backend (Go)	UNKNOWN STEP	2026-04-04T15:06:19.6082065Z go: downloading go.opentelemetry.io/otel/metric v1.21.0
Backend (Go)	UNKNOWN STEP	2026-04-04T15:06:19.6815876Z go: downloading go.opentelemetry.io/otel/trace v1.21.0
Backend (Go)	UNKNOWN STEP	2026-04-04T15:06:19.6818948Z go: downloading github.com/googleapis/enterprise-certificate-proxy v0.3.2
Backend (Go)	UNKNOWN STEP	2026-04-04T15:06:19.7688897Z go: downloading github.com/go-logr/logr v1.3.0
Backend (Go)	UNKNOWN STEP	2026-04-04T15:06:19.7872790Z go: downloading golang.org/x/text v0.14.0
Backend (Go)	UNKNOWN STEP	2026-04-04T15:06:19.9596725Z go: downloading github.com/go-logr/stdr v1.2.2
Backend (Go)	UNKNOWN STEP	2026-04-04T15:06:19.9777352Z go: downloading golang.org/x/crypto v0.17.0
Backend (Go)	UNKNOWN STEP	2026-04-04T15:06:20.6174324Z ##[group]Run go vet ./...
Backend (Go)	UNKNOWN STEP	2026-04-04T15:06:20.6174682Z [36;1mgo vet ./...[0m
Backend (Go)	UNKNOWN STEP	2026-04-04T15:06:20.6201669Z shell: /usr/bin/bash -e {0}
Backend (Go)	UNKNOWN STEP	2026-04-04T15:06:20.6201952Z ##[endgroup]
Backend (Go)	UNKNOWN STEP	2026-04-04T15:06:43.5018923Z ##[group]Run golangci/golangci-lint-action@v4
Backend (Go)	UNKNOWN STEP	2026-04-04T15:06:43.5019421Z with:
Backend (Go)	UNKNOWN STEP	2026-04-04T15:06:43.5020024Z   version: latest
Backend (Go)	UNKNOWN STEP	2026-04-04T15:06:43.5020358Z   working-directory: backend
Backend (Go)	UNKNOWN STEP	2026-04-04T15:06:43.5021008Z   github-token: ***
Backend (Go)	UNKNOWN STEP	2026-04-04T15:06:43.5021358Z   only-new-issues: false
Backend (Go)	UNKNOWN STEP	2026-04-04T15:06:43.5021726Z   skip-cache: false
Backend (Go)	UNKNOWN STEP	2026-04-04T15:06:43.5022052Z   skip-pkg-cache: false
Backend (Go)	UNKNOWN STEP	2026-04-04T15:06:43.5022420Z   skip-build-cache: false
Backend (Go)	UNKNOWN STEP	2026-04-04T15:06:43.5022787Z   install-mode: binary
Backend (Go)	UNKNOWN STEP	2026-04-04T15:06:43.5023113Z ##[endgroup]
Backend (Go)	UNKNOWN STEP	2026-04-04T15:06:43.6650882Z ##[group]prepare environment
Backend (Go)	UNKNOWN STEP	2026-04-04T15:06:43.6655824Z Checking for go.mod: backend/go.mod
Backend (Go)	UNKNOWN STEP	2026-04-04T15:06:43.7914538Z ##[warning]Failed to restore: Cache service responded with 400
Backend (Go)	UNKNOWN STEP	2026-04-04T15:06:43.7923250Z Cache not found for input keys: golangci-lint.cache-2935-666b7a7e1dfa6b5b3fe79062f075597ee19b9909, golangci-lint.cache-2935-
Backend (Go)	UNKNOWN STEP	2026-04-04T15:06:43.7924177Z Finding needed golangci-lint version...
Backend (Go)	UNKNOWN STEP	2026-04-04T15:06:43.8366171Z Requested golangci-lint 'latest', using 'v1.64.8', calculation took 45ms
Backend (Go)	UNKNOWN STEP	2026-04-04T15:06:43.8366909Z Installation mode: binary
Backend (Go)	UNKNOWN STEP	2026-04-04T15:06:43.8367394Z Installing golangci-lint binary v1.64.8...
Backend (Go)	UNKNOWN STEP	2026-04-04T15:06:43.8370488Z Downloading binary https://github.com/golangci/golangci-lint/releases/download/v1.64.8/golangci-lint-1.64.8-linux-amd64.tar.gz ...
Backend (Go)	UNKNOWN STEP	2026-04-04T15:06:44.0383292Z [command]/usr/bin/tar xz --overwrite --warning=no-unknown-keyword --overwrite -C /home/runner -f /home/runner/work/_temp/8f0a8cb1-a2be-454d-933f-33bdaf8f450f
Backend (Go)	UNKNOWN STEP	2026-04-04T15:06:44.2572157Z Installed golangci-lint into /home/runner/golangci-lint-1.64.8-linux-amd64/golangci-lint in 420ms
Backend (Go)	UNKNOWN STEP	2026-04-04T15:06:44.2573248Z Prepared env in 592ms
Backend (Go)	UNKNOWN STEP	2026-04-04T15:06:44.2574109Z ##[endgroup]
Backend (Go)	UNKNOWN STEP	2026-04-04T15:06:44.2574770Z ##[group]run golangci-lint
Backend (Go)	UNKNOWN STEP	2026-04-04T15:06:44.2580939Z Running [/home/runner/golangci-lint-1.64.8-linux-amd64/golangci-lint run --out-format=github-actions --path-prefix=backend] in [/home/runner/work/utba-swarmmap/utba-swarmmap/backend] ...
Backend (Go)	UNKNOWN STEP	2026-04-04T15:06:52.8934703Z level=warning msg="[config_reader] The output format `github-actions` is deprecated, please use `colored-line-number`"
Backend (Go)	UNKNOWN STEP	2026-04-04T15:06:52.8935776Z 
Backend (Go)	UNKNOWN STEP	2026-04-04T15:06:52.8935947Z golangci-lint found no issues
Backend (Go)	UNKNOWN STEP	2026-04-04T15:06:52.8936325Z Ran golangci-lint in 8636ms
Backend (Go)	UNKNOWN STEP	2026-04-04T15:06:52.8937036Z ##[endgroup]
Backend (Go)	UNKNOWN STEP	2026-04-04T15:06:52.9057100Z ##[group]Run go test -v ./...
Backend (Go)	UNKNOWN STEP	2026-04-04T15:06:52.9057375Z [36;1mgo test -v ./...[0m
Backend (Go)	UNKNOWN STEP	2026-04-04T15:06:52.9083734Z shell: /usr/bin/bash -e {0}
Backend (Go)	UNKNOWN STEP	2026-04-04T15:06:52.9083965Z ##[endgroup]
Backend (Go)	UNKNOWN STEP	2026-04-04T15:06:56.7197053Z ?   	github.com/fkcurrie/utba-swarmmap	[no test files]
Backend (Go)	UNKNOWN STEP	2026-04-04T15:06:56.7197778Z ?   	github.com/fkcurrie/utba-swarmmap/models	[no test files]
Backend (Go)	UNKNOWN STEP	2026-04-04T15:06:56.7198426Z ?   	github.com/fkcurrie/utba-swarmmap/store	[no test files]
Backend (Go)	UNKNOWN STEP	2026-04-04T15:06:56.7298948Z === RUN   TestGetSwarmsHandler_WithSwarms
Backend (Go)	UNKNOWN STEP	2026-04-04T15:06:56.7299727Z 2026/04/04 15:06:56 Fetching all swarms
Backend (Go)	UNKNOWN STEP	2026-04-04T15:06:56.7318127Z 2026/04/04 15:06:56 Returning 2 swarms
Backend (Go)	UNKNOWN STEP	2026-04-04T15:06:56.7318739Z --- PASS: TestGetSwarmsHandler_WithSwarms (0.00s)
Backend (Go)	UNKNOWN STEP	2026-04-04T15:06:56.7319275Z === RUN   TestLoginHandler
Backend (Go)	UNKNOWN STEP	2026-04-04T15:06:56.7319816Z --- PASS: TestLoginHandler (0.00s)
Backend (Go)	UNKNOWN STEP	2026-04-04T15:06:56.7320126Z === RUN   TestGoogleCallbackHandler_InvalidState
Backend (Go)	UNKNOWN STEP	2026-04-04T15:06:56.7320520Z --- PASS: TestGoogleCallbackHandler_InvalidState (0.00s)
Backend (Go)	UNKNOWN STEP	2026-04-04T15:06:56.7320875Z === RUN   TestDashboardHandler_Unauthenticated
Backend (Go)	UNKNOWN STEP	2026-04-04T15:06:56.7321242Z --- PASS: TestDashboardHandler_Unauthenticated (0.00s)
Backend (Go)	UNKNOWN STEP	2026-04-04T15:06:56.7321548Z === RUN   TestLogoutHandler
Backend (Go)	UNKNOWN STEP	2026-04-04T15:06:56.7321793Z --- PASS: TestLogoutHandler (0.00s)
Backend (Go)	UNKNOWN STEP	2026-04-04T15:06:56.7322052Z === RUN   TestAuthHandler_Authenticated
Backend (Go)	UNKNOWN STEP	2026-04-04T15:06:56.7322347Z --- PASS: TestAuthHandler_Authenticated (0.00s)
Backend (Go)	UNKNOWN STEP	2026-04-04T15:06:56.7322651Z === RUN   TestPrepareSwarmHandler_ValidRequest
Backend (Go)	UNKNOWN STEP	2026-04-04T15:06:56.7323117Z 2026/04/04 15:06:56 File test.jpg accepted by extension .jpg (MIME type was application/octet-stream)
Backend (Go)	UNKNOWN STEP	2026-04-04T15:06:56.7323609Z --- PASS: TestPrepareSwarmHandler_ValidRequest (0.00s)
Backend (Go)	UNKNOWN STEP	2026-04-04T15:06:56.7323933Z === RUN   TestConfirmSwarmHandler_ValidRequest
Backend (Go)	UNKNOWN STEP	2026-04-04T15:06:56.7324253Z --- PASS: TestConfirmSwarmHandler_ValidRequest (0.00s)
Backend (Go)	UNKNOWN STEP	2026-04-04T15:06:56.7324581Z === RUN   TestSwarmListHandler_Unauthenticated
Backend (Go)	UNKNOWN STEP	2026-04-04T15:06:56.7324940Z --- PASS: TestSwarmListHandler_Unauthenticated (0.00s)
Backend (Go)	UNKNOWN STEP	2026-04-04T15:06:56.7325301Z === RUN   TestCollectorsMapHandler_Unauthenticated
Backend (Go)	UNKNOWN STEP	2026-04-04T15:06:56.7325670Z --- PASS: TestCollectorsMapHandler_Unauthenticated (0.00s)
Backend (Go)	UNKNOWN STEP	2026-04-04T15:06:56.7325998Z === RUN   TestAdminHandler_Unauthorized
Backend (Go)	UNKNOWN STEP	2026-04-04T15:06:56.7326283Z --- PASS: TestAdminHandler_Unauthorized (0.00s)
Backend (Go)	UNKNOWN STEP	2026-04-04T15:06:56.7326596Z === RUN   TestGenerateSampleDataHandler
Backend (Go)	UNKNOWN STEP	2026-04-04T15:06:56.7326942Z 2026/04/04 15:06:56 Generating sample swarms for session: test-session-id
Backend (Go)	UNKNOWN STEP	2026-04-04T15:06:56.7327326Z --- PASS: TestGenerateSampleDataHandler (0.00s)
Backend (Go)	UNKNOWN STEP	2026-04-04T15:06:56.7327613Z === RUN   TestApproveUserHandler
Backend (Go)	UNKNOWN STEP	2026-04-04T15:06:56.7327874Z --- PASS: TestApproveUserHandler (0.00s)
Backend (Go)	UNKNOWN STEP	2026-04-04T15:06:56.7328144Z === RUN   TestRejectUserHandler
Backend (Go)	UNKNOWN STEP	2026-04-04T15:06:56.7328386Z --- PASS: TestRejectUserHandler (0.00s)
Backend (Go)	UNKNOWN STEP	2026-04-04T15:06:56.7328653Z === RUN   TestDeleteSwarmHandler
Backend (Go)	UNKNOWN STEP	2026-04-04T15:06:56.7328906Z --- PASS: TestDeleteSwarmHandler (0.00s)
Backend (Go)	UNKNOWN STEP	2026-04-04T15:06:56.7329178Z === RUN   TestPromoteUserHandler
Backend (Go)	UNKNOWN STEP	2026-04-04T15:06:56.7329423Z --- PASS: TestPromoteUserHandler (0.00s)
Backend (Go)	UNKNOWN STEP	2026-04-04T15:06:56.7329965Z === RUN   TestUpdateSwarmStatusHandler
Backend (Go)	UNKNOWN STEP	2026-04-04T15:06:56.7330268Z --- PASS: TestUpdateSwarmStatusHandler (0.00s)
Backend (Go)	UNKNOWN STEP	2026-04-04T15:06:56.7330560Z === RUN   TestAssignSwarmHandler
Backend (Go)	UNKNOWN STEP	2026-04-04T15:06:56.7330815Z --- PASS: TestAssignSwarmHandler (0.00s)
Backend (Go)	UNKNOWN STEP	2026-04-04T15:06:56.7331109Z === RUN   TestCollectorAdminHandler_Unauthorized
Backend (Go)	UNKNOWN STEP	2026-04-04T15:06:56.7331451Z --- PASS: TestCollectorAdminHandler_Unauthorized (0.00s)
Backend (Go)	UNKNOWN STEP	2026-04-04T15:06:56.7331735Z PASS
Backend (Go)	UNKNOWN STEP	2026-04-04T15:06:56.7331966Z ok  	github.com/fkcurrie/utba-swarmmap/handlers	0.007s
Backend (Go)	UNKNOWN STEP	2026-04-04T15:06:56.7620556Z ##[group]Run go test -race -v ./...
Backend (Go)	UNKNOWN STEP	2026-04-04T15:06:56.7620924Z [36;1mgo test -race -v ./...[0m
Backend (Go)	UNKNOWN STEP	2026-04-04T15:06:56.7653962Z shell: /usr/bin/bash -e {0}
Backend (Go)	UNKNOWN STEP	2026-04-04T15:06:56.7654429Z ##[endgroup]
Backend (Go)	UNKNOWN STEP	2026-04-04T15:07:20.4330107Z ?   	github.com/fkcurrie/utba-swarmmap	[no test files]
Backend (Go)	UNKNOWN STEP	2026-04-04T15:07:21.1049430Z ?   	github.com/fkcurrie/utba-swarmmap/models	[no test files]
Backend (Go)	UNKNOWN STEP	2026-04-04T15:07:21.1050344Z ?   	github.com/fkcurrie/utba-swarmmap/store	[no test files]
Backend (Go)	UNKNOWN STEP	2026-04-04T15:07:22.1324883Z === RUN   TestGetSwarmsHandler_WithSwarms
Backend (Go)	UNKNOWN STEP	2026-04-04T15:07:22.1325416Z 2026/04/04 15:07:21 Fetching all swarms
Backend (Go)	UNKNOWN STEP	2026-04-04T15:07:22.1325835Z 2026/04/04 15:07:21 Returning 2 swarms
Backend (Go)	UNKNOWN STEP	2026-04-04T15:07:22.1326285Z --- PASS: TestGetSwarmsHandler_WithSwarms (0.00s)
Backend (Go)	UNKNOWN STEP	2026-04-04T15:07:22.1326587Z === RUN   TestLoginHandler
Backend (Go)	UNKNOWN STEP	2026-04-04T15:07:22.1326825Z --- PASS: TestLoginHandler (0.00s)
Backend (Go)	UNKNOWN STEP	2026-04-04T15:07:22.1327222Z === RUN   TestGoogleCallbackHandler_InvalidState
Backend (Go)	UNKNOWN STEP	2026-04-04T15:07:22.1327679Z --- PASS: TestGoogleCallbackHandler_InvalidState (0.00s)
Backend (Go)	UNKNOWN STEP	2026-04-04T15:07:22.1328019Z === RUN   TestDashboardHandler_Unauthenticated
Backend (Go)	UNKNOWN STEP	2026-04-04T15:07:22.1328491Z --- PASS: TestDashboardHandler_Unauthenticated (0.00s)
Backend (Go)	UNKNOWN STEP	2026-04-04T15:07:22.1328807Z === RUN   TestLogoutHandler
Backend (Go)	UNKNOWN STEP	2026-04-04T15:07:22.1329036Z --- PASS: TestLogoutHandler (0.00s)
Backend (Go)	UNKNOWN STEP	2026-04-04T15:07:22.1329282Z === RUN   TestAuthHandler_Authenticated
Backend (Go)	UNKNOWN STEP	2026-04-04T15:07:22.1329899Z --- PASS: TestAuthHandler_Authenticated (0.00s)
Backend (Go)	UNKNOWN STEP	2026-04-04T15:07:22.1330238Z === RUN   TestPrepareSwarmHandler_ValidRequest
Backend (Go)	UNKNOWN STEP	2026-04-04T15:07:22.1330747Z 2026/04/04 15:07:21 File test.jpg accepted by extension .jpg (MIME type was application/octet-stream)
Backend (Go)	UNKNOWN STEP	2026-04-04T15:07:22.1331342Z --- PASS: TestPrepareSwarmHandler_ValidRequest (0.00s)
Backend (Go)	UNKNOWN STEP	2026-04-04T15:07:22.1331663Z === RUN   TestConfirmSwarmHandler_ValidRequest
Backend (Go)	UNKNOWN STEP	2026-04-04T15:07:22.1332132Z --- PASS: TestConfirmSwarmHandler_ValidRequest (0.00s)
Backend (Go)	UNKNOWN STEP	2026-04-04T15:07:22.1332458Z === RUN   TestSwarmListHandler_Unauthenticated
Backend (Go)	UNKNOWN STEP	2026-04-04T15:07:22.1332775Z --- PASS: TestSwarmListHandler_Unauthenticated (0.00s)
Backend (Go)	UNKNOWN STEP	2026-04-04T15:07:22.1333176Z === RUN   TestCollectorsMapHandler_Unauthenticated
Backend (Go)	UNKNOWN STEP	2026-04-04T15:07:22.1333599Z --- PASS: TestCollectorsMapHandler_Unauthenticated (0.00s)
Backend (Go)	UNKNOWN STEP	2026-04-04T15:07:22.1333929Z === RUN   TestAdminHandler_Unauthorized
Backend (Go)	UNKNOWN STEP	2026-04-04T15:07:22.1334200Z --- PASS: TestAdminHandler_Unauthorized (0.00s)
Backend (Go)	UNKNOWN STEP	2026-04-04T15:07:22.1334643Z === RUN   TestGenerateSampleDataHandler
Backend (Go)	UNKNOWN STEP	2026-04-04T15:07:22.1334999Z 2026/04/04 15:07:21 Generating sample swarms for session: test-session-id
Backend (Go)	UNKNOWN STEP	2026-04-04T15:07:22.1335373Z --- PASS: TestGenerateSampleDataHandler (0.00s)
Backend (Go)	UNKNOWN STEP	2026-04-04T15:07:22.1335809Z === RUN   TestApproveUserHandler
Backend (Go)	UNKNOWN STEP	2026-04-04T15:07:22.1336073Z --- PASS: TestApproveUserHandler (0.00s)
Backend (Go)	UNKNOWN STEP	2026-04-04T15:07:22.1336348Z === RUN   TestRejectUserHandler
Backend (Go)	UNKNOWN STEP	2026-04-04T15:07:22.1336656Z --- PASS: TestRejectUserHandler (0.00s)
Backend (Go)	UNKNOWN STEP	2026-04-04T15:07:22.1337009Z === RUN   TestDeleteSwarmHandler
Backend (Go)	UNKNOWN STEP	2026-04-04T15:07:22.1337254Z --- PASS: TestDeleteSwarmHandler (0.00s)
Backend (Go)	UNKNOWN STEP	2026-04-04T15:07:22.1337520Z === RUN   TestPromoteUserHandler
Backend (Go)	UNKNOWN STEP	2026-04-04T15:07:22.1337804Z --- PASS: TestPromoteUserHandler (0.00s)
Backend (Go)	UNKNOWN STEP	2026-04-04T15:07:22.1338183Z === RUN   TestUpdateSwarmStatusHandler
Backend (Go)	UNKNOWN STEP	2026-04-04T15:07:22.1338472Z --- PASS: TestUpdateSwarmStatusHandler (0.00s)
Backend (Go)	UNKNOWN STEP	2026-04-04T15:07:22.1338747Z === RUN   TestAssignSwarmHandler
Backend (Go)	UNKNOWN STEP	2026-04-04T15:07:22.1338989Z --- PASS: TestAssignSwarmHandler (0.00s)
Backend (Go)	UNKNOWN STEP	2026-04-04T15:07:22.1339344Z === RUN   TestCollectorAdminHandler_Unauthorized
Backend (Go)	UNKNOWN STEP	2026-04-04T15:07:22.1339889Z --- PASS: TestCollectorAdminHandler_Unauthorized (0.00s)
Backend (Go)	UNKNOWN STEP	2026-04-04T15:07:22.1340166Z PASS
Backend (Go)	UNKNOWN STEP	2026-04-04T15:07:22.1340479Z ok  	github.com/fkcurrie/utba-swarmmap/handlers	1.023s
Backend (Go)	UNKNOWN STEP	2026-04-04T15:07:22.2227709Z ##[group]Run go test -coverprofile=coverage.out ./...
Backend (Go)	UNKNOWN STEP	2026-04-04T15:07:22.2228129Z [36;1mgo test -coverprofile=coverage.out ./...[0m
Backend (Go)	UNKNOWN STEP	2026-04-04T15:07:22.2254635Z shell: /usr/bin/bash -e {0}
Backend (Go)	UNKNOWN STEP	2026-04-04T15:07:22.2254870Z ##[endgroup]
Backend (Go)	UNKNOWN STEP	2026-04-04T15:07:22.9685960Z 	github.com/fkcurrie/utba-swarmmap		coverage: 0.0% of statements
Backend (Go)	UNKNOWN STEP	2026-04-04T15:07:23.3340591Z ?   	github.com/fkcurrie/utba-swarmmap/models	[no test files]
Backend (Go)	UNKNOWN STEP	2026-04-04T15:07:23.3356902Z 	github.com/fkcurrie/utba-swarmmap/store		coverage: 0.0% of statements
Backend (Go)	UNKNOWN STEP	2026-04-04T15:07:23.3451315Z ok  	github.com/fkcurrie/utba-swarmmap/handlers	0.008s	coverage: 28.8% of statements
Backend (Go)	UNKNOWN STEP	2026-04-04T15:07:23.3661795Z ##[group]Run go mod tidy
Backend (Go)	UNKNOWN STEP	2026-04-04T15:07:23.3662074Z [36;1mgo mod tidy[0m
Backend (Go)	UNKNOWN STEP	2026-04-04T15:07:23.3662300Z [36;1mgit diff --exit-code go.mod go.sum[0m
Backend (Go)	UNKNOWN STEP	2026-04-04T15:07:23.3688050Z shell: /usr/bin/bash -e {0}
Backend (Go)	UNKNOWN STEP	2026-04-04T15:07:23.3688288Z ##[endgroup]
Backend (Go)	UNKNOWN STEP	2026-04-04T15:07:23.3980721Z go: downloading google.golang.org/appengine v1.6.8
Backend (Go)	UNKNOWN STEP	2026-04-04T15:07:23.6951508Z go: downloading github.com/google/go-cmp v0.6.0
Backend (Go)	UNKNOWN STEP	2026-04-04T15:07:23.6952311Z go: downloading github.com/stretchr/testify v1.8.4
Backend (Go)	UNKNOWN STEP	2026-04-04T15:07:23.7733612Z go: downloading github.com/google/martian/v3 v3.3.2
Backend (Go)	UNKNOWN STEP	2026-04-04T15:07:23.8320602Z go: downloading github.com/davecgh/go-spew v1.1.1
Backend (Go)	UNKNOWN STEP	2026-04-04T15:07:23.8321106Z go: downloading github.com/pmezard/go-difflib v1.0.0
Backend (Go)	UNKNOWN STEP	2026-04-04T15:07:23.8321441Z go: downloading gopkg.in/yaml.v3 v3.0.1
Backend (Go)	UNKNOWN STEP	2026-04-04T15:07:23.8502377Z go: downloading github.com/cncf/xds/go v0.0.0-20230607035331-e9ce68804cb4
Backend (Go)	UNKNOWN STEP	2026-04-04T15:07:23.8866453Z go: downloading github.com/envoyproxy/protoc-gen-validate v1.0.2
Backend (Go)	UNKNOWN STEP	2026-04-04T15:07:24.0134673Z ##[group]Run go mod verify
Backend (Go)	UNKNOWN STEP	2026-04-04T15:07:24.0134946Z [36;1mgo mod verify[0m
Backend (Go)	UNKNOWN STEP	2026-04-04T15:07:24.0161075Z shell: /usr/bin/bash -e {0}
Backend (Go)	UNKNOWN STEP	2026-04-04T15:07:24.0161320Z ##[endgroup]
Backend (Go)	UNKNOWN STEP	2026-04-04T15:07:25.6145103Z all modules verified
Backend (Go)	UNKNOWN STEP	2026-04-04T15:07:25.6203333Z ##[group]Run securego/gosec@master
Backend (Go)	UNKNOWN STEP	2026-04-04T15:07:25.6203590Z with:
Backend (Go)	UNKNOWN STEP	2026-04-04T15:07:25.6203764Z   args: ./...
Backend (Go)	UNKNOWN STEP	2026-04-04T15:07:25.6203928Z ##[endgroup]
Backend (Go)	UNKNOWN STEP	2026-04-04T15:07:25.6308824Z ##[command]/usr/bin/docker run --name ghcriosecuregogosec2250_14d856 --label 862ea3 --workdir /github/workspace --rm -e "INPUT_ARGS" -e "HOME" -e "GITHUB_JOB" -e "GITHUB_REF" -e "GITHUB_SHA" -e "GITHUB_REPOSITORY" -e "GITHUB_REPOSITORY_OWNER" -e "GITHUB_REPOSITORY_OWNER_ID" -e "GITHUB_RUN_ID" -e "GITHUB_RUN_NUMBER" -e "GITHUB_RETENTION_DAYS" -e "GITHUB_RUN_ATTEMPT" -e "GITHUB_ACTOR_ID" -e "GITHUB_ACTOR" -e "GITHUB_WORKFLOW" -e "GITHUB_HEAD_REF" -e "GITHUB_BASE_REF" -e "GITHUB_EVENT_NAME" -e "GITHUB_SERVER_URL" -e "GITHUB_API_URL" -e "GITHUB_GRAPHQL_URL" -e "GITHUB_REF_NAME" -e "GITHUB_REF_PROTECTED" -e "GITHUB_REF_TYPE" -e "GITHUB_WORKFLOW_REF" -e "GITHUB_WORKFLOW_SHA" -e "GITHUB_REPOSITORY_ID" -e "GITHUB_TRIGGERING_ACTOR" -e "GITHUB_WORKSPACE" -e "GITHUB_ACTION" -e "GITHUB_EVENT_PATH" -e "GITHUB_ACTION_REPOSITORY" -e "GITHUB_ACTION_REF" -e "GITHUB_PATH" -e "GITHUB_ENV" -e "GITHUB_STEP_SUMMARY" -e "GITHUB_STATE" -e "GITHUB_OUTPUT" -e "RUNNER_OS" -e "RUNNER_ARCH" -e "RUNNER_NAME" -e "RUNNER_ENVIRONMENT" -e "RUNNER_TOOL_CACHE" -e "RUNNER_TEMP" -e "RUNNER_WORKSPACE" -e "ACTIONS_RUNTIME_URL" -e "ACTIONS_RUNTIME_TOKEN" -e "ACTIONS_CACHE_URL" -e "ACTIONS_RESULTS_URL" -e "ACTIONS_ORCHESTRATION_ID" -e GITHUB_ACTIONS=true -e CI=true -v "/var/run/docker.sock":"/var/run/docker.sock" -v "/home/runner/work/_temp":"/github/runner_temp" -v "/home/runner/work/_temp/_github_home":"/github/home" -v "/home/runner/work/_temp/_github_workflow":"/github/workflow" -v "/home/runner/work/_temp/_runner_file_commands":"/github/file_commands" -v "/home/runner/work/utba-swarmmap/utba-swarmmap":"/github/workspace" ghcr.io/securego/gosec:2.25.0  "./..."
Backend (Go)	UNKNOWN STEP	2026-04-04T15:07:26.2231159Z [gosec] 2026/04/04 15:07:26 Including rules: default
Backend (Go)	UNKNOWN STEP	2026-04-04T15:07:26.2240533Z [gosec] 2026/04/04 15:07:26 Excluding rules: default
Backend (Go)	UNKNOWN STEP	2026-04-04T15:07:26.2240927Z [gosec] 2026/04/04 15:07:26 Including analyzers: default
Backend (Go)	UNKNOWN STEP	2026-04-04T15:07:26.2241264Z [gosec] 2026/04/04 15:07:26 Excluding analyzers: default
Backend (Go)	UNKNOWN STEP	2026-04-04T15:07:26.2250224Z [gosec] 2026/04/04 15:07:26 Import directory: /github/workspace/backend/models
Backend (Go)	UNKNOWN STEP	2026-04-04T15:07:26.2250809Z [gosec] 2026/04/04 15:07:26 Import directory: /github/workspace/backend
Backend (Go)	UNKNOWN STEP	2026-04-04T15:07:26.2251261Z [gosec] 2026/04/04 15:07:26 Import directory: /github/workspace/backend/store
Backend (Go)	UNKNOWN STEP	2026-04-04T15:07:26.2251714Z [gosec] 2026/04/04 15:07:26 Import directory: /github/workspace/frontend
Backend (Go)	UNKNOWN STEP	2026-04-04T15:07:26.6990162Z [gosec] 2026/04/04 15:07:26 Import directory: /github/workspace/backend/handlers
Backend (Go)	UNKNOWN STEP	2026-04-04T15:07:37.4247082Z [gosec] 2026/04/04 15:07:37 Checking package: main
Backend (Go)	UNKNOWN STEP	2026-04-04T15:07:37.4248946Z [gosec] 2026/04/04 15:07:37 Checking file: /github/workspace/frontend/main.go
Backend (Go)	UNKNOWN STEP	2026-04-04T15:07:37.4332388Z Results:
Backend (Go)	UNKNOWN STEP	2026-04-04T15:07:37.4332580Z 
Backend (Go)	UNKNOWN STEP	2026-04-04T15:07:37.4332587Z 
Backend (Go)	UNKNOWN STEP	2026-04-04T15:07:37.4332711Z Summary:
Backend (Go)	UNKNOWN STEP	2026-04-04T15:07:37.4333023Z   Gosec  : dev
Backend (Go)	UNKNOWN STEP	2026-04-04T15:07:37.4333325Z   Files  : 1
Backend (Go)	UNKNOWN STEP	2026-04-04T15:07:37.4333508Z   Lines  : 38
Backend (Go)	UNKNOWN STEP	2026-04-04T15:07:37.4333684Z   Nosec  : 0
Backend (Go)	UNKNOWN STEP	2026-04-04T15:07:37.4333857Z   Issues : 0
Backend (Go)	UNKNOWN STEP	2026-04-04T15:07:37.4333948Z 
Backend (Go)	UNKNOWN STEP	2026-04-04T15:07:37.5665750Z ##[group]Run go install golang.org/x/vuln/cmd/govulncheck@latest
Backend (Go)	UNKNOWN STEP	2026-04-04T15:07:37.5666224Z [36;1mgo install golang.org/x/vuln/cmd/govulncheck@latest[0m
Backend (Go)	UNKNOWN STEP	2026-04-04T15:07:37.5666538Z [36;1mgovulncheck ./...[0m
Backend (Go)	UNKNOWN STEP	2026-04-04T15:07:37.5693052Z shell: /usr/bin/bash -e {0}
Backend (Go)	UNKNOWN STEP	2026-04-04T15:07:37.5693293Z ##[endgroup]
Backend (Go)	UNKNOWN STEP	2026-04-04T15:07:37.8919909Z go: downloading golang.org/x/vuln v1.1.4
Backend (Go)	UNKNOWN STEP	2026-04-04T15:07:38.0044495Z go: downloading golang.org/x/telemetry v0.0.0-20240522233618-39ace7a40ae7
Backend (Go)	UNKNOWN STEP	2026-04-04T15:07:38.0112461Z go: downloading golang.org/x/mod v0.22.0
Backend (Go)	UNKNOWN STEP	2026-04-04T15:07:38.0113878Z go: downloading golang.org/x/tools v0.29.0
Backend (Go)	UNKNOWN STEP	2026-04-04T15:07:38.1283261Z go: downloading golang.org/x/sync v0.10.0
Backend (Go)	UNKNOWN STEP	2026-04-04T15:07:47.1600618Z === Symbol Results ===
Backend (Go)	UNKNOWN STEP	2026-04-04T15:07:47.1600913Z 
Backend (Go)	UNKNOWN STEP	2026-04-04T15:07:47.1601086Z Vulnerability #1: GO-2026-4603
Backend (Go)	UNKNOWN STEP	2026-04-04T15:07:47.1601826Z     URLs in meta content attribute actions are not escaped in html/template
Backend (Go)	UNKNOWN STEP	2026-04-04T15:07:47.1602646Z   More info: https://pkg.go.dev/vuln/GO-2026-4603
Backend (Go)	UNKNOWN STEP	2026-04-04T15:07:47.1603157Z   Standard library
Backend (Go)	UNKNOWN STEP	2026-04-04T15:07:47.1603575Z     Found in: html/template@go1.22.12
Backend (Go)	UNKNOWN STEP	2026-04-04T15:07:47.1604079Z     Fixed in: html/template@go1.25.8
Backend (Go)	UNKNOWN STEP	2026-04-04T15:07:47.1604535Z     Example traces found:
Backend (Go)	UNKNOWN STEP	2026-04-04T15:07:47.1626778Z ##[error]      #1: main.go:123:30: utba.main calls http.Server.ListenAndServe, which eventually calls template.Template.Execute
Backend (Go)	UNKNOWN STEP	2026-04-04T15:07:47.1628685Z ##[error]      #2: handlers/admin.go:178:36: handlers.Handlers.CollectorAdminHandler calls template.Template.ExecuteTemplate
Backend (Go)	UNKNOWN STEP	2026-04-04T15:07:47.1629769Z 
Backend (Go)	UNKNOWN STEP	2026-04-04T15:07:47.1629921Z Vulnerability #2: GO-2026-4602
Backend (Go)	UNKNOWN STEP	2026-04-04T15:07:47.1630236Z     FileInfo can escape from a Root in os
Backend (Go)	UNKNOWN STEP	2026-04-04T15:07:47.1630570Z   More info: https://pkg.go.dev/vuln/GO-2026-4602
Backend (Go)	UNKNOWN STEP	2026-04-04T15:07:47.1630868Z   Standard library
Backend (Go)	UNKNOWN STEP	2026-04-04T15:07:47.1631085Z     Found in: os@go1.22.12
Backend (Go)	UNKNOWN STEP	2026-04-04T15:07:47.1631321Z     Fixed in: os@go1.25.8
Backend (Go)	UNKNOWN STEP	2026-04-04T15:07:47.1631554Z     Example traces found:
Backend (Go)	UNKNOWN STEP	2026-04-04T15:07:47.1632272Z ##[error]      #1: store/store.go:12:2: store.init calls storage.init, which eventually calls os.ReadDir
Backend (Go)	UNKNOWN STEP	2026-04-04T15:07:47.1633043Z 
Backend (Go)	UNKNOWN STEP	2026-04-04T15:07:47.1633144Z Vulnerability #3: GO-2026-4601
Backend (Go)	UNKNOWN STEP	2026-04-04T15:07:47.1633467Z     Incorrect parsing of IPv6 host literals in net/url
Backend (Go)	UNKNOWN STEP	2026-04-04T15:07:47.1633823Z   More info: https://pkg.go.dev/vuln/GO-2026-4601
Backend (Go)	UNKNOWN STEP	2026-04-04T15:07:47.1634105Z   Standard library
Backend (Go)	UNKNOWN STEP	2026-04-04T15:07:47.1634329Z     Found in: net/url@go1.22.12
Backend (Go)	UNKNOWN STEP	2026-04-04T15:07:47.1634623Z     Fixed in: net/url@go1.25.8
Backend (Go)	UNKNOWN STEP	2026-04-04T15:07:47.1634870Z     Example traces found:
Backend (Go)	UNKNOWN STEP	2026-04-04T15:07:47.1635711Z ##[error]      #1: handlers/swarm.go:273:15: handlers.Handlers.AssignSwarmHandler calls http.Redirect, which calls url.Parse
Backend (Go)	UNKNOWN STEP	2026-04-04T15:07:47.1637184Z ##[error]      #2: main.go:123:30: utba.main calls http.Server.ListenAndServe, which eventually calls url.ParseRequestURI
Backend (Go)	UNKNOWN STEP	2026-04-04T15:07:47.1638744Z ##[error]      #3: handlers/auth.go:80:25: handlers.Handlers.GoogleCallbackHandler calls http.Client.Get, which eventually calls url.URL.Parse
Backend (Go)	UNKNOWN STEP	2026-04-04T15:07:47.1639902Z 
Backend (Go)	UNKNOWN STEP	2026-04-04T15:07:47.1640010Z Vulnerability #4: GO-2026-4341
Backend (Go)	UNKNOWN STEP	2026-04-04T15:07:47.1640362Z     Memory exhaustion in query parameter parsing in net/url
Backend (Go)	UNKNOWN STEP	2026-04-04T15:07:47.1640734Z   More info: https://pkg.go.dev/vuln/GO-2026-4341
Backend (Go)	UNKNOWN STEP	2026-04-04T15:07:47.1641016Z   Standard library
Backend (Go)	UNKNOWN STEP	2026-04-04T15:07:47.1641234Z     Found in: net/url@go1.22.12
Backend (Go)	UNKNOWN STEP	2026-04-04T15:07:47.1641832Z     Fixed in: net/url@go1.24.12
Backend (Go)	UNKNOWN STEP	2026-04-04T15:07:47.1642071Z     Example traces found:
Backend (Go)	UNKNOWN STEP	2026-04-04T15:07:47.1643207Z ##[error]      #1: handlers/swarm.go:113:32: handlers.Handlers.ConfirmSwarmHandler calls http.Request.ParseMultipartForm, which eventually calls url.ParseQuery
Backend (Go)	UNKNOWN STEP	2026-04-04T15:07:47.1644658Z ##[error]      #2: handlers/auth.go:62:21: handlers.Handlers.GoogleCallbackHandler calls url.URL.Query
Backend (Go)	UNKNOWN STEP	2026-04-04T15:07:47.1645396Z 
Backend (Go)	UNKNOWN STEP	2026-04-04T15:07:47.1645491Z Vulnerability #5: GO-2026-4340
Backend (Go)	UNKNOWN STEP	2026-04-04T15:07:47.1646112Z     Handshake messages may be processed at the incorrect encryption level in
Backend (Go)	UNKNOWN STEP	2026-04-04T15:07:47.1646491Z     crypto/tls
Backend (Go)	UNKNOWN STEP	2026-04-04T15:07:47.1646746Z   More info: https://pkg.go.dev/vuln/GO-2026-4340
Backend (Go)	UNKNOWN STEP	2026-04-04T15:07:47.1647029Z   Standard library
Backend (Go)	UNKNOWN STEP	2026-04-04T15:07:47.1647260Z     Found in: crypto/tls@go1.22.12
Backend (Go)	UNKNOWN STEP	2026-04-04T15:07:47.1647760Z     Fixed in: crypto/tls@go1.24.12
Backend (Go)	UNKNOWN STEP	2026-04-04T15:07:47.1648175Z     Example traces found:
Backend (Go)	UNKNOWN STEP	2026-04-04T15:07:47.1649834Z ##[error]      #1: handlers/auth.go:80:25: handlers.Handlers.GoogleCallbackHandler calls http.Client.Get, which eventually calls tls.Conn.Handshake
Backend (Go)	UNKNOWN STEP	2026-04-04T15:07:47.1651519Z ##[error]      #2: main.go:123:30: utba.main calls http.Server.ListenAndServe, which eventually calls tls.Conn.HandshakeContext
Backend (Go)	UNKNOWN STEP	2026-04-04T15:07:47.1652951Z ##[error]      #3: store/store.go:331:22: store.Store.UploadToGCS calls io.Copy, which eventually calls tls.Conn.Read
Backend (Go)	UNKNOWN STEP	2026-04-04T15:07:47.1654301Z ##[error]      #4: store/store.go:331:22: store.Store.UploadToGCS calls io.Copy, which eventually calls tls.Conn.Write
Backend (Go)	UNKNOWN STEP	2026-04-04T15:07:47.1655945Z ##[error]      #5: handlers/auth.go:80:25: handlers.Handlers.GoogleCallbackHandler calls http.Client.Get, which eventually calls tls.Dialer.DialContext
Backend (Go)	UNKNOWN STEP	2026-04-04T15:07:47.1656854Z 
Backend (Go)	UNKNOWN STEP	2026-04-04T15:07:47.1656952Z Vulnerability #6: GO-2026-4337
Backend (Go)	UNKNOWN STEP	2026-04-04T15:07:47.1657264Z     Unexpected session resumption in crypto/tls
Backend (Go)	UNKNOWN STEP	2026-04-04T15:07:47.1657620Z   More info: https://pkg.go.dev/vuln/GO-2026-4337
Backend (Go)	UNKNOWN STEP	2026-04-04T15:07:47.1658019Z   Standard library
Backend (Go)	UNKNOWN STEP	2026-04-04T15:07:47.1658311Z     Found in: crypto/tls@go1.22.12
Backend (Go)	UNKNOWN STEP	2026-04-04T15:07:47.1658745Z     Fixed in: crypto/tls@go1.24.13
Backend (Go)	UNKNOWN STEP	2026-04-04T15:07:47.1659120Z     Example traces found:
Backend (Go)	UNKNOWN STEP	2026-04-04T15:07:47.1660458Z ##[error]      #1: handlers/auth.go:80:25: handlers.Handlers.GoogleCallbackHandler calls http.Client.Get, which eventually calls tls.Conn.Handshake
Backend (Go)	UNKNOWN STEP	2026-04-04T15:07:47.1662430Z ##[error]      #2: main.go:123:30: utba.main calls http.Server.ListenAndServe, which eventually calls tls.Conn.HandshakeContext
Backend (Go)	UNKNOWN STEP	2026-04-04T15:07:47.1664094Z ##[error]      #3: store/store.go:331:22: store.Store.UploadToGCS calls io.Copy, which eventually calls tls.Conn.Read
Backend (Go)	UNKNOWN STEP	2026-04-04T15:07:47.1677314Z ##[error]      #4: store/store.go:331:22: store.Store.UploadToGCS calls io.Copy, which eventually calls tls.Conn.Write
Backend (Go)	UNKNOWN STEP	2026-04-04T15:07:47.1679053Z ##[error]      #5: handlers/auth.go:80:25: handlers.Handlers.GoogleCallbackHandler calls http.Client.Get, which eventually calls tls.Dialer.DialContext
Backend (Go)	UNKNOWN STEP	2026-04-04T15:07:47.1680409Z 
Backend (Go)	UNKNOWN STEP	2026-04-04T15:07:47.1680517Z Vulnerability #7: GO-2025-4175
Backend (Go)	UNKNOWN STEP	2026-04-04T15:07:47.1680926Z     Improper application of excluded DNS name constraints when verifying
Backend (Go)	UNKNOWN STEP	2026-04-04T15:07:47.1681320Z     wildcard names in crypto/x509
Backend (Go)	UNKNOWN STEP	2026-04-04T15:07:47.1681709Z   More info: https://pkg.go.dev/vuln/GO-2025-4175
Backend (Go)	UNKNOWN STEP	2026-04-04T15:07:47.1681994Z   Standard library
Backend (Go)	UNKNOWN STEP	2026-04-04T15:07:47.1682231Z     Found in: crypto/x509@go1.22.12
Backend (Go)	UNKNOWN STEP	2026-04-04T15:07:47.1682501Z     Fixed in: crypto/x509@go1.24.11
Backend (Go)	UNKNOWN STEP	2026-04-04T15:07:47.1682754Z     Example traces found:
Backend (Go)	UNKNOWN STEP	2026-04-04T15:07:47.1683561Z ##[error]      #1: store/store.go:331:22: store.Store.UploadToGCS calls io.Copy, which eventually calls x509.Certificate.Verify
Backend (Go)	UNKNOWN STEP	2026-04-04T15:07:47.1684377Z 
Backend (Go)	UNKNOWN STEP	2026-04-04T15:07:47.1684474Z Vulnerability #8: GO-2025-4155
Backend (Go)	UNKNOWN STEP	2026-04-04T15:07:47.1684876Z     Excessive resource consumption when printing error string for host
Backend (Go)	UNKNOWN STEP	2026-04-04T15:07:47.1685271Z     certificate validation in crypto/x509
Backend (Go)	UNKNOWN STEP	2026-04-04T15:07:47.1685794Z   More info: https://pkg.go.dev/vuln/GO-2025-4155
Backend (Go)	UNKNOWN STEP	2026-04-04T15:07:47.1686088Z   Standard library
Backend (Go)	UNKNOWN STEP	2026-04-04T15:07:47.1686327Z     Found in: crypto/x509@go1.22.12
Backend (Go)	UNKNOWN STEP	2026-04-04T15:07:47.1686610Z     Fixed in: crypto/x509@go1.24.11
Backend (Go)	UNKNOWN STEP	2026-04-04T15:07:47.1686871Z     Example traces found:
Backend (Go)	UNKNOWN STEP	2026-04-04T15:07:47.1687656Z ##[error]      #1: store/store.go:331:22: store.Store.UploadToGCS calls io.Copy, which eventually calls x509.Certificate.Verify
Backend (Go)	UNKNOWN STEP	2026-04-04T15:07:47.1689305Z ##[error]      #2: main.go:123:30: utba.main calls http.Server.ListenAndServe, which eventually calls x509.Certificate.VerifyHostname
Backend (Go)	UNKNOWN STEP	2026-04-04T15:07:47.1690458Z 
Backend (Go)	UNKNOWN STEP	2026-04-04T15:07:47.1690562Z Vulnerability #9: GO-2025-4013
Backend (Go)	UNKNOWN STEP	2026-04-04T15:07:47.1690983Z     Panic when validating certificates with DSA public keys in crypto/x509
Backend (Go)	UNKNOWN STEP	2026-04-04T15:07:47.1691420Z   More info: https://pkg.go.dev/vuln/GO-2025-4013
Backend (Go)	UNKNOWN STEP	2026-04-04T15:07:47.1691708Z   Standard library
Backend (Go)	UNKNOWN STEP	2026-04-04T15:07:47.1691933Z     Found in: crypto/x509@go1.22.12
Backend (Go)	UNKNOWN STEP	2026-04-04T15:07:47.1692214Z     Fixed in: crypto/x509@go1.24.8
Backend (Go)	UNKNOWN STEP	2026-04-04T15:07:47.1692461Z     Example traces found:
Backend (Go)	UNKNOWN STEP	2026-04-04T15:07:47.1693254Z ##[error]      #1: store/store.go:331:22: store.Store.UploadToGCS calls io.Copy, which eventually calls x509.Certificate.Verify
Backend (Go)	UNKNOWN STEP	2026-04-04T15:07:47.1694056Z 
Backend (Go)	UNKNOWN STEP	2026-04-04T15:07:47.1694153Z Vulnerability #10: GO-2025-4012
Backend (Go)	UNKNOWN STEP	2026-04-04T15:07:47.1694570Z     Lack of limit when parsing cookies can cause memory exhaustion in net/http
Backend (Go)	UNKNOWN STEP	2026-04-04T15:07:47.1694996Z   More info: https://pkg.go.dev/vuln/GO-2025-4012
Backend (Go)	UNKNOWN STEP	2026-04-04T15:07:47.1695268Z   Standard library
Backend (Go)	UNKNOWN STEP	2026-04-04T15:07:47.1695496Z     Found in: net/http@go1.22.12
Backend (Go)	UNKNOWN STEP	2026-04-04T15:07:47.1695748Z     Fixed in: net/http@go1.24.8
Backend (Go)	UNKNOWN STEP	2026-04-04T15:07:47.1695993Z     Example traces found:
Backend (Go)	UNKNOWN STEP	2026-04-04T15:07:47.1696962Z ##[error]      #1: handlers/auth.go:72:44: handlers.Handlers.GoogleCallbackHandler calls oauth2.Config.Exchange, which eventually calls http.Client.Do
Backend (Go)	UNKNOWN STEP	2026-04-04T15:07:47.1698337Z ##[error]      #2: handlers/auth.go:80:25: handlers.Handlers.GoogleCallbackHandler calls http.Client.Get
Backend (Go)	UNKNOWN STEP	2026-04-04T15:07:47.1699896Z ##[error]      #3: main.go:48:45: utba.main calls firestore.NewClient, which eventually calls http.Client.PostForm
Backend (Go)	UNKNOWN STEP	2026-04-04T15:07:47.1701222Z ##[error]      #4: handlers/auth.go:22:25: handlers.Handlers.LogoutHandler calls http.Request.Cookie
Backend (Go)	UNKNOWN STEP	2026-04-04T15:07:47.1701938Z 
Backend (Go)	UNKNOWN STEP	2026-04-04T15:07:47.1702041Z Vulnerability #11: GO-2025-4011
Backend (Go)	UNKNOWN STEP	2026-04-04T15:07:47.1702419Z     Parsing DER payload can cause memory exhaustion in encoding/asn1
Backend (Go)	UNKNOWN STEP	2026-04-04T15:07:47.1702817Z   More info: https://pkg.go.dev/vuln/GO-2025-4011
Backend (Go)	UNKNOWN STEP	2026-04-04T15:07:47.1703102Z   Standard library
Backend (Go)	UNKNOWN STEP	2026-04-04T15:07:47.1703339Z     Found in: encoding/asn1@go1.22.12
Backend (Go)	UNKNOWN STEP	2026-04-04T15:07:47.1703615Z     Fixed in: encoding/asn1@go1.24.8
Backend (Go)	UNKNOWN STEP	2026-04-04T15:07:47.1703872Z     Example traces found:
Backend (Go)	UNKNOWN STEP	2026-04-04T15:07:47.1704489Z ##[error]      #1: store/store.go:12:2: store.init calls storage.init, which eventually calls asn1.Unmarshal
Backend (Go)	UNKNOWN STEP	2026-04-04T15:07:47.1705286Z 
Backend (Go)	UNKNOWN STEP	2026-04-04T15:07:47.1705388Z Vulnerability #12: GO-2025-4010
Backend (Go)	UNKNOWN STEP	2026-04-04T15:07:47.1705761Z     Insufficient validation of bracketed IPv6 hostnames in net/url
Backend (Go)	UNKNOWN STEP	2026-04-04T15:07:47.1706160Z   More info: https://pkg.go.dev/vuln/GO-2025-4010
Backend (Go)	UNKNOWN STEP	2026-04-04T15:07:47.1706436Z   Standard library
Backend (Go)	UNKNOWN STEP	2026-04-04T15:07:47.1706659Z     Found in: net/url@go1.22.12
Backend (Go)	UNKNOWN STEP	2026-04-04T15:07:47.1706908Z     Fixed in: net/url@go1.24.8
Backend (Go)	UNKNOWN STEP	2026-04-04T15:07:47.1707149Z     Example traces found:
Backend (Go)	UNKNOWN STEP	2026-04-04T15:07:47.1707927Z ##[error]      #1: handlers/swarm.go:273:15: handlers.Handlers.AssignSwarmHandler calls http.Redirect, which calls url.Parse
Backend (Go)	UNKNOWN STEP	2026-04-04T15:07:47.1709731Z ##[error]      #2: main.go:123:30: utba.main calls http.Server.ListenAndServe, which eventually calls url.ParseRequestURI
Backend (Go)	UNKNOWN STEP	2026-04-04T15:07:47.1711416Z ##[error]      #3: handlers/auth.go:80:25: handlers.Handlers.GoogleCallbackHandler calls http.Client.Get, which eventually calls url.URL.Parse
Backend (Go)	UNKNOWN STEP	2026-04-04T15:07:47.1712708Z 
Backend (Go)	UNKNOWN STEP	2026-04-04T15:07:47.1712874Z Vulnerability #13: GO-2025-4009
Backend (Go)	UNKNOWN STEP	2026-04-04T15:07:47.1713749Z     Quadratic complexity when parsing some invalid inputs in encoding/pem
Backend (Go)	UNKNOWN STEP	2026-04-04T15:07:47.1714278Z   More info: https://pkg.go.dev/vuln/GO-2025-4009
Backend (Go)	UNKNOWN STEP	2026-04-04T15:07:47.1714559Z   Standard library
Backend (Go)	UNKNOWN STEP	2026-04-04T15:07:47.1714798Z     Found in: encoding/pem@go1.22.12
Backend (Go)	UNKNOWN STEP	2026-04-04T15:07:47.1715076Z     Fixed in: encoding/pem@go1.24.8
Backend (Go)	UNKNOWN STEP	2026-04-04T15:07:47.1715331Z     Example traces found:
Backend (Go)	UNKNOWN STEP	2026-04-04T15:07:47.1715987Z ##[error]      #1: store/store.go:12:2: store.init calls storage.init, which eventually calls pem.Decode
Backend (Go)	UNKNOWN STEP	2026-04-04T15:07:47.1716735Z 
Backend (Go)	UNKNOWN STEP	2026-04-04T15:07:47.1716956Z Vulnerability #14: GO-2025-4008
Backend (Go)	UNKNOWN STEP	2026-04-04T15:07:47.1717358Z     ALPN negotiation error contains attacker controlled information in
Backend (Go)	UNKNOWN STEP	2026-04-04T15:07:47.1717707Z     crypto/tls
Backend (Go)	UNKNOWN STEP	2026-04-04T15:07:47.1717959Z   More info: https://pkg.go.dev/vuln/GO-2025-4008
Backend (Go)	UNKNOWN STEP	2026-04-04T15:07:47.1718234Z   Standard library
Backend (Go)	UNKNOWN STEP	2026-04-04T15:07:47.1718462Z     Found in: crypto/tls@go1.22.12
Backend (Go)	UNKNOWN STEP	2026-04-04T15:07:47.1718726Z     Fixed in: crypto/tls@go1.24.8
Backend (Go)	UNKNOWN STEP	2026-04-04T15:07:47.1718989Z     Example traces found:
Backend (Go)	UNKNOWN STEP	2026-04-04T15:07:47.1720208Z ##[error]      #1: handlers/auth.go:80:25: handlers.Handlers.GoogleCallbackHandler calls http.Client.Get, which eventually calls tls.Conn.Handshake
Backend (Go)	UNKNOWN STEP	2026-04-04T15:07:47.1721817Z ##[error]      #2: main.go:123:30: utba.main calls http.Server.ListenAndServe, which eventually calls tls.Conn.HandshakeContext
Backend (Go)	UNKNOWN STEP	2026-04-04T15:07:47.1723172Z ##[error]      #3: store/store.go:331:22: store.Store.UploadToGCS calls io.Copy, which eventually calls tls.Conn.Read
Backend (Go)	UNKNOWN STEP	2026-04-04T15:07:47.1724479Z ##[error]      #4: store/store.go:331:22: store.Store.UploadToGCS calls io.Copy, which eventually calls tls.Conn.Write
Backend (Go)	UNKNOWN STEP	2026-04-04T15:07:47.1726074Z ##[error]      #5: handlers/auth.go:80:25: handlers.Handlers.GoogleCallbackHandler calls http.Client.Get, which eventually calls tls.Dialer.DialContext
Backend (Go)	UNKNOWN STEP	2026-04-04T15:07:47.1726959Z 
Backend (Go)	UNKNOWN STEP	2026-04-04T15:07:47.1727055Z Vulnerability #15: GO-2025-4007
Backend (Go)	UNKNOWN STEP	2026-04-04T15:07:47.1727444Z     Quadratic complexity when checking name constraints in crypto/x509
Backend (Go)	UNKNOWN STEP	2026-04-04T15:07:47.1727851Z   More info: https://pkg.go.dev/vuln/GO-2025-4007
Backend (Go)	UNKNOWN STEP	2026-04-04T15:07:47.1728133Z   Standard library
Backend (Go)	UNKNOWN STEP	2026-04-04T15:07:47.1728363Z     Found in: crypto/x509@go1.22.12
Backend (Go)	UNKNOWN STEP	2026-04-04T15:07:47.1728628Z     Fixed in: crypto/x509@go1.24.9
Backend (Go)	UNKNOWN STEP	2026-04-04T15:07:47.1728882Z     Example traces found:
Backend (Go)	UNKNOWN STEP	2026-04-04T15:07:47.1729969Z ##[error]      #1: store/store.go:12:2: store.init calls storage.init, which eventually calls x509.CertPool.AppendCertsFromPEM
Backend (Go)	UNKNOWN STEP	2026-04-04T15:07:47.1731599Z ##[error]      #2: store/store.go:331:22: store.Store.UploadToGCS calls io.Copy, which eventually calls x509.Certificate.Verify
Backend (Go)	UNKNOWN STEP	2026-04-04T15:07:47.1732916Z ##[error]      #3: store/store.go:12:2: store.init calls storage.init, which eventually calls x509.ParseCertificate
Backend (Go)	UNKNOWN STEP	2026-04-04T15:07:47.1734329Z ##[error]      #4: main.go:123:30: utba.main calls http.Server.ListenAndServe, which eventually calls x509.ParseECPrivateKey
Backend (Go)	UNKNOWN STEP	2026-04-04T15:07:47.1735722Z ##[error]      #5: main.go:48:45: utba.main calls firestore.NewClient, which eventually calls x509.ParsePKCS1PrivateKey
Backend (Go)	UNKNOWN STEP	2026-04-04T15:07:47.1737118Z ##[error]      #6: main.go:48:45: utba.main calls firestore.NewClient, which eventually calls x509.ParsePKCS8PrivateKey
Backend (Go)	UNKNOWN STEP	2026-04-04T15:07:47.1738461Z ##[error]      #7: store/store.go:12:2: store.init calls storage.init, which eventually calls x509.ParsePKIXPublicKey
Backend (Go)	UNKNOWN STEP	2026-04-04T15:07:47.1739204Z 
Backend (Go)	UNKNOWN STEP	2026-04-04T15:07:47.1739306Z Vulnerability #16: GO-2025-3956
Backend (Go)	UNKNOWN STEP	2026-04-04T15:07:47.1739883Z     Unexpected paths returned from LookPath in os/exec
Backend (Go)	UNKNOWN STEP	2026-04-04T15:07:47.1740257Z   More info: https://pkg.go.dev/vuln/GO-2025-3956
Backend (Go)	UNKNOWN STEP	2026-04-04T15:07:47.1740536Z   Standard library
Backend (Go)	UNKNOWN STEP	2026-04-04T15:07:47.1740764Z     Found in: os/exec@go1.22.12
Backend (Go)	UNKNOWN STEP	2026-04-04T15:07:47.1741010Z     Fixed in: os/exec@go1.23.12
Backend (Go)	UNKNOWN STEP	2026-04-04T15:07:47.1741251Z     Example traces found:
Backend (Go)	UNKNOWN STEP	2026-04-04T15:07:47.1741902Z ##[error]      #1: store/store.go:12:2: store.init calls storage.init, which eventually calls exec.LookPath
Backend (Go)	UNKNOWN STEP	2026-04-04T15:07:47.1742815Z 
Backend (Go)	UNKNOWN STEP	2026-04-04T15:07:47.1742913Z Vulnerability #17: GO-2025-3751
Backend (Go)	UNKNOWN STEP	2026-04-04T15:07:47.1743297Z     Sensitive headers not cleared on cross-origin redirect in net/http
Backend (Go)	UNKNOWN STEP	2026-04-04T15:07:47.1743703Z   More info: https://pkg.go.dev/vuln/GO-2025-3751
Backend (Go)	UNKNOWN STEP	2026-04-04T15:07:47.1743979Z   Standard library
Backend (Go)	UNKNOWN STEP	2026-04-04T15:07:47.1744205Z     Found in: net/http@go1.22.12
Backend (Go)	UNKNOWN STEP	2026-04-04T15:07:47.1744464Z     Fixed in: net/http@go1.23.10
Backend (Go)	UNKNOWN STEP	2026-04-04T15:07:47.1744706Z     Example traces found:
Backend (Go)	UNKNOWN STEP	2026-04-04T15:07:47.1745792Z ##[error]      #1: handlers/auth.go:72:44: handlers.Handlers.GoogleCallbackHandler calls oauth2.Config.Exchange, which eventually calls http.Client.Do
Backend (Go)	UNKNOWN STEP	2026-04-04T15:07:47.1747198Z ##[error]      #2: handlers/auth.go:80:25: handlers.Handlers.GoogleCallbackHandler calls http.Client.Get
Backend (Go)	UNKNOWN STEP	2026-04-04T15:07:47.1748473Z ##[error]      #3: main.go:48:45: utba.main calls firestore.NewClient, which eventually calls http.Client.PostForm
Backend (Go)	UNKNOWN STEP	2026-04-04T15:07:47.1749202Z 
Backend (Go)	UNKNOWN STEP	2026-04-04T15:07:47.1749302Z Vulnerability #18: GO-2025-3750
Backend (Go)	UNKNOWN STEP	2026-04-04T15:07:47.1749977Z     Inconsistent handling of O_CREATE|O_EXCL on Unix and Windows in os in
Backend (Go)	UNKNOWN STEP	2026-04-04T15:07:47.1750332Z     syscall
Backend (Go)	UNKNOWN STEP	2026-04-04T15:07:47.1750571Z   More info: https://pkg.go.dev/vuln/GO-2025-3750
Backend (Go)	UNKNOWN STEP	2026-04-04T15:07:47.1750852Z   Standard library
Backend (Go)	UNKNOWN STEP	2026-04-04T15:07:47.1751071Z     Found in: syscall@go1.22.12
Backend (Go)	UNKNOWN STEP	2026-04-04T15:07:47.1751324Z     Fixed in: syscall@go1.23.10
Backend (Go)	UNKNOWN STEP	2026-04-04T15:07:47.1751561Z     Platforms: windows
Backend (Go)	UNKNOWN STEP	2026-04-04T15:07:47.1751782Z     Example traces found:
Backend (Go)	UNKNOWN STEP	2026-04-04T15:07:47.1752840Z ##[error]      #1: handlers/swarm.go:113:32: handlers.Handlers.ConfirmSwarmHandler calls http.Request.ParseMultipartForm, which eventually calls os.CreateTemp
Backend (Go)	UNKNOWN STEP	2026-04-04T15:07:47.1754413Z ##[error]      #2: main.go:65:67: utba.main calls template.Template.ParseGlob, which eventually calls os.File.Readdirnames
Backend (Go)	UNKNOWN STEP	2026-04-04T15:07:47.1755626Z ##[error]      #3: store/store.go:12:2: store.init calls storage.init, which eventually calls os.Getwd
Backend (Go)	UNKNOWN STEP	2026-04-04T15:07:47.1756838Z ##[error]      #4: main.go:65:67: utba.main calls template.Template.ParseGlob, which eventually calls os.Lstat
Backend (Go)	UNKNOWN STEP	2026-04-04T15:07:47.1757882Z ##[error]      #5: main.go:8:2: utba.init calls os.init, which calls os.NewFile
Backend (Go)	UNKNOWN STEP	2026-04-04T15:07:47.1759013Z ##[error]      #6: main.go:65:67: utba.main calls template.Template.ParseGlob, which eventually calls os.Open
Backend (Go)	UNKNOWN STEP	2026-04-04T15:07:47.1760508Z ##[error]      #7: store/store.go:12:2: store.init calls storage.init, which eventually calls os.OpenFile
Backend (Go)	UNKNOWN STEP	2026-04-04T15:07:47.1761701Z ##[error]      #8: store/store.go:12:2: store.init calls storage.init, which eventually calls os.Pipe
Backend (Go)	UNKNOWN STEP	2026-04-04T15:07:47.1762879Z ##[error]      #9: store/store.go:12:2: store.init calls storage.init, which eventually calls os.ReadDir
Backend (Go)	UNKNOWN STEP	2026-04-04T15:07:47.1764072Z ##[error]      #10: main.go:54:41: utba.main calls storage.NewClient, which eventually calls os.ReadFile
Backend (Go)	UNKNOWN STEP	2026-04-04T15:07:47.1765643Z ##[error]      #11: handlers/swarm.go:113:32: handlers.Handlers.ConfirmSwarmHandler calls http.Request.ParseMultipartForm, which eventually calls os.Remove
Backend (Go)	UNKNOWN STEP	2026-04-04T15:07:47.1767069Z ##[error]      #12: store/store.go:12:2: store.init calls storage.init, which eventually calls os.StartProcess
Backend (Go)	UNKNOWN STEP	2026-04-04T15:07:47.1768330Z ##[error]      #13: main.go:65:67: utba.main calls template.Template.ParseGlob, which eventually calls os.Stat
Backend (Go)	UNKNOWN STEP	2026-04-04T15:07:47.1770203Z ##[error]      #14: handlers/swarm.go:113:32: handlers.Handlers.ConfirmSwarmHandler calls http.Request.ParseMultipartForm, which eventually calls syscall.Open
Backend (Go)	UNKNOWN STEP	2026-04-04T15:07:47.1771157Z 
Backend (Go)	UNKNOWN STEP	2026-04-04T15:07:47.1771261Z Vulnerability #19: GO-2025-3563
Backend (Go)	UNKNOWN STEP	2026-04-04T15:07:47.1771676Z     Request smuggling due to acceptance of invalid chunked data in net/http
Backend (Go)	UNKNOWN STEP	2026-04-04T15:07:47.1772109Z   More info: https://pkg.go.dev/vuln/GO-2025-3563
Backend (Go)	UNKNOWN STEP	2026-04-04T15:07:47.1772388Z   Standard library
Backend (Go)	UNKNOWN STEP	2026-04-04T15:07:47.1772642Z     Found in: net/http/internal@go1.22.12
Backend (Go)	UNKNOWN STEP	2026-04-04T15:07:47.1772939Z     Fixed in: net/http/internal@go1.23.8
Backend (Go)	UNKNOWN STEP	2026-04-04T15:07:47.1773215Z     Example traces found:
Backend (Go)	UNKNOWN STEP	2026-04-04T15:07:47.1774246Z ##[error]      #1: store/store.go:331:22: store.Store.UploadToGCS calls io.Copy, which eventually calls internal.chunkedReader.Read
Backend (Go)	UNKNOWN STEP	2026-04-04T15:07:47.1775073Z 
Backend (Go)	UNKNOWN STEP	2026-04-04T15:07:47.1775168Z Vulnerability #20: GO-2024-2687
Backend (Go)	UNKNOWN STEP	2026-04-04T15:07:47.1775445Z     HTTP/2 CONTINUATION flood in net/http
Backend (Go)	UNKNOWN STEP	2026-04-04T15:07:47.1775764Z   More info: https://pkg.go.dev/vuln/GO-2024-2687
Backend (Go)	UNKNOWN STEP	2026-04-04T15:07:47.1776072Z   Module: golang.org/x/net
Backend (Go)	UNKNOWN STEP	2026-04-04T15:07:47.1776333Z     Found in: golang.org/x/net@v0.19.0
Backend (Go)	UNKNOWN STEP	2026-04-04T15:07:47.1776623Z     Fixed in: golang.org/x/net@v0.23.0
Backend (Go)	UNKNOWN STEP	2026-04-04T15:07:47.1777005Z     Example traces found:
Backend (Go)	UNKNOWN STEP	2026-04-04T15:07:47.1777816Z ##[error]      #1: main.go:54:41: utba.main calls storage.NewClient, which eventually calls http2.ConfigureTransports
Backend (Go)	UNKNOWN STEP	2026-04-04T15:07:47.1779847Z ##[error]      #2: handlers/auth.go:80:25: handlers.Handlers.GoogleCallbackHandler calls http.Client.Get, which eventually calls http2.ConnectionError.Error
Backend (Go)	UNKNOWN STEP	2026-04-04T15:07:47.1781494Z ##[error]      #3: store/store.go:312:31: store.Store.UploadToGCS calls fmt.Sprintf, which eventually calls http2.ErrCode.String
Backend (Go)	UNKNOWN STEP	2026-04-04T15:07:47.1782949Z ##[error]      #4: store/store.go:312:31: store.Store.UploadToGCS calls fmt.Sprintf, which eventually calls http2.FrameHeader.String
Backend (Go)	UNKNOWN STEP	2026-04-04T15:07:47.1784429Z ##[error]      #5: store/store.go:312:31: store.Store.UploadToGCS calls fmt.Sprintf, which eventually calls http2.FrameType.String
Backend (Go)	UNKNOWN STEP	2026-04-04T15:07:47.1785787Z ##[error]      #6: main.go:48:45: utba.main calls firestore.NewClient, which eventually calls http2.Framer.ReadFrame
Backend (Go)	UNKNOWN STEP	2026-04-04T15:07:47.1787174Z ##[error]      #7: main.go:48:45: utba.main calls firestore.NewClient, which eventually calls http2.Framer.WriteContinuation
Backend (Go)	UNKNOWN STEP	2026-04-04T15:07:47.1788531Z ##[error]      #8: main.go:48:45: utba.main calls firestore.NewClient, which eventually calls http2.Framer.WriteData
Backend (Go)	UNKNOWN STEP	2026-04-04T15:07:47.1790178Z ##[error]      #9: main.go:48:45: utba.main calls firestore.NewClient, which eventually calls http2.Framer.WriteHeaders
Backend (Go)	UNKNOWN STEP	2026-04-04T15:07:47.1791585Z ##[error]      #10: main.go:48:45: utba.main calls firestore.NewClient, which eventually calls http2.Framer.WritePing
Backend (Go)	UNKNOWN STEP	2026-04-04T15:07:47.1792964Z ##[error]      #11: main.go:48:45: utba.main calls firestore.NewClient, which eventually calls http2.Framer.WriteRSTStream
Backend (Go)	UNKNOWN STEP	2026-04-04T15:07:47.1794352Z ##[error]      #12: main.go:48:45: utba.main calls firestore.NewClient, which eventually calls http2.Framer.WriteSettings
Backend (Go)	UNKNOWN STEP	2026-04-04T15:07:47.1795718Z ##[error]      #13: main.go:48:45: utba.main calls firestore.NewClient, which eventually calls http2.Framer.WriteSettingsAck
Backend (Go)	UNKNOWN STEP	2026-04-04T15:07:47.1797132Z ##[error]      #14: main.go:48:45: utba.main calls firestore.NewClient, which eventually calls http2.Framer.WriteWindowUpdate
Backend (Go)	UNKNOWN STEP	2026-04-04T15:07:47.1798764Z ##[error]      #15: handlers/auth.go:80:25: handlers.Handlers.GoogleCallbackHandler calls http.Client.Get, which eventually calls http2.GoAwayError.Error
Backend (Go)	UNKNOWN STEP	2026-04-04T15:07:47.1800754Z ##[error]      #16: store/store.go:312:31: store.Store.UploadToGCS calls fmt.Sprintf, which eventually calls http2.Setting.String
Backend (Go)	UNKNOWN STEP	2026-04-04T15:07:47.1802347Z ##[error]      #17: store/store.go:312:31: store.Store.UploadToGCS calls fmt.Sprintf, which eventually calls http2.SettingID.String
Backend (Go)	UNKNOWN STEP	2026-04-04T15:07:47.1803843Z ##[error]      #18: main.go:48:45: utba.main calls firestore.NewClient, which eventually calls http2.SettingsFrame.ForeachSetting
Backend (Go)	UNKNOWN STEP	2026-04-04T15:07:47.1805487Z ##[error]      #19: handlers/auth.go:80:25: handlers.Handlers.GoogleCallbackHandler calls http.Client.Get, which eventually calls http2.StreamError.Error
Backend (Go)	UNKNOWN STEP	2026-04-04T15:07:47.1807272Z ##[error]      #20: handlers/auth.go:80:25: handlers.Handlers.GoogleCallbackHandler calls http.Client.Get, which eventually calls http2.Transport.NewClientConn
Backend (Go)	UNKNOWN STEP	2026-04-04T15:07:47.1809050Z ##[error]      #21: handlers/auth.go:80:25: handlers.Handlers.GoogleCallbackHandler calls http.Client.Get, which eventually calls http2.Transport.RoundTrip
Backend (Go)	UNKNOWN STEP	2026-04-04T15:07:47.1811397Z ##[error]      #22: handlers/auth.go:86:2: handlers.Handlers.GoogleCallbackHandler calls http.http2transportResponseBody.Close, which eventually calls http2.chunkWriter.Write
Backend (Go)	UNKNOWN STEP	2026-04-04T15:07:47.1813419Z ##[error]      #23: handlers/auth.go:80:25: handlers.Handlers.GoogleCallbackHandler calls http.Client.Get, which eventually calls http2.connError.Error
Backend (Go)	UNKNOWN STEP	2026-04-04T15:07:47.1815112Z ##[error]      #24: store/store.go:312:31: store.Store.UploadToGCS calls fmt.Sprintf, which eventually calls http2.duplicatePseudoHeaderError.Error
Backend (Go)	UNKNOWN STEP	2026-04-04T15:07:47.1816665Z ##[error]      #25: handlers/auth.go:86:2: handlers.Handlers.GoogleCallbackHandler calls http2.gzipReader.Close
Backend (Go)	UNKNOWN STEP	2026-04-04T15:07:47.1818163Z ##[error]      #26: store/store.go:331:22: store.Store.UploadToGCS calls io.Copy, which eventually calls http2.gzipReader.Read
Backend (Go)	UNKNOWN STEP	2026-04-04T15:07:47.1820000Z ##[error]      #27: store/store.go:312:31: store.Store.UploadToGCS calls fmt.Sprintf, which eventually calls http2.headerFieldNameError.Error
Backend (Go)	UNKNOWN STEP	2026-04-04T15:07:47.1821647Z ##[error]      #28: store/store.go:312:31: store.Store.UploadToGCS calls fmt.Sprintf, which eventually calls http2.headerFieldValueError.Error
Backend (Go)	UNKNOWN STEP	2026-04-04T15:07:47.1823461Z ##[error]      #29: handlers/auth.go:80:25: handlers.Handlers.GoogleCallbackHandler calls http.Client.Get, which eventually calls http2.noDialH2RoundTripper.RoundTrip
Backend (Go)	UNKNOWN STEP	2026-04-04T15:07:47.1825152Z ##[error]      #30: store/store.go:312:31: store.Store.UploadToGCS calls fmt.Sprintf, which eventually calls http2.pseudoHeaderError.Error
Backend (Go)	UNKNOWN STEP	2026-04-04T15:07:47.1827100Z ##[error]      #31: handlers/auth.go:86:2: handlers.Handlers.GoogleCallbackHandler calls http.http2transportResponseBody.Close, which eventually calls http2.stickyErrWriter.Write
Backend (Go)	UNKNOWN STEP	2026-04-04T15:07:47.1828770Z ##[error]      #32: handlers/auth.go:86:2: handlers.Handlers.GoogleCallbackHandler calls http2.transportResponseBody.Close
Backend (Go)	UNKNOWN STEP	2026-04-04T15:07:47.1830481Z ##[error]      #33: store/store.go:331:22: store.Store.UploadToGCS calls io.Copy, which eventually calls http2.transportResponseBody.Read
Backend (Go)	UNKNOWN STEP	2026-04-04T15:07:47.1831991Z ##[error]      #34: store/store.go:312:31: store.Store.UploadToGCS calls fmt.Sprintf, which eventually calls http2.writeData.String
Backend (Go)	UNKNOWN STEP	2026-04-04T15:07:47.1832792Z 
Backend (Go)	UNKNOWN STEP	2026-04-04T15:07:47.1832891Z Vulnerability #21: GO-2024-2611
Backend (Go)	UNKNOWN STEP	2026-04-04T15:07:47.1833292Z     Infinite loop in JSON unmarshaling in google.golang.org/protobuf
Backend (Go)	UNKNOWN STEP	2026-04-04T15:07:47.1833693Z   More info: https://pkg.go.dev/vuln/GO-2024-2611
Backend (Go)	UNKNOWN STEP	2026-04-04T15:07:47.1834011Z   Module: google.golang.org/protobuf
Backend (Go)	UNKNOWN STEP	2026-04-04T15:07:47.1834339Z     Found in: google.golang.org/protobuf@v1.31.0
Backend (Go)	UNKNOWN STEP	2026-04-04T15:07:47.1834711Z     Fixed in: google.golang.org/protobuf@v1.33.0
Backend (Go)	UNKNOWN STEP	2026-04-04T15:07:47.1835008Z     Example traces found:
Backend (Go)	UNKNOWN STEP	2026-04-04T15:07:47.1835914Z ##[error]      #1: store/store.go:68:41: store.Store.TrackVisit calls firestore.Client.RunTransaction, which eventually calls json.Decoder.Peek
Backend (Go)	UNKNOWN STEP	2026-04-04T15:07:47.1837522Z ##[error]      #2: store/store.go:68:41: store.Store.TrackVisit calls firestore.Client.RunTransaction, which eventually calls json.Decoder.Read
Backend (Go)	UNKNOWN STEP	2026-04-04T15:07:47.1839139Z ##[error]      #3: store/store.go:68:41: store.Store.TrackVisit calls firestore.Client.RunTransaction, which eventually calls protojson.Unmarshal
Backend (Go)	UNKNOWN STEP	2026-04-04T15:07:47.1840138Z 
Backend (Go)	UNKNOWN STEP	2026-04-04T15:07:47.1840386Z Your code is affected by 21 vulnerabilities from 2 modules and the Go standard library.
Backend (Go)	UNKNOWN STEP	2026-04-04T15:07:47.1840878Z This scan also found 4 vulnerabilities in packages you import and 14
Backend (Go)	UNKNOWN STEP	2026-04-04T15:07:47.1841345Z vulnerabilities in modules you require, but your code doesn't appear to call
Backend (Go)	UNKNOWN STEP	2026-04-04T15:07:47.1841714Z these vulnerabilities.
Backend (Go)	UNKNOWN STEP	2026-04-04T15:07:47.1841956Z Use '-show verbose' for more details.
Backend (Go)	UNKNOWN STEP	2026-04-04T15:07:47.1843813Z ##[error]Process completed with exit code 3.
Backend (Go)	UNKNOWN STEP	2026-04-04T15:07:47.1892865Z Post job cleanup.
Backend (Go)	UNKNOWN STEP	2026-04-04T15:07:47.3763874Z [command]/usr/bin/tar --posix -cf cache.tzst --exclude cache.tzst -P -C /home/runner/work/utba-swarmmap/utba-swarmmap --files-from manifest.txt --use-compress-program zstdmt
Backend (Go)	UNKNOWN STEP	2026-04-04T15:07:49.6903697Z ##[warning]Failed to save: <h2>Our services aren't available right now</h2><p>We're working to restore all services as soon as possible. Please check back soon.</p>0RSnRaQAAAAAoRtNm+LWpQoNLBuX/s55GUEhMMzBFREdFMDEwNgBFZGdl
Backend (Go)	UNKNOWN STEP	2026-04-04T15:07:49.7084356Z Saved cache for golangci-lint from paths '/home/runner/.cache/golangci-lint, /home/runner/.cache/go-build, /home/runner/go/pkg' in 2367ms
Backend (Go)	UNKNOWN STEP	2026-04-04T15:07:49.7212602Z Post job cleanup.
Backend (Go)	UNKNOWN STEP	2026-04-04T15:07:49.8142774Z [command]/usr/bin/git version
Backend (Go)	UNKNOWN STEP	2026-04-04T15:07:49.8181380Z git version 2.53.0
Backend (Go)	UNKNOWN STEP	2026-04-04T15:07:49.8235612Z Temporarily overriding HOME='/home/runner/work/_temp/cdfdcff5-2ae5-49d5-be17-1a3c170722c5' before making global git config changes
Backend (Go)	UNKNOWN STEP	2026-04-04T15:07:49.8237192Z Adding repository directory to the temporary git global config as a safe directory
Backend (Go)	UNKNOWN STEP	2026-04-04T15:07:49.8244073Z [command]/usr/bin/git config --global --add safe.directory /home/runner/work/utba-swarmmap/utba-swarmmap
Backend (Go)	UNKNOWN STEP	2026-04-04T15:07:49.8281597Z [command]/usr/bin/git config --local --name-only --get-regexp core\.sshCommand
Backend (Go)	UNKNOWN STEP	2026-04-04T15:07:49.8316451Z [command]/usr/bin/git submodule foreach --recursive sh -c "git config --local --name-only --get-regexp 'core\.sshCommand' && git config --local --unset-all 'core.sshCommand' || :"
Backend (Go)	UNKNOWN STEP	2026-04-04T15:07:49.8555161Z [command]/usr/bin/git config --local --name-only --get-regexp http\.https\:\/\/github\.com\/\.extraheader
Backend (Go)	UNKNOWN STEP	2026-04-04T15:07:49.8576574Z http.https://github.com/.extraheader
Backend (Go)	UNKNOWN STEP	2026-04-04T15:07:49.8589854Z [command]/usr/bin/git config --local --unset-all http.https://github.com/.extraheader
Backend (Go)	UNKNOWN STEP	2026-04-04T15:07:49.8620351Z [command]/usr/bin/git submodule foreach --recursive sh -c "git config --local --name-only --get-regexp 'http\.https\:\/\/github\.com\/\.extraheader' && git config --local --unset-all 'http.https://github.com/.extraheader' || :"
Backend (Go)	UNKNOWN STEP	2026-04-04T15:07:49.8838073Z [command]/usr/bin/git config --local --name-only --get-regexp ^includeIf\.gitdir:
Backend (Go)	UNKNOWN STEP	2026-04-04T15:07:49.8868480Z [command]/usr/bin/git submodule foreach --recursive git config --local --show-origin --name-only --get-regexp remote.origin.url
Backend (Go)	UNKNOWN STEP	2026-04-04T15:07:49.9187772Z Cleaning up orphan processes
Backend (Go)	UNKNOWN STEP	2026-04-04T15:07:49.9521315Z ##[warning]Node.js 20 actions are deprecated. The following actions are running on Node.js 20 and may not work as expected: actions/checkout@v4, actions/setup-go@v5, golangci/golangci-lint-action@v4. Actions will be forced to run with Node.js 24 by default starting June 2nd, 2026. Node.js 20 will be removed from the runner on September 16th, 2026. Please check if updated versions of these actions are available that support Node.js 24. To opt into Node.js 24 now, set the FORCE_JAVASCRIPT_ACTIONS_TO_NODE24=true environment variable on the runner or in your workflow file. Once Node.js 24 becomes the default, you can temporarily opt out by setting ACTIONS_ALLOW_USE_UNSECURE_NODE_VERSION=true. For more information see: https://github.blog/changelog/2025-09-19-deprecation-of-node-20-on-github-actions-runners/
