Backend (Go)	UNKNOWN STEP	﻿2026-04-04T13:50:22.0638351Z Current runner version: '2.333.1'
Backend (Go)	UNKNOWN STEP	2026-04-04T13:50:22.0664566Z ##[group]Runner Image Provisioner
Backend (Go)	UNKNOWN STEP	2026-04-04T13:50:22.0665508Z Hosted Compute Agent
Backend (Go)	UNKNOWN STEP	2026-04-04T13:50:22.0666031Z Version: 20260213.493
Backend (Go)	UNKNOWN STEP	2026-04-04T13:50:22.0666614Z Commit: 5c115507f6dd24b8de37d8bbe0bb4509d0cc0fa3
Backend (Go)	UNKNOWN STEP	2026-04-04T13:50:22.0667411Z Build Date: 2026-02-13T00:28:41Z
Backend (Go)	UNKNOWN STEP	2026-04-04T13:50:22.0668036Z Worker ID: {e3e2e759-8ac8-4724-8dcd-412324de5006}
Backend (Go)	UNKNOWN STEP	2026-04-04T13:50:22.0668760Z Azure Region: northcentralus
Backend (Go)	UNKNOWN STEP	2026-04-04T13:50:22.0669475Z ##[endgroup]
Backend (Go)	UNKNOWN STEP	2026-04-04T13:50:22.0670947Z ##[group]Operating System
Backend (Go)	UNKNOWN STEP	2026-04-04T13:50:22.0671505Z Ubuntu
Backend (Go)	UNKNOWN STEP	2026-04-04T13:50:22.0672191Z 24.04.4
Backend (Go)	UNKNOWN STEP	2026-04-04T13:50:22.0672653Z LTS
Backend (Go)	UNKNOWN STEP	2026-04-04T13:50:22.0673111Z ##[endgroup]
Backend (Go)	UNKNOWN STEP	2026-04-04T13:50:22.0673654Z ##[group]Runner Image
Backend (Go)	UNKNOWN STEP	2026-04-04T13:50:22.0674576Z Image: ubuntu-24.04
Backend (Go)	UNKNOWN STEP	2026-04-04T13:50:22.0675109Z Version: 20260329.72.1
Backend (Go)	UNKNOWN STEP	2026-04-04T13:50:22.0676345Z Included Software: https://github.com/actions/runner-images/blob/ubuntu24/20260329.72/images/ubuntu/Ubuntu2404-Readme.md
Backend (Go)	UNKNOWN STEP	2026-04-04T13:50:22.0677743Z Image Release: https://github.com/actions/runner-images/releases/tag/ubuntu24%2F20260329.72
Backend (Go)	UNKNOWN STEP	2026-04-04T13:50:22.0678675Z ##[endgroup]
Backend (Go)	UNKNOWN STEP	2026-04-04T13:50:22.0679713Z ##[group]GITHUB_TOKEN Permissions
Backend (Go)	UNKNOWN STEP	2026-04-04T13:50:22.0682028Z Contents: read
Backend (Go)	UNKNOWN STEP	2026-04-04T13:50:22.0682602Z Metadata: read
Backend (Go)	UNKNOWN STEP	2026-04-04T13:50:22.0683090Z Packages: read
Backend (Go)	UNKNOWN STEP	2026-04-04T13:50:22.0683570Z ##[endgroup]
Backend (Go)	UNKNOWN STEP	2026-04-04T13:50:22.0686177Z Secret source: None
Backend (Go)	UNKNOWN STEP	2026-04-04T13:50:22.0686897Z Prepare workflow directory
Backend (Go)	UNKNOWN STEP	2026-04-04T13:50:22.1108870Z Prepare all required actions
Backend (Go)	UNKNOWN STEP	2026-04-04T13:50:22.1147789Z Getting action download info
Backend (Go)	UNKNOWN STEP	2026-04-04T13:50:22.5461924Z Download action repository 'actions/checkout@v4' (SHA:34e114876b0b11c390a56381ad16ebd13914f8d5)
Backend (Go)	UNKNOWN STEP	2026-04-04T13:50:22.6606554Z Download action repository 'actions/setup-go@v5' (SHA:40f1582b2485089dde7abd97c1529aa768e1baff)
Backend (Go)	UNKNOWN STEP	2026-04-04T13:50:23.1508219Z Download action repository 'golangci/golangci-lint-action@v4' (SHA:d6238b002a20823d52840fda27e2d4891c5952dc)
Backend (Go)	UNKNOWN STEP	2026-04-04T13:50:23.6103617Z Download action repository 'securego/gosec@master' (SHA:1af5d582f8fa08ac6621ccc1168b4d3d9d2b2eec)
Backend (Go)	UNKNOWN STEP	2026-04-04T13:50:24.1136419Z Complete job name: Backend (Go)
Backend (Go)	UNKNOWN STEP	2026-04-04T13:50:24.1702698Z ##[group]Pull down action image 'ghcr.io/securego/gosec:2.25.0'
Backend (Go)	UNKNOWN STEP	2026-04-04T13:50:24.1798165Z ##[command]/usr/bin/docker pull ghcr.io/securego/gosec:2.25.0
Backend (Go)	UNKNOWN STEP	2026-04-04T13:50:24.5990758Z 2.25.0: Pulling from securego/gosec
Backend (Go)	UNKNOWN STEP	2026-04-04T13:50:24.6855967Z 589002ba0eae: Already exists
Backend (Go)	UNKNOWN STEP	2026-04-04T13:50:24.6886787Z 644a983862e3: Pulling fs layer
Backend (Go)	UNKNOWN STEP	2026-04-04T13:50:24.6889224Z 6fbff1d4eb7e: Pulling fs layer
Backend (Go)	UNKNOWN STEP	2026-04-04T13:50:24.6889761Z 13ee208a3600: Pulling fs layer
Backend (Go)	UNKNOWN STEP	2026-04-04T13:50:24.6890174Z 4f4fb700ef54: Pulling fs layer
Backend (Go)	UNKNOWN STEP	2026-04-04T13:50:24.6890501Z 8e4ca6825065: Pulling fs layer
Backend (Go)	UNKNOWN STEP	2026-04-04T13:50:24.6890991Z 2de8f3bc93bb: Pulling fs layer
Backend (Go)	UNKNOWN STEP	2026-04-04T13:50:24.6891417Z 19c9efa60884: Pulling fs layer
Backend (Go)	UNKNOWN STEP	2026-04-04T13:50:24.6891720Z 8e4ca6825065: Waiting
Backend (Go)	UNKNOWN STEP	2026-04-04T13:50:24.6892006Z 2de8f3bc93bb: Waiting
Backend (Go)	UNKNOWN STEP	2026-04-04T13:50:24.6892315Z 19c9efa60884: Waiting
Backend (Go)	UNKNOWN STEP	2026-04-04T13:50:24.6892781Z 4f4fb700ef54: Waiting
Backend (Go)	UNKNOWN STEP	2026-04-04T13:50:24.7735319Z 13ee208a3600: Verifying Checksum
Backend (Go)	UNKNOWN STEP	2026-04-04T13:50:24.7736990Z 13ee208a3600: Download complete
Backend (Go)	UNKNOWN STEP	2026-04-04T13:50:24.7816702Z 644a983862e3: Verifying Checksum
Backend (Go)	UNKNOWN STEP	2026-04-04T13:50:24.7820568Z 644a983862e3: Download complete
Backend (Go)	UNKNOWN STEP	2026-04-04T13:50:24.8567881Z 4f4fb700ef54: Verifying Checksum
Backend (Go)	UNKNOWN STEP	2026-04-04T13:50:24.8568534Z 4f4fb700ef54: Download complete
Backend (Go)	UNKNOWN STEP	2026-04-04T13:50:25.0467662Z 6fbff1d4eb7e: Verifying Checksum
Backend (Go)	UNKNOWN STEP	2026-04-04T13:50:25.0477394Z 6fbff1d4eb7e: Download complete
Backend (Go)	UNKNOWN STEP	2026-04-04T13:50:25.0807126Z 2de8f3bc93bb: Verifying Checksum
Backend (Go)	UNKNOWN STEP	2026-04-04T13:50:25.0809005Z 2de8f3bc93bb: Download complete
Backend (Go)	UNKNOWN STEP	2026-04-04T13:50:25.1684696Z 19c9efa60884: Verifying Checksum
Backend (Go)	UNKNOWN STEP	2026-04-04T13:50:25.1686430Z 19c9efa60884: Download complete
Backend (Go)	UNKNOWN STEP	2026-04-04T13:50:25.4730803Z 8e4ca6825065: Verifying Checksum
Backend (Go)	UNKNOWN STEP	2026-04-04T13:50:25.4731300Z 8e4ca6825065: Download complete
Backend (Go)	UNKNOWN STEP	2026-04-04T13:50:28.1396673Z 644a983862e3: Pull complete
Backend (Go)	UNKNOWN STEP	2026-04-04T13:50:33.0135749Z 6fbff1d4eb7e: Pull complete
Backend (Go)	UNKNOWN STEP	2026-04-04T13:50:33.0237679Z 13ee208a3600: Pull complete
Backend (Go)	UNKNOWN STEP	2026-04-04T13:50:33.0364393Z 4f4fb700ef54: Pull complete
Backend (Go)	UNKNOWN STEP	2026-04-04T13:50:34.6329727Z 8e4ca6825065: Pull complete
Backend (Go)	UNKNOWN STEP	2026-04-04T13:50:34.8446467Z 2de8f3bc93bb: Pull complete
Backend (Go)	UNKNOWN STEP	2026-04-04T13:50:34.8549803Z 19c9efa60884: Pull complete
Backend (Go)	UNKNOWN STEP	2026-04-04T13:50:34.8593019Z Digest: sha256:a735b6eedb06d3bc95d196b4320d1f3829caa0ee009e4b4749917cdd070ab026
Backend (Go)	UNKNOWN STEP	2026-04-04T13:50:34.8606274Z Status: Downloaded newer image for ghcr.io/securego/gosec:2.25.0
Backend (Go)	UNKNOWN STEP	2026-04-04T13:50:34.8613922Z ghcr.io/securego/gosec:2.25.0
Backend (Go)	UNKNOWN STEP	2026-04-04T13:50:34.8643458Z ##[endgroup]
Backend (Go)	UNKNOWN STEP	2026-04-04T13:50:34.8927606Z ##[group]Run actions/checkout@v4
Backend (Go)	UNKNOWN STEP	2026-04-04T13:50:34.8928169Z with:
Backend (Go)	UNKNOWN STEP	2026-04-04T13:50:34.8928371Z   repository: fkcurrie/utba-swarmmap
Backend (Go)	UNKNOWN STEP	2026-04-04T13:50:34.8928800Z   token: ***
Backend (Go)	UNKNOWN STEP	2026-04-04T13:50:34.8929003Z   ssh-strict: true
Backend (Go)	UNKNOWN STEP	2026-04-04T13:50:34.8929182Z   ssh-user: git
Backend (Go)	UNKNOWN STEP	2026-04-04T13:50:34.8929365Z   persist-credentials: true
Backend (Go)	UNKNOWN STEP	2026-04-04T13:50:34.8929583Z   clean: true
Backend (Go)	UNKNOWN STEP	2026-04-04T13:50:34.8929792Z   sparse-checkout-cone-mode: true
Backend (Go)	UNKNOWN STEP	2026-04-04T13:50:34.8930021Z   fetch-depth: 1
Backend (Go)	UNKNOWN STEP	2026-04-04T13:50:34.8930188Z   fetch-tags: false
Backend (Go)	UNKNOWN STEP	2026-04-04T13:50:34.8930374Z   show-progress: true
Backend (Go)	UNKNOWN STEP	2026-04-04T13:50:34.8930557Z   lfs: false
Backend (Go)	UNKNOWN STEP	2026-04-04T13:50:34.8930715Z   submodules: false
Backend (Go)	UNKNOWN STEP	2026-04-04T13:50:34.8930910Z   set-safe-directory: true
Backend (Go)	UNKNOWN STEP	2026-04-04T13:50:34.8931320Z ##[endgroup]
Backend (Go)	UNKNOWN STEP	2026-04-04T13:50:35.0046338Z Syncing repository: fkcurrie/utba-swarmmap
Backend (Go)	UNKNOWN STEP	2026-04-04T13:50:35.0047849Z ##[group]Getting Git version info
Backend (Go)	UNKNOWN STEP	2026-04-04T13:50:35.0048359Z Working directory is '/home/runner/work/utba-swarmmap/utba-swarmmap'
Backend (Go)	UNKNOWN STEP	2026-04-04T13:50:35.0048968Z [command]/usr/bin/git version
Backend (Go)	UNKNOWN STEP	2026-04-04T13:50:35.0103687Z git version 2.53.0
Backend (Go)	UNKNOWN STEP	2026-04-04T13:50:35.0130898Z ##[endgroup]
Backend (Go)	UNKNOWN STEP	2026-04-04T13:50:35.0145482Z Temporarily overriding HOME='/home/runner/work/_temp/19cf0345-a2db-41f6-b52d-144877bceb4a' before making global git config changes
Backend (Go)	UNKNOWN STEP	2026-04-04T13:50:35.0146321Z Adding repository directory to the temporary git global config as a safe directory
Backend (Go)	UNKNOWN STEP	2026-04-04T13:50:35.0151275Z [command]/usr/bin/git config --global --add safe.directory /home/runner/work/utba-swarmmap/utba-swarmmap
Backend (Go)	UNKNOWN STEP	2026-04-04T13:50:35.0188315Z Deleting the contents of '/home/runner/work/utba-swarmmap/utba-swarmmap'
Backend (Go)	UNKNOWN STEP	2026-04-04T13:50:35.0192751Z ##[group]Initializing the repository
Backend (Go)	UNKNOWN STEP	2026-04-04T13:50:35.0198754Z [command]/usr/bin/git init /home/runner/work/utba-swarmmap/utba-swarmmap
Backend (Go)	UNKNOWN STEP	2026-04-04T13:50:35.0305253Z hint: Using 'master' as the name for the initial branch. This default branch name
Backend (Go)	UNKNOWN STEP	2026-04-04T13:50:35.0306365Z hint: will change to "main" in Git 3.0. To configure the initial branch name
Backend (Go)	UNKNOWN STEP	2026-04-04T13:50:35.0307309Z hint: to use in all of your new repositories, which will suppress this warning,
Backend (Go)	UNKNOWN STEP	2026-04-04T13:50:35.0307973Z hint: call:
Backend (Go)	UNKNOWN STEP	2026-04-04T13:50:35.0308266Z hint:
Backend (Go)	UNKNOWN STEP	2026-04-04T13:50:35.0308764Z hint: 	git config --global init.defaultBranch <name>
Backend (Go)	UNKNOWN STEP	2026-04-04T13:50:35.0309295Z hint:
Backend (Go)	UNKNOWN STEP	2026-04-04T13:50:35.0309793Z hint: Names commonly chosen instead of 'master' are 'main', 'trunk' and
Backend (Go)	UNKNOWN STEP	2026-04-04T13:50:35.0310719Z hint: 'development'. The just-created branch can be renamed via this command:
Backend (Go)	UNKNOWN STEP	2026-04-04T13:50:35.0311370Z hint:
Backend (Go)	UNKNOWN STEP	2026-04-04T13:50:35.0311717Z hint: 	git branch -m <name>
Backend (Go)	UNKNOWN STEP	2026-04-04T13:50:35.0312090Z hint:
Backend (Go)	UNKNOWN STEP	2026-04-04T13:50:35.0312629Z hint: Disable this message with "git config set advice.defaultBranchName false"
Backend (Go)	UNKNOWN STEP	2026-04-04T13:50:35.0313606Z Initialized empty Git repository in /home/runner/work/utba-swarmmap/utba-swarmmap/.git/
Backend (Go)	UNKNOWN STEP	2026-04-04T13:50:35.0320534Z [command]/usr/bin/git remote add origin https://github.com/fkcurrie/utba-swarmmap
Backend (Go)	UNKNOWN STEP	2026-04-04T13:50:35.0352418Z ##[endgroup]
Backend (Go)	UNKNOWN STEP	2026-04-04T13:50:35.0443372Z ##[group]Disabling automatic garbage collection
Backend (Go)	UNKNOWN STEP	2026-04-04T13:50:35.0445097Z [command]/usr/bin/git config --local gc.auto 0
Backend (Go)	UNKNOWN STEP	2026-04-04T13:50:35.0446705Z ##[endgroup]
Backend (Go)	UNKNOWN STEP	2026-04-04T13:50:35.0447290Z ##[group]Setting up auth
Backend (Go)	UNKNOWN STEP	2026-04-04T13:50:35.0447840Z [command]/usr/bin/git config --local --name-only --get-regexp core\.sshCommand
Backend (Go)	UNKNOWN STEP	2026-04-04T13:50:35.0449792Z [command]/usr/bin/git submodule foreach --recursive sh -c "git config --local --name-only --get-regexp 'core\.sshCommand' && git config --local --unset-all 'core.sshCommand' || :"
Backend (Go)	UNKNOWN STEP	2026-04-04T13:50:35.0770575Z [command]/usr/bin/git config --local --name-only --get-regexp http\.https\:\/\/github\.com\/\.extraheader
Backend (Go)	UNKNOWN STEP	2026-04-04T13:50:35.0800804Z [command]/usr/bin/git submodule foreach --recursive sh -c "git config --local --name-only --get-regexp 'http\.https\:\/\/github\.com\/\.extraheader' && git config --local --unset-all 'http.https://github.com/.extraheader' || :"
Backend (Go)	UNKNOWN STEP	2026-04-04T13:50:35.1023373Z [command]/usr/bin/git config --local --name-only --get-regexp ^includeIf\.gitdir:
Backend (Go)	UNKNOWN STEP	2026-04-04T13:50:35.1085342Z [command]/usr/bin/git submodule foreach --recursive git config --local --show-origin --name-only --get-regexp remote.origin.url
Backend (Go)	UNKNOWN STEP	2026-04-04T13:50:35.1369694Z [command]/usr/bin/git config --local http.https://github.com/.extraheader AUTHORIZATION: basic ***
Backend (Go)	UNKNOWN STEP	2026-04-04T13:50:35.1403825Z ##[endgroup]
Backend (Go)	UNKNOWN STEP	2026-04-04T13:50:35.1404760Z ##[group]Fetching the repository
Backend (Go)	UNKNOWN STEP	2026-04-04T13:50:35.1412987Z [command]/usr/bin/git -c protocol.version=2 fetch --no-tags --prune --no-recurse-submodules --depth=1 origin +a5becd9adb425a2b0508da22861894d2b48d58b8:refs/remotes/pull/11/merge
Backend (Go)	UNKNOWN STEP	2026-04-04T13:50:35.5817630Z From https://github.com/fkcurrie/utba-swarmmap
Backend (Go)	UNKNOWN STEP	2026-04-04T13:50:35.5819630Z  * [new ref]         a5becd9adb425a2b0508da22861894d2b48d58b8 -> pull/11/merge
Backend (Go)	UNKNOWN STEP	2026-04-04T13:50:35.5849142Z ##[endgroup]
Backend (Go)	UNKNOWN STEP	2026-04-04T13:50:35.5849695Z ##[group]Determining the checkout info
Backend (Go)	UNKNOWN STEP	2026-04-04T13:50:35.5851959Z ##[endgroup]
Backend (Go)	UNKNOWN STEP	2026-04-04T13:50:35.5857761Z [command]/usr/bin/git sparse-checkout disable
Backend (Go)	UNKNOWN STEP	2026-04-04T13:50:35.5895880Z [command]/usr/bin/git config --local --unset-all extensions.worktreeConfig
Backend (Go)	UNKNOWN STEP	2026-04-04T13:50:35.5921288Z ##[group]Checking out the ref
Backend (Go)	UNKNOWN STEP	2026-04-04T13:50:35.5925858Z [command]/usr/bin/git checkout --progress --force refs/remotes/pull/11/merge
Backend (Go)	UNKNOWN STEP	2026-04-04T13:50:35.6154852Z Note: switching to 'refs/remotes/pull/11/merge'.
Backend (Go)	UNKNOWN STEP	2026-04-04T13:50:35.6155313Z 
Backend (Go)	UNKNOWN STEP	2026-04-04T13:50:35.6155632Z You are in 'detached HEAD' state. You can look around, make experimental
Backend (Go)	UNKNOWN STEP	2026-04-04T13:50:35.6156384Z changes and commit them, and you can discard any commits you make in this
Backend (Go)	UNKNOWN STEP	2026-04-04T13:50:35.6157144Z state without impacting any branches by switching back to a branch.
Backend (Go)	UNKNOWN STEP	2026-04-04T13:50:35.6157603Z 
Backend (Go)	UNKNOWN STEP	2026-04-04T13:50:35.6157905Z If you want to create a new branch to retain commits you create, you may
Backend (Go)	UNKNOWN STEP	2026-04-04T13:50:35.6158589Z do so (now or later) by using -c with the switch command. Example:
Backend (Go)	UNKNOWN STEP	2026-04-04T13:50:35.6158937Z 
Backend (Go)	UNKNOWN STEP	2026-04-04T13:50:35.6159049Z   git switch -c <new-branch-name>
Backend (Go)	UNKNOWN STEP	2026-04-04T13:50:35.6159221Z 
Backend (Go)	UNKNOWN STEP	2026-04-04T13:50:35.6159319Z Or undo this operation with:
Backend (Go)	UNKNOWN STEP	2026-04-04T13:50:35.6159474Z 
Backend (Go)	UNKNOWN STEP	2026-04-04T13:50:35.6159547Z   git switch -
Backend (Go)	UNKNOWN STEP	2026-04-04T13:50:35.6159699Z 
Backend (Go)	UNKNOWN STEP	2026-04-04T13:50:35.6159902Z Turn off this advice by setting config variable advice.detachedHead to false
Backend (Go)	UNKNOWN STEP	2026-04-04T13:50:35.6160186Z 
Backend (Go)	UNKNOWN STEP	2026-04-04T13:50:35.6160515Z HEAD is now at a5becd9 Merge 9af194afee8ec275e9417b5e70d61b496c95c242 into ce8c646a1e1a3155ecfdd83f5a8af5e375dad3a3
Backend (Go)	UNKNOWN STEP	2026-04-04T13:50:35.6163666Z ##[endgroup]
Backend (Go)	UNKNOWN STEP	2026-04-04T13:50:35.6201157Z [command]/usr/bin/git log -1 --format=%H
Backend (Go)	UNKNOWN STEP	2026-04-04T13:50:35.6223881Z a5becd9adb425a2b0508da22861894d2b48d58b8
Backend (Go)	UNKNOWN STEP	2026-04-04T13:50:35.6424748Z ##[group]Run actions/setup-go@v5
Backend (Go)	UNKNOWN STEP	2026-04-04T13:50:35.6425030Z with:
Backend (Go)	UNKNOWN STEP	2026-04-04T13:50:35.6425191Z   go-version: 1.22
Backend (Go)	UNKNOWN STEP	2026-04-04T13:50:35.6425407Z   cache-dependency-path: backend/go.mod
Backend (Go)	UNKNOWN STEP	2026-04-04T13:50:35.6425661Z   check-latest: false
Backend (Go)	UNKNOWN STEP	2026-04-04T13:50:35.6425972Z   token: ***
Backend (Go)	UNKNOWN STEP	2026-04-04T13:50:35.6426135Z   cache: true
Backend (Go)	UNKNOWN STEP	2026-04-04T13:50:35.6426299Z ##[endgroup]
Backend (Go)	UNKNOWN STEP	2026-04-04T13:50:35.8177123Z Setup go version spec 1.22
Backend (Go)	UNKNOWN STEP	2026-04-04T13:50:35.8275332Z Found in cache @ /opt/hostedtoolcache/go/1.22.12/x64
Backend (Go)	UNKNOWN STEP	2026-04-04T13:50:35.8279546Z Added go to the path
Backend (Go)	UNKNOWN STEP	2026-04-04T13:50:35.8284532Z Successfully set up Go version 1.22
Backend (Go)	UNKNOWN STEP	2026-04-04T13:50:36.0790298Z [command]/opt/hostedtoolcache/go/1.22.12/x64/bin/go env GOMODCACHE
Backend (Go)	UNKNOWN STEP	2026-04-04T13:50:36.0822703Z [command]/opt/hostedtoolcache/go/1.22.12/x64/bin/go env GOCACHE
Backend (Go)	UNKNOWN STEP	2026-04-04T13:50:36.0847205Z /home/runner/go/pkg/mod
Backend (Go)	UNKNOWN STEP	2026-04-04T13:50:36.0877245Z /home/runner/.cache/go-build
Backend (Go)	UNKNOWN STEP	2026-04-04T13:50:36.2290477Z Cache is not found
Backend (Go)	UNKNOWN STEP	2026-04-04T13:50:36.2311472Z go version go1.22.12 linux/amd64
Backend (Go)	UNKNOWN STEP	2026-04-04T13:50:36.2311685Z 
Backend (Go)	UNKNOWN STEP	2026-04-04T13:50:36.2312116Z ##[group]go env
Backend (Go)	UNKNOWN STEP	2026-04-04T13:50:36.3552816Z GO111MODULE=''
Backend (Go)	UNKNOWN STEP	2026-04-04T13:50:36.3553236Z GOARCH='amd64'
Backend (Go)	UNKNOWN STEP	2026-04-04T13:50:36.3553581Z GOBIN=''
Backend (Go)	UNKNOWN STEP	2026-04-04T13:50:36.3553893Z GOCACHE='/home/runner/.cache/go-build'
Backend (Go)	UNKNOWN STEP	2026-04-04T13:50:36.3554643Z GOENV='/home/runner/.config/go/env'
Backend (Go)	UNKNOWN STEP	2026-04-04T13:50:36.3555010Z GOEXE=''
Backend (Go)	UNKNOWN STEP	2026-04-04T13:50:36.3555293Z GOEXPERIMENT=''
Backend (Go)	UNKNOWN STEP	2026-04-04T13:50:36.3555602Z GOFLAGS=''
Backend (Go)	UNKNOWN STEP	2026-04-04T13:50:36.3555879Z GOHOSTARCH='amd64'
Backend (Go)	UNKNOWN STEP	2026-04-04T13:50:36.3556196Z GOHOSTOS='linux'
Backend (Go)	UNKNOWN STEP	2026-04-04T13:50:36.3556508Z GOINSECURE=''
Backend (Go)	UNKNOWN STEP	2026-04-04T13:50:36.3556854Z GOMODCACHE='/home/runner/go/pkg/mod'
Backend (Go)	UNKNOWN STEP	2026-04-04T13:50:36.3557287Z GONOPROXY=''
Backend (Go)	UNKNOWN STEP	2026-04-04T13:50:36.3557632Z GONOSUMDB=''
Backend (Go)	UNKNOWN STEP	2026-04-04T13:50:36.3557929Z GOOS='linux'
Backend (Go)	UNKNOWN STEP	2026-04-04T13:50:36.3558234Z GOPATH='/home/runner/go'
Backend (Go)	UNKNOWN STEP	2026-04-04T13:50:36.3558585Z GOPRIVATE=''
Backend (Go)	UNKNOWN STEP	2026-04-04T13:50:36.3558976Z GOPROXY='https://proxy.golang.org,direct'
Backend (Go)	UNKNOWN STEP	2026-04-04T13:50:36.3559515Z GOROOT='/opt/hostedtoolcache/go/1.22.12/x64'
Backend (Go)	UNKNOWN STEP	2026-04-04T13:50:36.3559997Z GOSUMDB='sum.golang.org'
Backend (Go)	UNKNOWN STEP	2026-04-04T13:50:36.3560367Z GOTMPDIR=''
Backend (Go)	UNKNOWN STEP	2026-04-04T13:50:36.3560692Z GOTOOLCHAIN='auto'
Backend (Go)	UNKNOWN STEP	2026-04-04T13:50:36.3561217Z GOTOOLDIR='/opt/hostedtoolcache/go/1.22.12/x64/pkg/tool/linux_amd64'
Backend (Go)	UNKNOWN STEP	2026-04-04T13:50:36.3561791Z GOVCS=''
Backend (Go)	UNKNOWN STEP	2026-04-04T13:50:36.3562064Z GOVERSION='go1.22.12'
Backend (Go)	UNKNOWN STEP	2026-04-04T13:50:36.3562361Z GCCGO='gccgo'
Backend (Go)	UNKNOWN STEP	2026-04-04T13:50:36.3562617Z GOAMD64='v1'
Backend (Go)	UNKNOWN STEP	2026-04-04T13:50:36.3562872Z AR='ar'
Backend (Go)	UNKNOWN STEP	2026-04-04T13:50:36.3563106Z CC='gcc'
Backend (Go)	UNKNOWN STEP	2026-04-04T13:50:36.3563349Z CXX='g++'
Backend (Go)	UNKNOWN STEP	2026-04-04T13:50:36.3563594Z CGO_ENABLED='1'
Backend (Go)	UNKNOWN STEP	2026-04-04T13:50:36.3563867Z GOMOD='/dev/null'
Backend (Go)	UNKNOWN STEP	2026-04-04T13:50:36.3564408Z GOWORK=''
Backend (Go)	UNKNOWN STEP	2026-04-04T13:50:36.3564696Z CGO_CFLAGS='-O2 -g'
Backend (Go)	UNKNOWN STEP	2026-04-04T13:50:36.3565077Z CGO_CPPFLAGS=''
Backend (Go)	UNKNOWN STEP	2026-04-04T13:50:36.3565426Z CGO_CXXFLAGS='-O2 -g'
Backend (Go)	UNKNOWN STEP	2026-04-04T13:50:36.3565754Z CGO_FFLAGS='-O2 -g'
Backend (Go)	UNKNOWN STEP	2026-04-04T13:50:36.3566062Z CGO_LDFLAGS='-O2 -g'
Backend (Go)	UNKNOWN STEP	2026-04-04T13:50:36.3566395Z PKG_CONFIG='pkg-config'
Backend (Go)	UNKNOWN STEP	2026-04-04T13:50:36.3567496Z GOGCCFLAGS='-fPIC -m64 -pthread -Wl,--no-gc-sections -fmessage-length=0 -ffile-prefix-map=/tmp/go-build1997025158=/tmp/go-build -gno-record-gcc-switches'
Backend (Go)	UNKNOWN STEP	2026-04-04T13:50:36.3568464Z 
Backend (Go)	UNKNOWN STEP	2026-04-04T13:50:36.3569001Z ##[endgroup]
Backend (Go)	UNKNOWN STEP	2026-04-04T13:50:36.3667315Z ##[group]Run go fmt ./...
Backend (Go)	UNKNOWN STEP	2026-04-04T13:50:36.3667600Z [36;1mgo fmt ./...[0m
Backend (Go)	UNKNOWN STEP	2026-04-04T13:50:36.3699162Z shell: /usr/bin/bash -e {0}
Backend (Go)	UNKNOWN STEP	2026-04-04T13:50:36.3699406Z ##[endgroup]
Backend (Go)	UNKNOWN STEP	2026-04-04T13:50:36.3821010Z go: downloading cloud.google.com/go/firestore v1.14.0
Backend (Go)	UNKNOWN STEP	2026-04-04T13:50:36.3822940Z go: downloading cloud.google.com/go/storage v1.36.0
Backend (Go)	UNKNOWN STEP	2026-04-04T13:50:36.4183712Z go: downloading github.com/google/uuid v1.5.0
Backend (Go)	UNKNOWN STEP	2026-04-04T13:50:36.4353587Z go: downloading google.golang.org/api v0.155.0
Backend (Go)	UNKNOWN STEP	2026-04-04T13:50:36.4527982Z go: downloading google.golang.org/grpc v1.60.1
Backend (Go)	UNKNOWN STEP	2026-04-04T13:50:36.4920523Z go: downloading cloud.google.com/go v0.110.10
Backend (Go)	UNKNOWN STEP	2026-04-04T13:50:36.7491795Z go: downloading golang.org/x/oauth2 v0.15.0
Backend (Go)	UNKNOWN STEP	2026-04-04T13:50:37.3498487Z go: downloading cloud.google.com/go/compute/metadata v0.2.3
Backend (Go)	UNKNOWN STEP	2026-04-04T13:50:37.3566388Z go: downloading cloud.google.com/go/compute v1.23.3
Backend (Go)	UNKNOWN STEP	2026-04-04T13:50:37.4891599Z go: downloading cloud.google.com/go/iam v1.1.5
Backend (Go)	UNKNOWN STEP	2026-04-04T13:50:37.5789115Z go: downloading github.com/googleapis/gax-go/v2 v2.12.0
Backend (Go)	UNKNOWN STEP	2026-04-04T13:50:38.8930383Z go: downloading google.golang.org/genproto v0.0.0-20231211222908-989df2bf70f3
Backend (Go)	UNKNOWN STEP	2026-04-04T13:50:38.8931545Z go: downloading google.golang.org/protobuf v1.31.0
Backend (Go)	UNKNOWN STEP	2026-04-04T13:50:39.1012392Z go: downloading github.com/golang/protobuf v1.5.3
Backend (Go)	UNKNOWN STEP	2026-04-04T13:50:39.1315300Z go: downloading golang.org/x/time v0.5.0
Backend (Go)	UNKNOWN STEP	2026-04-04T13:50:39.4843198Z go: downloading google.golang.org/genproto/googleapis/rpc v0.0.0-20231212172506-995d672761c0
Backend (Go)	UNKNOWN STEP	2026-04-04T13:50:40.3778596Z go: downloading google.golang.org/genproto/googleapis/api v0.0.0-20231211222908-989df2bf70f3
Backend (Go)	UNKNOWN STEP	2026-04-04T13:50:40.4023638Z go: downloading go.opencensus.io v0.24.0
Backend (Go)	UNKNOWN STEP	2026-04-04T13:50:40.4049509Z go: downloading golang.org/x/xerrors v0.0.0-20231012003039-104605ab7028
Backend (Go)	UNKNOWN STEP	2026-04-04T13:50:40.6301374Z go: downloading go.opentelemetry.io/contrib/instrumentation/net/http/otelhttp v0.46.1
Backend (Go)	UNKNOWN STEP	2026-04-04T13:50:40.6425052Z go: downloading golang.org/x/net v0.19.0
Backend (Go)	UNKNOWN STEP	2026-04-04T13:50:40.8516413Z go: downloading cloud.google.com/go/longrunning v0.5.4
Backend (Go)	UNKNOWN STEP	2026-04-04T13:50:40.8622322Z go: downloading golang.org/x/sync v0.5.0
Backend (Go)	UNKNOWN STEP	2026-04-04T13:50:40.8658369Z go: downloading golang.org/x/sys v0.15.0
Backend (Go)	UNKNOWN STEP	2026-04-04T13:50:41.0269191Z go: downloading go.opentelemetry.io/contrib/instrumentation/google.golang.org/grpc/otelgrpc v0.46.1
Backend (Go)	UNKNOWN STEP	2026-04-04T13:50:41.0280116Z go: downloading github.com/golang/groupcache v0.0.0-20210331224755-41bb18bfe9da
Backend (Go)	UNKNOWN STEP	2026-04-04T13:50:41.0701274Z go: downloading github.com/google/s2a-go v0.1.7
Backend (Go)	UNKNOWN STEP	2026-04-04T13:50:41.0783073Z go: downloading github.com/felixge/httpsnoop v1.0.4
Backend (Go)	UNKNOWN STEP	2026-04-04T13:50:41.0898653Z go: downloading go.opentelemetry.io/otel v1.21.0
Backend (Go)	UNKNOWN STEP	2026-04-04T13:50:41.1184500Z go: downloading go.opentelemetry.io/otel/metric v1.21.0
Backend (Go)	UNKNOWN STEP	2026-04-04T13:50:41.1847781Z go: downloading go.opentelemetry.io/otel/trace v1.21.0
Backend (Go)	UNKNOWN STEP	2026-04-04T13:50:41.1850769Z go: downloading github.com/googleapis/enterprise-certificate-proxy v0.3.2
Backend (Go)	UNKNOWN STEP	2026-04-04T13:50:41.2571010Z go: downloading github.com/go-logr/logr v1.3.0
Backend (Go)	UNKNOWN STEP	2026-04-04T13:50:41.2727524Z go: downloading golang.org/x/text v0.14.0
Backend (Go)	UNKNOWN STEP	2026-04-04T13:50:41.4402296Z go: downloading github.com/go-logr/stdr v1.2.2
Backend (Go)	UNKNOWN STEP	2026-04-04T13:50:41.4497352Z go: downloading golang.org/x/crypto v0.17.0
Backend (Go)	UNKNOWN STEP	2026-04-04T13:50:41.9840680Z handlers/swarm.go
Backend (Go)	UNKNOWN STEP	2026-04-04T13:50:41.9893389Z ##[group]Run go vet ./...
Backend (Go)	UNKNOWN STEP	2026-04-04T13:50:41.9893664Z [36;1mgo vet ./...[0m
Backend (Go)	UNKNOWN STEP	2026-04-04T13:50:41.9920317Z shell: /usr/bin/bash -e {0}
Backend (Go)	UNKNOWN STEP	2026-04-04T13:50:41.9920546Z ##[endgroup]
Backend (Go)	UNKNOWN STEP	2026-04-04T13:51:02.8577768Z # github.com/fkcurrie/utba-swarmmap/handlers
Backend (Go)	UNKNOWN STEP	2026-04-04T13:51:02.8631377Z ##[error]handlers/middleware.go:77:4: undefined: log
Backend (Go)	UNKNOWN STEP	2026-04-04T13:51:04.8512082Z # github.com/fkcurrie/utba-swarmmap/handlers
Backend (Go)	UNKNOWN STEP	2026-04-04T13:51:04.8512479Z # [github.com/fkcurrie/utba-swarmmap/handlers]
Backend (Go)	UNKNOWN STEP	2026-04-04T13:51:04.8514772Z ##[error]vet: handlers/middleware.go:77:4: undefined: log
Backend (Go)	UNKNOWN STEP	2026-04-04T13:51:04.9581711Z ##[error]Process completed with exit code 1.
Backend (Go)	UNKNOWN STEP	2026-04-04T13:51:04.9736505Z Post job cleanup.
Backend (Go)	UNKNOWN STEP	2026-04-04T13:51:05.0692884Z [command]/usr/bin/git version
Backend (Go)	UNKNOWN STEP	2026-04-04T13:51:05.0730223Z git version 2.53.0
Backend (Go)	UNKNOWN STEP	2026-04-04T13:51:05.0778402Z Temporarily overriding HOME='/home/runner/work/_temp/846ada9a-43cb-4ceb-a12c-d68f1feb9966' before making global git config changes
Backend (Go)	UNKNOWN STEP	2026-04-04T13:51:05.0779787Z Adding repository directory to the temporary git global config as a safe directory
Backend (Go)	UNKNOWN STEP	2026-04-04T13:51:05.0793686Z [command]/usr/bin/git config --global --add safe.directory /home/runner/work/utba-swarmmap/utba-swarmmap
Backend (Go)	UNKNOWN STEP	2026-04-04T13:51:05.0831633Z [command]/usr/bin/git config --local --name-only --get-regexp core\.sshCommand
Backend (Go)	UNKNOWN STEP	2026-04-04T13:51:05.0865632Z [command]/usr/bin/git submodule foreach --recursive sh -c "git config --local --name-only --get-regexp 'core\.sshCommand' && git config --local --unset-all 'core.sshCommand' || :"
Backend (Go)	UNKNOWN STEP	2026-04-04T13:51:05.1094969Z [command]/usr/bin/git config --local --name-only --get-regexp http\.https\:\/\/github\.com\/\.extraheader
Backend (Go)	UNKNOWN STEP	2026-04-04T13:51:05.1117045Z http.https://github.com/.extraheader
Backend (Go)	UNKNOWN STEP	2026-04-04T13:51:05.1129601Z [command]/usr/bin/git config --local --unset-all http.https://github.com/.extraheader
Backend (Go)	UNKNOWN STEP	2026-04-04T13:51:05.1159577Z [command]/usr/bin/git submodule foreach --recursive sh -c "git config --local --name-only --get-regexp 'http\.https\:\/\/github\.com\/\.extraheader' && git config --local --unset-all 'http.https://github.com/.extraheader' || :"
Backend (Go)	UNKNOWN STEP	2026-04-04T13:51:05.1371119Z [command]/usr/bin/git config --local --name-only --get-regexp ^includeIf\.gitdir:
Backend (Go)	UNKNOWN STEP	2026-04-04T13:51:05.1399904Z [command]/usr/bin/git submodule foreach --recursive git config --local --show-origin --name-only --get-regexp remote.origin.url
Backend (Go)	UNKNOWN STEP	2026-04-04T13:51:05.1747651Z Cleaning up orphan processes
Backend (Go)	UNKNOWN STEP	2026-04-04T13:51:05.2127436Z ##[warning]Node.js 20 actions are deprecated. The following actions are running on Node.js 20 and may not work as expected: actions/checkout@v4, actions/setup-go@v5. Actions will be forced to run with Node.js 24 by default starting June 2nd, 2026. Node.js 20 will be removed from the runner on September 16th, 2026. Please check if updated versions of these actions are available that support Node.js 24. To opt into Node.js 24 now, set the FORCE_JAVASCRIPT_ACTIONS_TO_NODE24=true environment variable on the runner or in your workflow file. Once Node.js 24 becomes the default, you can temporarily opt out by setting ACTIONS_ALLOW_USE_UNSECURE_NODE_VERSION=true. For more information see: https://github.blog/changelog/2025-09-19-deprecation-of-node-20-on-github-actions-runners/
General & Infrastructure	UNKNOWN STEP	﻿2026-04-04T13:50:22.6309656Z Current runner version: '2.333.1'
General & Infrastructure	UNKNOWN STEP	2026-04-04T13:50:22.6333717Z ##[group]Runner Image Provisioner
General & Infrastructure	UNKNOWN STEP	2026-04-04T13:50:22.6334624Z Hosted Compute Agent
General & Infrastructure	UNKNOWN STEP	2026-04-04T13:50:22.6335170Z Version: 20260213.493
General & Infrastructure	UNKNOWN STEP	2026-04-04T13:50:22.6335763Z Commit: 5c115507f6dd24b8de37d8bbe0bb4509d0cc0fa3
General & Infrastructure	UNKNOWN STEP	2026-04-04T13:50:22.6336742Z Build Date: 2026-02-13T00:28:41Z
General & Infrastructure	UNKNOWN STEP	2026-04-04T13:50:22.6337493Z Worker ID: {73febf09-c9e6-4703-9cb1-506e2751d6fd}
General & Infrastructure	UNKNOWN STEP	2026-04-04T13:50:22.6338135Z Azure Region: westus
General & Infrastructure	UNKNOWN STEP	2026-04-04T13:50:22.6338722Z ##[endgroup]
General & Infrastructure	UNKNOWN STEP	2026-04-04T13:50:22.6340220Z ##[group]Operating System
General & Infrastructure	UNKNOWN STEP	2026-04-04T13:50:22.6340790Z Ubuntu
General & Infrastructure	UNKNOWN STEP	2026-04-04T13:50:22.6341320Z 24.04.4
General & Infrastructure	UNKNOWN STEP	2026-04-04T13:50:22.6341916Z LTS
General & Infrastructure	UNKNOWN STEP	2026-04-04T13:50:22.6342394Z ##[endgroup]
General & Infrastructure	UNKNOWN STEP	2026-04-04T13:50:22.6342879Z ##[group]Runner Image
General & Infrastructure	UNKNOWN STEP	2026-04-04T13:50:22.6343463Z Image: ubuntu-24.04
General & Infrastructure	UNKNOWN STEP	2026-04-04T13:50:22.6343929Z Version: 20260329.72.1
General & Infrastructure	UNKNOWN STEP	2026-04-04T13:50:22.6345126Z Included Software: https://github.com/actions/runner-images/blob/ubuntu24/20260329.72/images/ubuntu/Ubuntu2404-Readme.md
General & Infrastructure	UNKNOWN STEP	2026-04-04T13:50:22.6346986Z Image Release: https://github.com/actions/runner-images/releases/tag/ubuntu24%2F20260329.72
General & Infrastructure	UNKNOWN STEP	2026-04-04T13:50:22.6347902Z ##[endgroup]
General & Infrastructure	UNKNOWN STEP	2026-04-04T13:50:22.6349045Z ##[group]GITHUB_TOKEN Permissions
General & Infrastructure	UNKNOWN STEP	2026-04-04T13:50:22.6350848Z Contents: read
General & Infrastructure	UNKNOWN STEP	2026-04-04T13:50:22.6351522Z Metadata: read
General & Infrastructure	UNKNOWN STEP	2026-04-04T13:50:22.6352047Z Packages: read
General & Infrastructure	UNKNOWN STEP	2026-04-04T13:50:22.6352537Z ##[endgroup]
General & Infrastructure	UNKNOWN STEP	2026-04-04T13:50:22.6354666Z Secret source: None
General & Infrastructure	UNKNOWN STEP	2026-04-04T13:50:22.6355400Z Prepare workflow directory
General & Infrastructure	UNKNOWN STEP	2026-04-04T13:50:22.6737553Z Prepare all required actions
General & Infrastructure	UNKNOWN STEP	2026-04-04T13:50:22.6779247Z Getting action download info
General & Infrastructure	UNKNOWN STEP	2026-04-04T13:50:23.3283299Z Download action repository 'actions/checkout@v4' (SHA:34e114876b0b11c390a56381ad16ebd13914f8d5)
General & Infrastructure	UNKNOWN STEP	2026-04-04T13:50:23.4590151Z Download action repository 'actions/setup-node@v4' (SHA:49933ea5288caeca8642d1e84afbd3f7d6820020)
General & Infrastructure	UNKNOWN STEP	2026-04-04T13:50:23.5450873Z Download action repository 'actions/setup-go@v5' (SHA:40f1582b2485089dde7abd97c1529aa768e1baff)
General & Infrastructure	UNKNOWN STEP	2026-04-04T13:50:24.1970227Z Download action repository 'reviewdog/action-detect-secrets@v0' (SHA:53b50179462bbe04af2f25f088b97e55e1dec3a1)
General & Infrastructure	UNKNOWN STEP	2026-04-04T13:50:24.6374912Z Download action repository 'reviewdog/action-actionlint@v1' (SHA:6fb7acc99f4a1008869fa8a0f09cfca740837d9d)
General & Infrastructure	UNKNOWN STEP	2026-04-04T13:50:25.0610399Z Download action repository 'ibiqlik/action-yamllint@v3' (SHA:2576378a8e339169678f9939646ee3ee325e845c)
General & Infrastructure	UNKNOWN STEP	2026-04-04T13:50:25.4597356Z Download action repository 'ludeeus/action-shellcheck@master' (SHA:00b27aa7cb85167568cb48a3838b75f4265f2bca)
General & Infrastructure	UNKNOWN STEP	2026-04-04T13:50:25.8701308Z Download action repository 'reviewdog/action-misspell@v1' (SHA:d6429416b12b09b4e2768307d53bef58d172e962)
General & Infrastructure	UNKNOWN STEP	2026-04-04T13:50:26.2669269Z Download action repository 'wagoid/commitlint-github-action@v5' (SHA:9763196e10f27aef304c9b8b660d31d97fce0f99)
General & Infrastructure	UNKNOWN STEP	2026-04-04T13:50:26.9183220Z Complete job name: General & Infrastructure
General & Infrastructure	UNKNOWN STEP	2026-04-04T13:50:26.9715602Z ##[group]Pull down action image 'ghcr.io/reviewdog/action-actionlint:v1.72.0'
General & Infrastructure	UNKNOWN STEP	2026-04-04T13:50:26.9799832Z ##[command]/usr/bin/docker pull ghcr.io/reviewdog/action-actionlint:v1.72.0
General & Infrastructure	UNKNOWN STEP	2026-04-04T13:50:27.6276123Z v1.72.0: Pulling from reviewdog/action-actionlint
General & Infrastructure	UNKNOWN STEP	2026-04-04T13:50:27.7975378Z 589002ba0eae: Already exists
General & Infrastructure	UNKNOWN STEP	2026-04-04T13:50:27.8008401Z 0805a1082be0: Pulling fs layer
General & Infrastructure	UNKNOWN STEP	2026-04-04T13:50:27.8009090Z 3566efde290b: Pulling fs layer
General & Infrastructure	UNKNOWN STEP	2026-04-04T13:50:27.8009521Z 2800a7aef8b1: Pulling fs layer
General & Infrastructure	UNKNOWN STEP	2026-04-04T13:50:27.8009884Z f420ae9f738c: Pulling fs layer
General & Infrastructure	UNKNOWN STEP	2026-04-04T13:50:27.8010146Z 539ad613ffba: Pulling fs layer
General & Infrastructure	UNKNOWN STEP	2026-04-04T13:50:27.8010559Z 1062eadcdc7d: Pulling fs layer
General & Infrastructure	UNKNOWN STEP	2026-04-04T13:50:27.8010843Z d12341ef4ed7: Pulling fs layer
General & Infrastructure	UNKNOWN STEP	2026-04-04T13:50:27.8011083Z 0180048b5c67: Pulling fs layer
General & Infrastructure	UNKNOWN STEP	2026-04-04T13:50:27.8011358Z 3f242abd9c8e: Pulling fs layer
General & Infrastructure	UNKNOWN STEP	2026-04-04T13:50:27.8011665Z 539ad613ffba: Waiting
General & Infrastructure	UNKNOWN STEP	2026-04-04T13:50:27.8011954Z 1062eadcdc7d: Waiting
General & Infrastructure	UNKNOWN STEP	2026-04-04T13:50:27.8012221Z d12341ef4ed7: Waiting
General & Infrastructure	UNKNOWN STEP	2026-04-04T13:50:27.8012400Z 0180048b5c67: Waiting
General & Infrastructure	UNKNOWN STEP	2026-04-04T13:50:27.8012586Z 3f242abd9c8e: Waiting
General & Infrastructure	UNKNOWN STEP	2026-04-04T13:50:27.8012835Z f420ae9f738c: Waiting
General & Infrastructure	UNKNOWN STEP	2026-04-04T13:50:28.0128782Z 2800a7aef8b1: Verifying Checksum
General & Infrastructure	UNKNOWN STEP	2026-04-04T13:50:28.0129425Z 2800a7aef8b1: Download complete
General & Infrastructure	UNKNOWN STEP	2026-04-04T13:50:28.0304729Z 0805a1082be0: Verifying Checksum
General & Infrastructure	UNKNOWN STEP	2026-04-04T13:50:28.0308297Z 0805a1082be0: Download complete
General & Infrastructure	UNKNOWN STEP	2026-04-04T13:50:28.2268841Z 3566efde290b: Verifying Checksum
General & Infrastructure	UNKNOWN STEP	2026-04-04T13:50:28.2269408Z 3566efde290b: Download complete
General & Infrastructure	UNKNOWN STEP	2026-04-04T13:50:28.3177385Z f420ae9f738c: Download complete
General & Infrastructure	UNKNOWN STEP	2026-04-04T13:50:28.3179076Z 539ad613ffba: Verifying Checksum
General & Infrastructure	UNKNOWN STEP	2026-04-04T13:50:28.3179571Z 539ad613ffba: Download complete
General & Infrastructure	UNKNOWN STEP	2026-04-04T13:50:28.5290757Z 1062eadcdc7d: Verifying Checksum
General & Infrastructure	UNKNOWN STEP	2026-04-04T13:50:28.5292186Z 1062eadcdc7d: Download complete
General & Infrastructure	UNKNOWN STEP	2026-04-04T13:50:28.5660855Z 0180048b5c67: Verifying Checksum
General & Infrastructure	UNKNOWN STEP	2026-04-04T13:50:28.5661413Z 0180048b5c67: Download complete
General & Infrastructure	UNKNOWN STEP	2026-04-04T13:50:28.6144998Z d12341ef4ed7: Verifying Checksum
General & Infrastructure	UNKNOWN STEP	2026-04-04T13:50:28.6145580Z d12341ef4ed7: Download complete
General & Infrastructure	UNKNOWN STEP	2026-04-04T13:50:28.7356973Z 3f242abd9c8e: Download complete
General & Infrastructure	UNKNOWN STEP	2026-04-04T13:50:30.7578707Z 0805a1082be0: Pull complete
General & Infrastructure	UNKNOWN STEP	2026-04-04T13:50:31.4094651Z 3566efde290b: Pull complete
General & Infrastructure	UNKNOWN STEP	2026-04-04T13:50:31.4216526Z 2800a7aef8b1: Pull complete
General & Infrastructure	UNKNOWN STEP	2026-04-04T13:50:31.9196472Z f420ae9f738c: Pull complete
General & Infrastructure	UNKNOWN STEP	2026-04-04T13:50:31.9997285Z 539ad613ffba: Pull complete
General & Infrastructure	UNKNOWN STEP	2026-04-04T13:50:32.1289578Z 1062eadcdc7d: Pull complete
General & Infrastructure	UNKNOWN STEP	2026-04-04T13:50:32.1974860Z d12341ef4ed7: Pull complete
General & Infrastructure	UNKNOWN STEP	2026-04-04T13:50:32.2392804Z 0180048b5c67: Pull complete
General & Infrastructure	UNKNOWN STEP	2026-04-04T13:50:32.2531175Z 3f242abd9c8e: Pull complete
General & Infrastructure	UNKNOWN STEP	2026-04-04T13:50:32.2574773Z Digest: sha256:918481e3b42182d1671c5807d57ed356203e11e96fa679f4f9a8a7b5a65152d9
General & Infrastructure	UNKNOWN STEP	2026-04-04T13:50:32.2587320Z Status: Downloaded newer image for ghcr.io/reviewdog/action-actionlint:v1.72.0
General & Infrastructure	UNKNOWN STEP	2026-04-04T13:50:32.2594779Z ghcr.io/reviewdog/action-actionlint:v1.72.0
General & Infrastructure	UNKNOWN STEP	2026-04-04T13:50:32.2615052Z ##[endgroup]
General & Infrastructure	UNKNOWN STEP	2026-04-04T13:50:32.2644134Z ##[group]Pull down action image 'wagoid/commitlint-github-action:5.5.1'
General & Infrastructure	UNKNOWN STEP	2026-04-04T13:50:32.2645174Z ##[command]/usr/bin/docker pull wagoid/commitlint-github-action:5.5.1
General & Infrastructure	UNKNOWN STEP	2026-04-04T13:50:33.1543306Z 5.5.1: Pulling from wagoid/commitlint-github-action
General & Infrastructure	UNKNOWN STEP	2026-04-04T13:50:33.1546461Z 9398808236ff: Pulling fs layer
General & Infrastructure	UNKNOWN STEP	2026-04-04T13:50:33.1547266Z 68e4fb3bab38: Pulling fs layer
General & Infrastructure	UNKNOWN STEP	2026-04-04T13:50:33.1547745Z 4fbc6a1c66ab: Pulling fs layer
General & Infrastructure	UNKNOWN STEP	2026-04-04T13:50:33.1548178Z 94584f9afe0f: Pulling fs layer
General & Infrastructure	UNKNOWN STEP	2026-04-04T13:50:33.1548593Z 909db87bbd60: Pulling fs layer
General & Infrastructure	UNKNOWN STEP	2026-04-04T13:50:33.1549027Z 689f42122cf4: Pulling fs layer
General & Infrastructure	UNKNOWN STEP	2026-04-04T13:50:33.1549452Z 7ecbb23e6531: Pulling fs layer
General & Infrastructure	UNKNOWN STEP	2026-04-04T13:50:33.1550011Z 4399540f43c1: Pulling fs layer
General & Infrastructure	UNKNOWN STEP	2026-04-04T13:50:33.1550425Z 28ad51cb529b: Pulling fs layer
General & Infrastructure	UNKNOWN STEP	2026-04-04T13:50:33.1550838Z 689f42122cf4: Waiting
General & Infrastructure	UNKNOWN STEP	2026-04-04T13:50:33.1551216Z 7ecbb23e6531: Waiting
General & Infrastructure	UNKNOWN STEP	2026-04-04T13:50:33.1551602Z 4399540f43c1: Waiting
General & Infrastructure	UNKNOWN STEP	2026-04-04T13:50:33.1552016Z 28ad51cb529b: Waiting
General & Infrastructure	UNKNOWN STEP	2026-04-04T13:50:33.1552389Z 94584f9afe0f: Waiting
General & Infrastructure	UNKNOWN STEP	2026-04-04T13:50:33.1552725Z 909db87bbd60: Waiting
General & Infrastructure	UNKNOWN STEP	2026-04-04T13:50:33.4218127Z 4fbc6a1c66ab: Verifying Checksum
General & Infrastructure	UNKNOWN STEP	2026-04-04T13:50:33.4218633Z 4fbc6a1c66ab: Download complete
General & Infrastructure	UNKNOWN STEP	2026-04-04T13:50:33.4431949Z 9398808236ff: Verifying Checksum
General & Infrastructure	UNKNOWN STEP	2026-04-04T13:50:33.4443117Z 9398808236ff: Download complete
General & Infrastructure	UNKNOWN STEP	2026-04-04T13:50:33.5521740Z 68e4fb3bab38: Verifying Checksum
General & Infrastructure	UNKNOWN STEP	2026-04-04T13:50:33.5522245Z 68e4fb3bab38: Download complete
General & Infrastructure	UNKNOWN STEP	2026-04-04T13:50:33.5804368Z 9398808236ff: Pull complete
General & Infrastructure	UNKNOWN STEP	2026-04-04T13:50:33.6597614Z 94584f9afe0f: Verifying Checksum
General & Infrastructure	UNKNOWN STEP	2026-04-04T13:50:33.6599911Z 94584f9afe0f: Download complete
General & Infrastructure	UNKNOWN STEP	2026-04-04T13:50:33.7124143Z 909db87bbd60: Verifying Checksum
General & Infrastructure	UNKNOWN STEP	2026-04-04T13:50:33.7128666Z 909db87bbd60: Download complete
General & Infrastructure	UNKNOWN STEP	2026-04-04T13:50:33.8179168Z 689f42122cf4: Verifying Checksum
General & Infrastructure	UNKNOWN STEP	2026-04-04T13:50:33.8179643Z 689f42122cf4: Download complete
General & Infrastructure	UNKNOWN STEP	2026-04-04T13:50:33.9281140Z 7ecbb23e6531: Verifying Checksum
General & Infrastructure	UNKNOWN STEP	2026-04-04T13:50:33.9281661Z 7ecbb23e6531: Download complete
General & Infrastructure	UNKNOWN STEP	2026-04-04T13:50:34.0823155Z 28ad51cb529b: Verifying Checksum
General & Infrastructure	UNKNOWN STEP	2026-04-04T13:50:34.0827955Z 28ad51cb529b: Download complete
General & Infrastructure	UNKNOWN STEP	2026-04-04T13:50:34.1227576Z 4399540f43c1: Verifying Checksum
General & Infrastructure	UNKNOWN STEP	2026-04-04T13:50:34.1228060Z 4399540f43c1: Download complete
General & Infrastructure	UNKNOWN STEP	2026-04-04T13:50:35.0570398Z 68e4fb3bab38: Pull complete
General & Infrastructure	UNKNOWN STEP	2026-04-04T13:50:35.1168781Z 4fbc6a1c66ab: Pull complete
General & Infrastructure	UNKNOWN STEP	2026-04-04T13:50:35.1280705Z 94584f9afe0f: Pull complete
General & Infrastructure	UNKNOWN STEP	2026-04-04T13:50:35.3032171Z 909db87bbd60: Pull complete
General & Infrastructure	UNKNOWN STEP	2026-04-04T13:50:35.3115703Z 689f42122cf4: Pull complete
General & Infrastructure	UNKNOWN STEP	2026-04-04T13:50:35.3250250Z 7ecbb23e6531: Pull complete
General & Infrastructure	UNKNOWN STEP	2026-04-04T13:50:39.5548858Z 4399540f43c1: Pull complete
General & Infrastructure	UNKNOWN STEP	2026-04-04T13:50:39.5647540Z 28ad51cb529b: Pull complete
General & Infrastructure	UNKNOWN STEP	2026-04-04T13:50:39.5679478Z Digest: sha256:376e134b3f9f4c9674a644253b15b848d954ca7d382d4e1741133a51ab037eca
General & Infrastructure	UNKNOWN STEP	2026-04-04T13:50:39.5695251Z Status: Downloaded newer image for wagoid/commitlint-github-action:5.5.1
General & Infrastructure	UNKNOWN STEP	2026-04-04T13:50:39.5701066Z docker.io/wagoid/commitlint-github-action:5.5.1
General & Infrastructure	UNKNOWN STEP	2026-04-04T13:50:39.5745679Z ##[endgroup]
General & Infrastructure	UNKNOWN STEP	2026-04-04T13:50:39.5769516Z ##[group]Build container for action use: '/home/runner/work/_actions/reviewdog/action-detect-secrets/v0/Dockerfile'.
General & Infrastructure	UNKNOWN STEP	2026-04-04T13:50:39.5775673Z ##[command]/usr/bin/docker build -t 10b22d:04607a4ea13948a1b5e42f439438a51f -f "/home/runner/work/_actions/reviewdog/action-detect-secrets/v0/Dockerfile" "/home/runner/work/_actions/reviewdog/action-detect-secrets/v0"
General & Infrastructure	UNKNOWN STEP	2026-04-04T13:50:40.0213662Z #0 building with "default" instance using docker driver
General & Infrastructure	UNKNOWN STEP	2026-04-04T13:50:40.0214000Z 
General & Infrastructure	UNKNOWN STEP	2026-04-04T13:50:40.0214144Z #1 [internal] load build definition from Dockerfile
General & Infrastructure	UNKNOWN STEP	2026-04-04T13:50:40.0214519Z #1 transferring dockerfile: 473B done
General & Infrastructure	UNKNOWN STEP	2026-04-04T13:50:40.0214800Z #1 DONE 0.0s
General & Infrastructure	UNKNOWN STEP	2026-04-04T13:50:40.0214919Z 
General & Infrastructure	UNKNOWN STEP	2026-04-04T13:50:40.0215141Z #2 [internal] load metadata for docker.io/library/python:3.14.0-alpine
General & Infrastructure	UNKNOWN STEP	2026-04-04T13:50:40.2249142Z #2 ...
General & Infrastructure	UNKNOWN STEP	2026-04-04T13:50:40.2249397Z 
General & Infrastructure	UNKNOWN STEP	2026-04-04T13:50:40.2249692Z #3 [auth] library/python:pull token for registry-1.docker.io
General & Infrastructure	UNKNOWN STEP	2026-04-04T13:50:40.2250334Z #3 DONE 0.0s
General & Infrastructure	UNKNOWN STEP	2026-04-04T13:50:40.3749430Z 
General & Infrastructure	UNKNOWN STEP	2026-04-04T13:50:40.3749963Z #2 [internal] load metadata for docker.io/library/python:3.14.0-alpine
General & Infrastructure	UNKNOWN STEP	2026-04-04T13:50:40.8757811Z #2 DONE 1.0s
General & Infrastructure	UNKNOWN STEP	2026-04-04T13:50:40.9927797Z 
General & Infrastructure	UNKNOWN STEP	2026-04-04T13:50:40.9928402Z #4 [internal] load .dockerignore
General & Infrastructure	UNKNOWN STEP	2026-04-04T13:50:40.9928889Z #4 transferring context: 2B done
General & Infrastructure	UNKNOWN STEP	2026-04-04T13:50:40.9929250Z #4 DONE 0.0s
General & Infrastructure	UNKNOWN STEP	2026-04-04T13:50:40.9929410Z 
General & Infrastructure	UNKNOWN STEP	2026-04-04T13:50:40.9929551Z #5 [internal] load build context
General & Infrastructure	UNKNOWN STEP	2026-04-04T13:50:40.9929824Z #5 transferring context: 3.44kB done
General & Infrastructure	UNKNOWN STEP	2026-04-04T13:50:40.9930258Z #5 DONE 0.0s
General & Infrastructure	UNKNOWN STEP	2026-04-04T13:50:40.9930438Z 
General & Infrastructure	UNKNOWN STEP	2026-04-04T13:50:40.9931081Z #6 [1/4] FROM docker.io/library/python:3.14.0-alpine@sha256:8373231e1e906ddfb457748bfc032c4c06ada8c759b7b62d9c73ec2a3c56e710
General & Infrastructure	UNKNOWN STEP	2026-04-04T13:50:40.9932563Z #6 resolve docker.io/library/python:3.14.0-alpine@sha256:8373231e1e906ddfb457748bfc032c4c06ada8c759b7b62d9c73ec2a3c56e710 done
General & Infrastructure	UNKNOWN STEP	2026-04-04T13:50:40.9933386Z #6 sha256:da0af7e1f95f7612c15858b627b151edde12a97b6ae60731a82c4849bd9c5b2c 1.73kB / 1.73kB done
General & Infrastructure	UNKNOWN STEP	2026-04-04T13:50:40.9934048Z #6 sha256:24ef78ff5ffe3f0b75661012741566f58f76e8109513be875a237d0a7b19b073 4.62kB / 4.62kB done
General & Infrastructure	UNKNOWN STEP	2026-04-04T13:50:40.9934687Z #6 sha256:2d35ebdb57d9971fea0cac1582aa78935adf8058b2cc32db163c98822e5dfa1b 0B / 3.80MB 0.1s
General & Infrastructure	UNKNOWN STEP	2026-04-04T13:50:40.9935321Z #6 sha256:86d375910f52b7c453db7c1e2135c1536210eb84825e8505b1c9e5a34faaf57a 0B / 456.92kB 0.1s
General & Infrastructure	UNKNOWN STEP	2026-04-04T13:50:40.9936176Z #6 sha256:facdf984afd18f7f52714321a1e8915796191dd98798aef5d1f77a85507e830d 0B / 13.23MB 0.1s
General & Infrastructure	UNKNOWN STEP	2026-04-04T13:50:40.9936820Z #6 sha256:8373231e1e906ddfb457748bfc032c4c06ada8c759b7b62d9c73ec2a3c56e710 10.29kB / 10.29kB done
General & Infrastructure	UNKNOWN STEP	2026-04-04T13:50:41.1070959Z #6 sha256:2d35ebdb57d9971fea0cac1582aa78935adf8058b2cc32db163c98822e5dfa1b 3.80MB / 3.80MB 0.1s done
General & Infrastructure	UNKNOWN STEP	2026-04-04T13:50:41.1072041Z #6 sha256:86d375910f52b7c453db7c1e2135c1536210eb84825e8505b1c9e5a34faaf57a 456.92kB / 456.92kB 0.2s done
General & Infrastructure	UNKNOWN STEP	2026-04-04T13:50:41.1073027Z #6 extracting sha256:2d35ebdb57d9971fea0cac1582aa78935adf8058b2cc32db163c98822e5dfa1b 0.1s done
General & Infrastructure	UNKNOWN STEP	2026-04-04T13:50:41.1073683Z #6 sha256:13839c1b2c2fc819a0ebcba5bbfcb61b3d29976827c3c86062f87186660baa70 0B / 250B 0.2s
General & Infrastructure	UNKNOWN STEP	2026-04-04T13:50:41.2178780Z #6 sha256:facdf984afd18f7f52714321a1e8915796191dd98798aef5d1f77a85507e830d 13.23MB / 13.23MB 0.3s done
General & Infrastructure	UNKNOWN STEP	2026-04-04T13:50:41.2180462Z #6 sha256:13839c1b2c2fc819a0ebcba5bbfcb61b3d29976827c3c86062f87186660baa70 250B / 250B 0.2s done
General & Infrastructure	UNKNOWN STEP	2026-04-04T13:50:41.2181408Z #6 extracting sha256:86d375910f52b7c453db7c1e2135c1536210eb84825e8505b1c9e5a34faaf57a 0.1s done
General & Infrastructure	UNKNOWN STEP	2026-04-04T13:50:41.3514449Z #6 extracting sha256:facdf984afd18f7f52714321a1e8915796191dd98798aef5d1f77a85507e830d
General & Infrastructure	UNKNOWN STEP	2026-04-04T13:50:42.1132635Z #6 extracting sha256:facdf984afd18f7f52714321a1e8915796191dd98798aef5d1f77a85507e830d 0.6s done
General & Infrastructure	UNKNOWN STEP	2026-04-04T13:50:42.1133514Z #6 extracting sha256:13839c1b2c2fc819a0ebcba5bbfcb61b3d29976827c3c86062f87186660baa70 done
General & Infrastructure	UNKNOWN STEP	2026-04-04T13:50:42.1133956Z #6 DONE 1.1s
General & Infrastructure	UNKNOWN STEP	2026-04-04T13:50:42.1134057Z 
General & Infrastructure	UNKNOWN STEP	2026-04-04T13:50:42.1135241Z #7 [2/4] RUN apk --no-cache add git gcc musl-dev   && wget -O - -q https://raw.githubusercontent.com/reviewdog/reviewdog/fd59714416d6d9a1c0692d872e38e7f8448df4fc/install.sh| sh -s -- -b /usr/local/bin/ v0.21.0   && pip install detect-secrets[word_list]
General & Infrastructure	UNKNOWN STEP	2026-04-04T13:50:42.1136716Z #7 0.126 fetch https://dl-cdn.alpinelinux.org/alpine/v3.22/main/x86_64/APKINDEX.tar.gz
General & Infrastructure	UNKNOWN STEP	2026-04-04T13:50:42.3301083Z #7 0.193 fetch https://dl-cdn.alpinelinux.org/alpine/v3.22/community/x86_64/APKINDEX.tar.gz
General & Infrastructure	UNKNOWN STEP	2026-04-04T13:50:42.4599171Z #7 0.473 (1/23) Installing libgcc (14.2.0-r6)
General & Infrastructure	UNKNOWN STEP	2026-04-04T13:50:42.5649521Z #7 0.479 (2/23) Installing jansson (2.14.1-r0)
General & Infrastructure	UNKNOWN STEP	2026-04-04T13:50:42.5650205Z #7 0.481 (3/23) Installing libstdc++ (14.2.0-r6)
General & Infrastructure	UNKNOWN STEP	2026-04-04T13:50:42.5650924Z #7 0.500 (4/23) Installing binutils (2.44-r3)
General & Infrastructure	UNKNOWN STEP	2026-04-04T13:50:42.5651315Z #7 0.573 (5/23) Installing libgomp (14.2.0-r6)
General & Infrastructure	UNKNOWN STEP	2026-04-04T13:50:42.5651666Z #7 0.578 (6/23) Installing libatomic (14.2.0-r6)
General & Infrastructure	UNKNOWN STEP	2026-04-04T13:50:42.7480662Z #7 0.580 (7/23) Installing gmp (6.3.0-r3)
General & Infrastructure	UNKNOWN STEP	2026-04-04T13:50:42.7481186Z #7 0.585 (8/23) Installing isl26 (0.26-r1)
General & Infrastructure	UNKNOWN STEP	2026-04-04T13:50:42.7481684Z #7 0.601 (9/23) Installing mpfr4 (4.2.1_p1-r0)
General & Infrastructure	UNKNOWN STEP	2026-04-04T13:50:42.7482142Z #7 0.608 (10/23) Installing mpc1 (1.3.1-r1)
General & Infrastructure	UNKNOWN STEP	2026-04-04T13:50:42.7482581Z #7 0.611 (11/23) Installing gcc (14.2.0-r6)
General & Infrastructure	UNKNOWN STEP	2026-04-04T13:50:43.4855408Z #7 1.499 (12/23) Installing brotli-libs (1.1.0-r2)
General & Infrastructure	UNKNOWN STEP	2026-04-04T13:50:43.5981396Z #7 1.508 (13/23) Installing c-ares (1.34.6-r0)
General & Infrastructure	UNKNOWN STEP	2026-04-04T13:50:43.5981964Z #7 1.511 (14/23) Installing libunistring (1.3-r0)
General & Infrastructure	UNKNOWN STEP	2026-04-04T13:50:43.5982438Z #7 1.525 (15/23) Installing libidn2 (2.3.7-r0)
General & Infrastructure	UNKNOWN STEP	2026-04-04T13:50:43.5982989Z #7 1.528 (16/23) Installing nghttp2-libs (1.65.0-r0)
General & Infrastructure	UNKNOWN STEP	2026-04-04T13:50:43.5983325Z #7 1.530 (17/23) Installing libpsl (0.21.5-r3)
General & Infrastructure	UNKNOWN STEP	2026-04-04T13:50:43.5983612Z #7 1.533 (18/23) Installing libcurl (8.14.1-r2)
General & Infrastructure	UNKNOWN STEP	2026-04-04T13:50:43.5983884Z #7 1.540 (19/23) Installing libexpat (2.7.5-r0)
General & Infrastructure	UNKNOWN STEP	2026-04-04T13:50:43.5984168Z #7 1.543 (20/23) Installing pcre2 (10.46-r0)
General & Infrastructure	UNKNOWN STEP	2026-04-04T13:50:43.5984435Z #7 1.550 (21/23) Installing git (2.49.1-r0)
General & Infrastructure	UNKNOWN STEP	2026-04-04T13:50:43.5984876Z #7 1.611 (22/23) Installing git-init-template (2.49.1-r0)
General & Infrastructure	UNKNOWN STEP	2026-04-04T13:50:43.7847256Z #7 1.614 (23/23) Installing musl-dev (1.2.5-r10)
General & Infrastructure	UNKNOWN STEP	2026-04-04T13:50:43.7847817Z #7 1.681 Executing busybox-1.37.0-r19.trigger
General & Infrastructure	UNKNOWN STEP	2026-04-04T13:50:43.7848291Z #7 1.688 OK: 186 MiB in 53 packages
General & Infrastructure	UNKNOWN STEP	2026-04-04T13:50:43.7848834Z #7 1.798 reviewdog/reviewdog info checking GitHub for tag 'v0.21.0'
General & Infrastructure	UNKNOWN STEP	2026-04-04T13:50:43.8858569Z #7 1.899 reviewdog/reviewdog info found version: 0.21.0 for v0.21.0/Linux/x86_64
General & Infrastructure	UNKNOWN STEP	2026-04-04T13:50:44.2877275Z #7 2.301 reviewdog/reviewdog info installed /usr/local/bin//reviewdog
General & Infrastructure	UNKNOWN STEP	2026-04-04T13:50:46.6399665Z #7 4.653 Collecting detect-secrets[word_list]
General & Infrastructure	UNKNOWN STEP	2026-04-04T13:50:46.7537322Z #7 4.676   Downloading detect_secrets-1.5.0-py3-none-any.whl.metadata (23 kB)
General & Infrastructure	UNKNOWN STEP	2026-04-04T13:50:46.7538523Z #7 4.731 Collecting pyyaml (from detect-secrets[word_list])
General & Infrastructure	UNKNOWN STEP	2026-04-04T13:50:46.7539523Z #7 4.735   Downloading pyyaml-6.0.3-cp314-cp314-musllinux_1_2_x86_64.whl.metadata (2.4 kB)
General & Infrastructure	UNKNOWN STEP	2026-04-04T13:50:46.7540174Z #7 4.767 Collecting requests (from detect-secrets[word_list])
General & Infrastructure	UNKNOWN STEP	2026-04-04T13:50:46.9161421Z #7 4.769   Downloading requests-2.33.1-py3-none-any.whl.metadata (4.8 kB)
General & Infrastructure	UNKNOWN STEP	2026-04-04T13:50:46.9162609Z #7 4.795 Collecting pyahocorasick (from detect-secrets[word_list])
General & Infrastructure	UNKNOWN STEP	2026-04-04T13:50:46.9164275Z #7 4.798   Downloading pyahocorasick-2.3.0-cp314-cp314-musllinux_1_2_x86_64.whl.metadata (13 kB)
General & Infrastructure	UNKNOWN STEP	2026-04-04T13:50:46.9165671Z #7 4.929 Collecting charset_normalizer<4,>=2 (from requests->detect-secrets[word_list])
General & Infrastructure	UNKNOWN STEP	2026-04-04T13:50:47.0189950Z #7 4.933   Downloading charset_normalizer-3.4.7-cp314-cp314-musllinux_1_2_x86_64.whl.metadata (40 kB)
General & Infrastructure	UNKNOWN STEP	2026-04-04T13:50:47.0191048Z #7 4.957 Collecting idna<4,>=2.5 (from requests->detect-secrets[word_list])
General & Infrastructure	UNKNOWN STEP	2026-04-04T13:50:47.0191649Z #7 4.959   Downloading idna-3.11-py3-none-any.whl.metadata (8.4 kB)
General & Infrastructure	UNKNOWN STEP	2026-04-04T13:50:47.0192112Z #7 4.992 Collecting urllib3<3,>=1.26 (from requests->detect-secrets[word_list])
General & Infrastructure	UNKNOWN STEP	2026-04-04T13:50:47.0192575Z #7 4.995   Downloading urllib3-2.6.3-py3-none-any.whl.metadata (6.9 kB)
General & Infrastructure	UNKNOWN STEP	2026-04-04T13:50:47.0193410Z #7 5.020 Collecting certifi>=2023.5.7 (from requests->detect-secrets[word_list])
General & Infrastructure	UNKNOWN STEP	2026-04-04T13:50:47.0193908Z #7 5.023   Downloading certifi-2026.2.25-py3-none-any.whl.metadata (2.5 kB)
General & Infrastructure	UNKNOWN STEP	2026-04-04T13:50:47.0194363Z #7 5.032 Downloading detect_secrets-1.5.0-py3-none-any.whl (120 kB)
General & Infrastructure	UNKNOWN STEP	2026-04-04T13:50:47.1247523Z #7 5.042 Downloading pyahocorasick-2.3.0-cp314-cp314-musllinux_1_2_x86_64.whl (117 kB)
General & Infrastructure	UNKNOWN STEP	2026-04-04T13:50:47.1248511Z #7 5.050 Downloading pyyaml-6.0.3-cp314-cp314-musllinux_1_2_x86_64.whl (789 kB)
General & Infrastructure	UNKNOWN STEP	2026-04-04T13:50:47.1250313Z #7 5.061    ━━━━━━━━━━━━━━━━━━━━━━━━━━━━━━━━━━━━━━━━ 789.2/789.2 kB 88.6 MB/s  0:00:00
General & Infrastructure	UNKNOWN STEP	2026-04-04T13:50:47.1251010Z #7 5.063 Downloading requests-2.33.1-py3-none-any.whl (64 kB)
General & Infrastructure	UNKNOWN STEP	2026-04-04T13:50:47.1251933Z #7 5.069 Downloading charset_normalizer-3.4.7-cp314-cp314-musllinux_1_2_x86_64.whl (217 kB)
General & Infrastructure	UNKNOWN STEP	2026-04-04T13:50:47.1252931Z #7 5.082 Downloading idna-3.11-py3-none-any.whl (71 kB)
General & Infrastructure	UNKNOWN STEP	2026-04-04T13:50:47.1253673Z #7 5.087 Downloading urllib3-2.6.3-py3-none-any.whl (131 kB)
General & Infrastructure	UNKNOWN STEP	2026-04-04T13:50:47.1254378Z #7 5.093 Downloading certifi-2026.2.25-py3-none-any.whl (153 kB)
General & Infrastructure	UNKNOWN STEP	2026-04-04T13:50:47.1255569Z #7 5.138 Installing collected packages: urllib3, pyyaml, pyahocorasick, idna, charset_normalizer, certifi, requests, detect-secrets
General & Infrastructure	UNKNOWN STEP	2026-04-04T13:50:47.7768355Z #7 5.790 
General & Infrastructure	UNKNOWN STEP	2026-04-04T13:50:47.9705451Z #7 5.792 Successfully installed certifi-2026.2.25 charset_normalizer-3.4.7 detect-secrets-1.5.0 idna-3.11 pyahocorasick-2.3.0 pyyaml-6.0.3 requests-2.33.1 urllib3-2.6.3
General & Infrastructure	UNKNOWN STEP	2026-04-04T13:50:47.9717374Z #7 5.793 WARNING: Running pip as the 'root' user can result in broken permissions and conflicting behaviour with the system package manager, possibly rendering your system unusable. It is recommended to use a virtual environment instead: https://pip.pypa.io/warnings/venv. Use the --root-user-action option if you know what you are doing and want to suppress this warning.
General & Infrastructure	UNKNOWN STEP	2026-04-04T13:50:47.9719463Z #7 5.854 
General & Infrastructure	UNKNOWN STEP	2026-04-04T13:50:47.9719828Z #7 5.854 [notice] A new release of pip is available: 25.2 -> 26.0.1
General & Infrastructure	UNKNOWN STEP	2026-04-04T13:50:47.9720398Z #7 5.854 [notice] To update, run: pip install --upgrade pip
General & Infrastructure	UNKNOWN STEP	2026-04-04T13:50:47.9720842Z #7 DONE 6.0s
General & Infrastructure	UNKNOWN STEP	2026-04-04T13:50:48.1479563Z 
General & Infrastructure	UNKNOWN STEP	2026-04-04T13:50:48.1480777Z #8 [3/4] COPY baseline2rdf.py /usr/local/bin/baseline2rdf
General & Infrastructure	UNKNOWN STEP	2026-04-04T13:50:48.1481585Z #8 DONE 0.0s
General & Infrastructure	UNKNOWN STEP	2026-04-04T13:50:48.1481920Z 
General & Infrastructure	UNKNOWN STEP	2026-04-04T13:50:48.1482180Z #9 [4/4] COPY entrypoint.sh /entrypoint.sh
General & Infrastructure	UNKNOWN STEP	2026-04-04T13:50:48.1482615Z #9 DONE 0.0s
General & Infrastructure	UNKNOWN STEP	2026-04-04T13:50:48.1482795Z 
General & Infrastructure	UNKNOWN STEP	2026-04-04T13:50:48.1483073Z #10 exporting to image
General & Infrastructure	UNKNOWN STEP	2026-04-04T13:50:48.1483538Z #10 exporting layers
General & Infrastructure	UNKNOWN STEP	2026-04-04T13:50:48.7493742Z #10 exporting layers 0.8s done
General & Infrastructure	UNKNOWN STEP	2026-04-04T13:50:48.7677264Z #10 writing image sha256:b81168b6299ac6934a101228d448ccc1204197e2989b04e253cd33a9dba7ddf4 done
General & Infrastructure	UNKNOWN STEP	2026-04-04T13:50:48.7678471Z #10 naming to docker.io/library/10b22d:04607a4ea13948a1b5e42f439438a51f done
General & Infrastructure	UNKNOWN STEP	2026-04-04T13:50:48.7679481Z #10 DONE 0.8s
General & Infrastructure	UNKNOWN STEP	2026-04-04T13:50:48.7728126Z ##[endgroup]
General & Infrastructure	UNKNOWN STEP	2026-04-04T13:50:48.7739711Z ##[group]Build container for action use: '/home/runner/work/_actions/reviewdog/action-misspell/v1/Dockerfile'.
General & Infrastructure	UNKNOWN STEP	2026-04-04T13:50:48.7741616Z ##[command]/usr/bin/docker build -t 10b22d:e5cefc48902f4f5f99237f14f6c1b3ad -f "/home/runner/work/_actions/reviewdog/action-misspell/v1/Dockerfile" "/home/runner/work/_actions/reviewdog/action-misspell/v1"
General & Infrastructure	UNKNOWN STEP	2026-04-04T13:50:49.0292164Z #0 building with "default" instance using docker driver
General & Infrastructure	UNKNOWN STEP	2026-04-04T13:50:49.0292690Z 
General & Infrastructure	UNKNOWN STEP	2026-04-04T13:50:49.0292854Z #1 [internal] load build definition from Dockerfile
General & Infrastructure	UNKNOWN STEP	2026-04-04T13:50:49.0293259Z #1 transferring dockerfile: 649B done
General & Infrastructure	UNKNOWN STEP	2026-04-04T13:50:49.0293547Z #1 DONE 0.0s
General & Infrastructure	UNKNOWN STEP	2026-04-04T13:50:49.0293675Z 
General & Infrastructure	UNKNOWN STEP	2026-04-04T13:50:49.0293885Z #2 [internal] load metadata for docker.io/library/debian:bullseye-slim
General & Infrastructure	UNKNOWN STEP	2026-04-04T13:50:49.2485507Z #2 ...
General & Infrastructure	UNKNOWN STEP	2026-04-04T13:50:49.2485711Z 
General & Infrastructure	UNKNOWN STEP	2026-04-04T13:50:49.2486094Z #3 [auth] library/debian:pull token for registry-1.docker.io
General & Infrastructure	UNKNOWN STEP	2026-04-04T13:50:49.2486426Z #3 DONE 0.0s
General & Infrastructure	UNKNOWN STEP	2026-04-04T13:50:49.3988483Z 
General & Infrastructure	UNKNOWN STEP	2026-04-04T13:50:49.3988873Z #2 [internal] load metadata for docker.io/library/debian:bullseye-slim
General & Infrastructure	UNKNOWN STEP	2026-04-04T13:50:49.6045447Z #2 DONE 0.7s
General & Infrastructure	UNKNOWN STEP	2026-04-04T13:50:49.7208443Z 
General & Infrastructure	UNKNOWN STEP	2026-04-04T13:50:49.7209309Z #4 [internal] load .dockerignore
General & Infrastructure	UNKNOWN STEP	2026-04-04T13:50:49.7209872Z #4 transferring context: 2B done
General & Infrastructure	UNKNOWN STEP	2026-04-04T13:50:49.7210127Z #4 DONE 0.0s
General & Infrastructure	UNKNOWN STEP	2026-04-04T13:50:49.7210233Z 
General & Infrastructure	UNKNOWN STEP	2026-04-04T13:50:49.7210324Z #5 [internal] load build context
General & Infrastructure	UNKNOWN STEP	2026-04-04T13:50:49.7210574Z #5 transferring context: 1.18kB done
General & Infrastructure	UNKNOWN STEP	2026-04-04T13:50:49.7210818Z #5 DONE 0.0s
General & Infrastructure	UNKNOWN STEP	2026-04-04T13:50:49.7210919Z 
General & Infrastructure	UNKNOWN STEP	2026-04-04T13:50:49.7211321Z #6 [1/5] FROM docker.io/library/debian:bullseye-slim@sha256:95a3884fee36b8f33bf32a6bbffa8dffe6cab6089b841cec45fb47c581a2709d
General & Infrastructure	UNKNOWN STEP	2026-04-04T13:50:49.7212250Z #6 resolve docker.io/library/debian:bullseye-slim@sha256:95a3884fee36b8f33bf32a6bbffa8dffe6cab6089b841cec45fb47c581a2709d done
General & Infrastructure	UNKNOWN STEP	2026-04-04T13:50:49.7213053Z #6 sha256:95a3884fee36b8f33bf32a6bbffa8dffe6cab6089b841cec45fb47c581a2709d 4.54kB / 4.54kB done
General & Infrastructure	UNKNOWN STEP	2026-04-04T13:50:49.7213730Z #6 sha256:040964add8da2d945de53cd2b29aa3fd2aa402b6d6de437aca2edbeb9d1cf3f4 1.02kB / 1.02kB done
General & Infrastructure	UNKNOWN STEP	2026-04-04T13:50:49.7214385Z #6 sha256:fa549c2c1e9dc41640ca6b8cc341cb54b21800e7a8824ab3ee0765ed52b65bfb 453B / 453B done
General & Infrastructure	UNKNOWN STEP	2026-04-04T13:50:49.7215005Z #6 sha256:2def39ba61d018877eab029bb49f5312188fcf3f564be382981f921d932f625f 0B / 30.26MB 0.1s
General & Infrastructure	UNKNOWN STEP	2026-04-04T13:50:49.9098646Z #6 sha256:2def39ba61d018877eab029bb49f5312188fcf3f564be382981f921d932f625f 30.26MB / 30.26MB 0.2s done
General & Infrastructure	UNKNOWN STEP	2026-04-04T13:50:49.9099786Z #6 extracting sha256:2def39ba61d018877eab029bb49f5312188fcf3f564be382981f921d932f625f 0.1s
General & Infrastructure	UNKNOWN STEP	2026-04-04T13:50:51.0567385Z #6 extracting sha256:2def39ba61d018877eab029bb49f5312188fcf3f564be382981f921d932f625f 1.2s done
General & Infrastructure	UNKNOWN STEP	2026-04-04T13:50:51.2310990Z #6 DONE 1.5s
General & Infrastructure	UNKNOWN STEP	2026-04-04T13:50:51.2311175Z 
General & Infrastructure	UNKNOWN STEP	2026-04-04T13:50:51.2311907Z #7 [2/5] RUN apt-get update     && apt-get install -y --no-install-recommends         ca-certificates         git         wget     && apt-get clean     && rm -rf /var/lib/apt/lists/*
General & Infrastructure	UNKNOWN STEP	2026-04-04T13:50:51.2844511Z #7 0.204 Get:1 http://deb.debian.org/debian bullseye InRelease [75.1 kB]
General & Infrastructure	UNKNOWN STEP	2026-04-04T13:50:51.4557953Z #7 0.212 Get:2 http://deb.debian.org/debian-security bullseye-security InRelease [27.2 kB]
General & Infrastructure	UNKNOWN STEP	2026-04-04T13:50:51.4558948Z #7 0.212 Get:3 http://deb.debian.org/debian bullseye-updates InRelease [44.0 kB]
General & Infrastructure	UNKNOWN STEP	2026-04-04T13:50:51.4560731Z #7 0.294 Get:4 http://deb.debian.org/debian bullseye/main amd64 Packages [8066 kB]
General & Infrastructure	UNKNOWN STEP	2026-04-04T13:50:51.4562123Z #7 0.375 Get:5 http://deb.debian.org/debian-security bullseye-security/main amd64 Packages [446 kB]
General & Infrastructure	UNKNOWN STEP	2026-04-04T13:50:51.6852895Z #7 0.454 Get:6 http://deb.debian.org/debian bullseye-updates/main amd64 Packages [18.8 kB]
General & Infrastructure	UNKNOWN STEP	2026-04-04T13:50:52.2690367Z #7 1.189 Fetched 8677 kB in 1s (8244 kB/s)
General & Infrastructure	UNKNOWN STEP	2026-04-04T13:50:52.6075166Z #7 1.189 Reading package lists...
General & Infrastructure	UNKNOWN STEP	2026-04-04T13:50:52.9649286Z #7 1.545 Reading package lists...
General & Infrastructure	UNKNOWN STEP	2026-04-04T13:50:53.1349314Z #7 1.893 Building dependency tree...
General & Infrastructure	UNKNOWN STEP	2026-04-04T13:50:53.1349870Z #7 1.973 Reading state information...
General & Infrastructure	UNKNOWN STEP	2026-04-04T13:50:53.1351117Z #7 2.054 The following additional packages will be installed:
General & Infrastructure	UNKNOWN STEP	2026-04-04T13:50:53.1351962Z #7 2.054   git-man libbrotli1 libcurl3-gnutls liberror-perl libexpat1 libgdbm-compat4
General & Infrastructure	UNKNOWN STEP	2026-04-04T13:50:53.2487075Z #7 2.054   libgdbm6 libldap-2.4-2 libnghttp2-14 libperl5.32 libpsl5 librtmp1 libsasl2-2
General & Infrastructure	UNKNOWN STEP	2026-04-04T13:50:53.2488363Z #7 2.055   libsasl2-modules-db libssh2-1 openssl perl perl-modules-5.32
General & Infrastructure	UNKNOWN STEP	2026-04-04T13:50:53.2488742Z #7 2.055 Suggested packages:
General & Infrastructure	UNKNOWN STEP	2026-04-04T13:50:53.2489142Z #7 2.055   gettext-base git-daemon-run | git-daemon-sysvinit git-doc git-el git-email
General & Infrastructure	UNKNOWN STEP	2026-04-04T13:50:53.2489704Z #7 2.055   git-gui gitk gitweb git-cvs git-mediawiki git-svn gdbm-l10n sensible-utils
General & Infrastructure	UNKNOWN STEP	2026-04-04T13:50:53.2490239Z #7 2.055   perl-doc libterm-readline-gnu-perl | libterm-readline-perl-perl make
General & Infrastructure	UNKNOWN STEP	2026-04-04T13:50:53.2490652Z #7 2.055   libtap-harness-archive-perl
General & Infrastructure	UNKNOWN STEP	2026-04-04T13:50:53.2490910Z #7 2.055 Recommended packages:
General & Infrastructure	UNKNOWN STEP	2026-04-04T13:50:53.2491290Z #7 2.055   patch less ssh-client libldap-common publicsuffix libsasl2-modules netbase
General & Infrastructure	UNKNOWN STEP	2026-04-04T13:50:53.2491734Z #7 2.118 The following NEW packages will be installed:
General & Infrastructure	UNKNOWN STEP	2026-04-04T13:50:53.2492150Z #7 2.118   ca-certificates git git-man libbrotli1 libcurl3-gnutls liberror-perl
General & Infrastructure	UNKNOWN STEP	2026-04-04T13:50:53.2492674Z #7 2.118   libexpat1 libgdbm-compat4 libgdbm6 libldap-2.4-2 libnghttp2-14 libperl5.32
General & Infrastructure	UNKNOWN STEP	2026-04-04T13:50:53.2493214Z #7 2.119   libpsl5 librtmp1 libsasl2-2 libsasl2-modules-db libssh2-1 openssl perl
General & Infrastructure	UNKNOWN STEP	2026-04-04T13:50:53.2493619Z #7 2.119   perl-modules-5.32 wget
General & Infrastructure	UNKNOWN STEP	2026-04-04T13:50:53.2493939Z #7 2.136 0 upgraded, 21 newly installed, 0 to remove and 0 not upgraded.
General & Infrastructure	UNKNOWN STEP	2026-04-04T13:50:53.2494294Z #7 2.136 Need to get 18.3 MB of archives.
General & Infrastructure	UNKNOWN STEP	2026-04-04T13:50:53.2494649Z #7 2.136 After this operation, 94.5 MB of additional disk space will be used.
General & Infrastructure	UNKNOWN STEP	2026-04-04T13:50:53.2495355Z #7 2.136 Get:1 http://deb.debian.org/debian-security bullseye-security/main amd64 perl-modules-5.32 all 5.32.1-4+deb11u4 [2824 kB]
General & Infrastructure	UNKNOWN STEP	2026-04-04T13:50:53.2496271Z #7 2.150 Get:2 http://deb.debian.org/debian bullseye/main amd64 libgdbm6 amd64 1.19-2 [64.9 kB]
General & Infrastructure	UNKNOWN STEP	2026-04-04T13:50:53.2496895Z #7 2.151 Get:3 http://deb.debian.org/debian bullseye/main amd64 libgdbm-compat4 amd64 1.19-2 [44.7 kB]
General & Infrastructure	UNKNOWN STEP	2026-04-04T13:50:53.2497640Z #7 2.152 Get:4 http://deb.debian.org/debian-security bullseye-security/main amd64 libperl5.32 amd64 5.32.1-4+deb11u4 [4132 kB]
General & Infrastructure	UNKNOWN STEP	2026-04-04T13:50:53.2498607Z #7 2.168 Get:5 http://deb.debian.org/debian-security bullseye-security/main amd64 perl amd64 5.32.1-4+deb11u4 [293 kB]
General & Infrastructure	UNKNOWN STEP	2026-04-04T13:50:53.3848368Z #7 2.170 Get:6 http://deb.debian.org/debian-security bullseye-security/main amd64 openssl amd64 1.1.1w-0+deb11u5 [859 kB]
General & Infrastructure	UNKNOWN STEP	2026-04-04T13:50:53.3850117Z #7 2.174 Get:7 http://deb.debian.org/debian-security bullseye-security/main amd64 ca-certificates all 20230311+deb12u1~deb11u1 [169 kB]
General & Infrastructure	UNKNOWN STEP	2026-04-04T13:50:53.3851158Z #7 2.175 Get:8 http://deb.debian.org/debian bullseye/main amd64 libpsl5 amd64 0.21.0-1.2 [57.3 kB]
General & Infrastructure	UNKNOWN STEP	2026-04-04T13:50:53.3851958Z #7 2.177 Get:9 http://deb.debian.org/debian-security bullseye-security/main amd64 wget amd64 1.21-1+deb11u2 [964 kB]
General & Infrastructure	UNKNOWN STEP	2026-04-04T13:50:53.3852734Z #7 2.183 Get:10 http://deb.debian.org/debian bullseye/main amd64 libbrotli1 amd64 1.0.9-2+b2 [279 kB]
General & Infrastructure	UNKNOWN STEP	2026-04-04T13:50:53.3853513Z #7 2.185 Get:11 http://deb.debian.org/debian bullseye/main amd64 libsasl2-modules-db amd64 2.1.27+dfsg-2.1+deb11u1 [69.1 kB]
General & Infrastructure	UNKNOWN STEP	2026-04-04T13:50:53.3854354Z #7 2.186 Get:12 http://deb.debian.org/debian bullseye/main amd64 libsasl2-2 amd64 2.1.27+dfsg-2.1+deb11u1 [106 kB]
General & Infrastructure	UNKNOWN STEP	2026-04-04T13:50:53.3855135Z #7 2.187 Get:13 http://deb.debian.org/debian bullseye/main amd64 libldap-2.4-2 amd64 2.4.57+dfsg-3+deb11u1 [232 kB]
General & Infrastructure	UNKNOWN STEP	2026-04-04T13:50:53.3856304Z #7 2.188 Get:14 http://deb.debian.org/debian-security bullseye-security/main amd64 libnghttp2-14 amd64 1.43.0-1+deb11u2 [77.0 kB]
General & Infrastructure	UNKNOWN STEP	2026-04-04T13:50:53.3857188Z #7 2.189 Get:15 http://deb.debian.org/debian bullseye/main amd64 librtmp1 amd64 2.4+20151223.gitfa8646d.1-2+b2 [60.8 kB]
General & Infrastructure	UNKNOWN STEP	2026-04-04T13:50:53.3858212Z #7 2.189 Get:16 http://deb.debian.org/debian bullseye/main amd64 libssh2-1 amd64 1.9.0-2+deb11u1 [156 kB]
General & Infrastructure	UNKNOWN STEP	2026-04-04T13:50:53.3859452Z #7 2.190 Get:17 http://deb.debian.org/debian-security bullseye-security/main amd64 libcurl3-gnutls amd64 7.74.0-1.3+deb11u16 [344 kB]
General & Infrastructure	UNKNOWN STEP	2026-04-04T13:50:53.3860734Z #7 2.192 Get:18 http://deb.debian.org/debian-security bullseye-security/main amd64 libexpat1 amd64 2.2.10-2+deb11u7 [99.2 kB]
General & Infrastructure	UNKNOWN STEP	2026-04-04T13:50:53.3861668Z #7 2.193 Get:19 http://deb.debian.org/debian bullseye/main amd64 liberror-perl all 0.17029-1 [31.0 kB]
General & Infrastructure	UNKNOWN STEP	2026-04-04T13:50:53.3862361Z #7 2.196 Get:20 http://deb.debian.org/debian-security bullseye-security/main amd64 git-man all 1:2.30.2-1+deb11u5 [1831 kB]
General & Infrastructure	UNKNOWN STEP	2026-04-04T13:50:53.3863118Z #7 2.201 Get:21 http://deb.debian.org/debian-security bullseye-security/main amd64 git amd64 1:2.30.2-1+deb11u5 [5568 kB]
General & Infrastructure	UNKNOWN STEP	2026-04-04T13:50:53.3863735Z #7 2.304 debconf: delaying package configuration, since apt-utils is not installed
General & Infrastructure	UNKNOWN STEP	2026-04-04T13:50:53.5723557Z #7 2.322 Fetched 18.3 MB in 0s (178 MB/s)
General & Infrastructure	UNKNOWN STEP	2026-04-04T13:50:53.5724259Z #7 2.333 Selecting previously unselected package perl-modules-5.32.
General & Infrastructure	UNKNOWN STEP	2026-04-04T13:50:53.5726851Z #7 2.333 (Reading database ... 
General & Infrastructure	UNKNOWN STEP	2026-04-04T13:50:53.5727285Z (Reading database ... 5%
General & Infrastructure	UNKNOWN STEP	2026-04-04T13:50:53.5727645Z (Reading database ... 10%
General & Infrastructure	UNKNOWN STEP	2026-04-04T13:50:53.5728006Z (Reading database ... 15%
General & Infrastructure	UNKNOWN STEP	2026-04-04T13:50:53.5728379Z (Reading database ... 20%
General & Infrastructure	UNKNOWN STEP	2026-04-04T13:50:53.5728730Z (Reading database ... 25%
General & Infrastructure	UNKNOWN STEP	2026-04-04T13:50:53.5729105Z (Reading database ... 30%
General & Infrastructure	UNKNOWN STEP	2026-04-04T13:50:53.5729449Z (Reading database ... 35%
General & Infrastructure	UNKNOWN STEP	2026-04-04T13:50:53.5729787Z (Reading database ... 40%
General & Infrastructure	UNKNOWN STEP	2026-04-04T13:50:53.5730134Z (Reading database ... 45%
General & Infrastructure	UNKNOWN STEP	2026-04-04T13:50:53.5730469Z (Reading database ... 50%
General & Infrastructure	UNKNOWN STEP	2026-04-04T13:50:53.5730813Z (Reading database ... 55%
General & Infrastructure	UNKNOWN STEP	2026-04-04T13:50:53.5731148Z (Reading database ... 60%
General & Infrastructure	UNKNOWN STEP	2026-04-04T13:50:53.5731490Z (Reading database ... 65%
General & Infrastructure	UNKNOWN STEP	2026-04-04T13:50:53.5731822Z (Reading database ... 70%
General & Infrastructure	UNKNOWN STEP	2026-04-04T13:50:53.5732161Z (Reading database ... 75%
General & Infrastructure	UNKNOWN STEP	2026-04-04T13:50:53.5732501Z (Reading database ... 80%
General & Infrastructure	UNKNOWN STEP	2026-04-04T13:50:53.5732852Z (Reading database ... 85%
General & Infrastructure	UNKNOWN STEP	2026-04-04T13:50:53.5733197Z (Reading database ... 90%
General & Infrastructure	UNKNOWN STEP	2026-04-04T13:50:53.5733533Z (Reading database ... 95%
General & Infrastructure	UNKNOWN STEP	2026-04-04T13:50:53.5733876Z (Reading database ... 100%
General & Infrastructure	UNKNOWN STEP	2026-04-04T13:50:53.5734397Z (Reading database ... 6673 files and directories currently installed.)
General & Infrastructure	UNKNOWN STEP	2026-04-04T13:50:53.5735239Z #7 2.341 Preparing to unpack .../00-perl-modules-5.32_5.32.1-4+deb11u4_all.deb ...
General & Infrastructure	UNKNOWN STEP	2026-04-04T13:50:53.5736178Z #7 2.342 Unpacking perl-modules-5.32 (5.32.1-4+deb11u4) ...
General & Infrastructure	UNKNOWN STEP	2026-04-04T13:50:53.7288199Z #7 2.648 Selecting previously unselected package libgdbm6:amd64.
General & Infrastructure	UNKNOWN STEP	2026-04-04T13:50:53.9217982Z #7 2.651 Preparing to unpack .../01-libgdbm6_1.19-2_amd64.deb ...
General & Infrastructure	UNKNOWN STEP	2026-04-04T13:50:53.9218606Z #7 2.652 Unpacking libgdbm6:amd64 (1.19-2) ...
General & Infrastructure	UNKNOWN STEP	2026-04-04T13:50:53.9219169Z #7 2.668 Selecting previously unselected package libgdbm-compat4:amd64.
General & Infrastructure	UNKNOWN STEP	2026-04-04T13:50:53.9219853Z #7 2.670 Preparing to unpack .../02-libgdbm-compat4_1.19-2_amd64.deb ...
General & Infrastructure	UNKNOWN STEP	2026-04-04T13:50:53.9220459Z #7 2.671 Unpacking libgdbm-compat4:amd64 (1.19-2) ...
General & Infrastructure	UNKNOWN STEP	2026-04-04T13:50:53.9220981Z #7 2.688 Selecting previously unselected package libperl5.32:amd64.
General & Infrastructure	UNKNOWN STEP	2026-04-04T13:50:53.9221498Z #7 2.690 Preparing to unpack .../03-libperl5.32_5.32.1-4+deb11u4_amd64.deb ...
General & Infrastructure	UNKNOWN STEP	2026-04-04T13:50:53.9221953Z #7 2.691 Unpacking libperl5.32:amd64 (5.32.1-4+deb11u4) ...
General & Infrastructure	UNKNOWN STEP	2026-04-04T13:50:54.1241887Z #7 3.044 Selecting previously unselected package perl.
General & Infrastructure	UNKNOWN STEP	2026-04-04T13:50:54.2247676Z #7 3.046 Preparing to unpack .../04-perl_5.32.1-4+deb11u4_amd64.deb ...
General & Infrastructure	UNKNOWN STEP	2026-04-04T13:50:54.2248393Z #7 3.051 Unpacking perl (5.32.1-4+deb11u4) ...
General & Infrastructure	UNKNOWN STEP	2026-04-04T13:50:54.2248866Z #7 3.083 Selecting previously unselected package openssl.
General & Infrastructure	UNKNOWN STEP	2026-04-04T13:50:54.2249396Z #7 3.085 Preparing to unpack .../05-openssl_1.1.1w-0+deb11u5_amd64.deb ...
General & Infrastructure	UNKNOWN STEP	2026-04-04T13:50:54.2249764Z #7 3.086 Unpacking openssl (1.1.1w-0+deb11u5) ...
General & Infrastructure	UNKNOWN STEP	2026-04-04T13:50:54.2250331Z #7 3.142 Selecting previously unselected package ca-certificates.
General & Infrastructure	UNKNOWN STEP	2026-04-04T13:50:54.2251416Z #7 3.144 Preparing to unpack .../06-ca-certificates_20230311+deb12u1~deb11u1_all.deb ...
General & Infrastructure	UNKNOWN STEP	2026-04-04T13:50:54.3404467Z #7 3.145 Unpacking ca-certificates (20230311+deb12u1~deb11u1) ...
General & Infrastructure	UNKNOWN STEP	2026-04-04T13:50:54.3405213Z #7 3.181 Selecting previously unselected package libpsl5:amd64.
General & Infrastructure	UNKNOWN STEP	2026-04-04T13:50:54.3406138Z #7 3.183 Preparing to unpack .../07-libpsl5_0.21.0-1.2_amd64.deb ...
General & Infrastructure	UNKNOWN STEP	2026-04-04T13:50:54.3407082Z #7 3.184 Unpacking libpsl5:amd64 (0.21.0-1.2) ...
General & Infrastructure	UNKNOWN STEP	2026-04-04T13:50:54.3407618Z #7 3.198 Selecting previously unselected package wget.
General & Infrastructure	UNKNOWN STEP	2026-04-04T13:50:54.3408239Z #7 3.200 Preparing to unpack .../08-wget_1.21-1+deb11u2_amd64.deb ...
General & Infrastructure	UNKNOWN STEP	2026-04-04T13:50:54.3408825Z #7 3.201 Unpacking wget (1.21-1+deb11u2) ...
General & Infrastructure	UNKNOWN STEP	2026-04-04T13:50:54.3409389Z #7 3.260 Selecting previously unselected package libbrotli1:amd64.
General & Infrastructure	UNKNOWN STEP	2026-04-04T13:50:54.4437683Z #7 3.262 Preparing to unpack .../09-libbrotli1_1.0.9-2+b2_amd64.deb ...
General & Infrastructure	UNKNOWN STEP	2026-04-04T13:50:54.4438384Z #7 3.263 Unpacking libbrotli1:amd64 (1.0.9-2+b2) ...
General & Infrastructure	UNKNOWN STEP	2026-04-04T13:50:54.4439098Z #7 3.293 Selecting previously unselected package libsasl2-modules-db:amd64.
General & Infrastructure	UNKNOWN STEP	2026-04-04T13:50:54.4440047Z #7 3.295 Preparing to unpack .../10-libsasl2-modules-db_2.1.27+dfsg-2.1+deb11u1_amd64.deb ...
General & Infrastructure	UNKNOWN STEP	2026-04-04T13:50:54.4440965Z #7 3.296 Unpacking libsasl2-modules-db:amd64 (2.1.27+dfsg-2.1+deb11u1) ...
General & Infrastructure	UNKNOWN STEP	2026-04-04T13:50:54.4441767Z #7 3.311 Selecting previously unselected package libsasl2-2:amd64.
General & Infrastructure	UNKNOWN STEP	2026-04-04T13:50:54.4442520Z #7 3.313 Preparing to unpack .../11-libsasl2-2_2.1.27+dfsg-2.1+deb11u1_amd64.deb ...
General & Infrastructure	UNKNOWN STEP	2026-04-04T13:50:54.4443267Z #7 3.314 Unpacking libsasl2-2:amd64 (2.1.27+dfsg-2.1+deb11u1) ...
General & Infrastructure	UNKNOWN STEP	2026-04-04T13:50:54.4443951Z #7 3.332 Selecting previously unselected package libldap-2.4-2:amd64.
General & Infrastructure	UNKNOWN STEP	2026-04-04T13:50:54.4444726Z #7 3.334 Preparing to unpack .../12-libldap-2.4-2_2.4.57+dfsg-3+deb11u1_amd64.deb ...
General & Infrastructure	UNKNOWN STEP	2026-04-04T13:50:54.4445464Z #7 3.335 Unpacking libldap-2.4-2:amd64 (2.4.57+dfsg-3+deb11u1) ...
General & Infrastructure	UNKNOWN STEP	2026-04-04T13:50:54.4446346Z #7 3.363 Selecting previously unselected package libnghttp2-14:amd64.
General & Infrastructure	UNKNOWN STEP	2026-04-04T13:50:54.5439294Z #7 3.365 Preparing to unpack .../13-libnghttp2-14_1.43.0-1+deb11u2_amd64.deb ...
General & Infrastructure	UNKNOWN STEP	2026-04-04T13:50:54.5440616Z #7 3.366 Unpacking libnghttp2-14:amd64 (1.43.0-1+deb11u2) ...
General & Infrastructure	UNKNOWN STEP	2026-04-04T13:50:54.5441261Z #7 3.384 Selecting previously unselected package librtmp1:amd64.
General & Infrastructure	UNKNOWN STEP	2026-04-04T13:50:54.5442009Z #7 3.386 Preparing to unpack .../14-librtmp1_2.4+20151223.gitfa8646d.1-2+b2_amd64.deb ...
General & Infrastructure	UNKNOWN STEP	2026-04-04T13:50:54.5442950Z #7 3.387 Unpacking librtmp1:amd64 (2.4+20151223.gitfa8646d.1-2+b2) ...
General & Infrastructure	UNKNOWN STEP	2026-04-04T13:50:54.5443728Z #7 3.402 Selecting previously unselected package libssh2-1:amd64.
General & Infrastructure	UNKNOWN STEP	2026-04-04T13:50:54.5444455Z #7 3.404 Preparing to unpack .../15-libssh2-1_1.9.0-2+deb11u1_amd64.deb ...
General & Infrastructure	UNKNOWN STEP	2026-04-04T13:50:54.5445170Z #7 3.405 Unpacking libssh2-1:amd64 (1.9.0-2+deb11u1) ...
General & Infrastructure	UNKNOWN STEP	2026-04-04T13:50:54.5446144Z #7 3.426 Selecting previously unselected package libcurl3-gnutls:amd64.
General & Infrastructure	UNKNOWN STEP	2026-04-04T13:50:54.5447082Z #7 3.428 Preparing to unpack .../16-libcurl3-gnutls_7.74.0-1.3+deb11u16_amd64.deb ...
General & Infrastructure	UNKNOWN STEP	2026-04-04T13:50:54.5447972Z #7 3.428 Unpacking libcurl3-gnutls:amd64 (7.74.0-1.3+deb11u16) ...
General & Infrastructure	UNKNOWN STEP	2026-04-04T13:50:54.5448709Z #7 3.462 Selecting previously unselected package libexpat1:amd64.
General & Infrastructure	UNKNOWN STEP	2026-04-04T13:50:54.5449500Z #7 3.464 Preparing to unpack .../17-libexpat1_2.2.10-2+deb11u7_amd64.deb ...
General & Infrastructure	UNKNOWN STEP	2026-04-04T13:50:54.6726845Z #7 3.465 Unpacking libexpat1:amd64 (2.2.10-2+deb11u7) ...
General & Infrastructure	UNKNOWN STEP	2026-04-04T13:50:54.6727320Z #7 3.482 Selecting previously unselected package liberror-perl.
General & Infrastructure	UNKNOWN STEP	2026-04-04T13:50:54.6727758Z #7 3.484 Preparing to unpack .../18-liberror-perl_0.17029-1_all.deb ...
General & Infrastructure	UNKNOWN STEP	2026-04-04T13:50:54.6728117Z #7 3.485 Unpacking liberror-perl (0.17029-1) ...
General & Infrastructure	UNKNOWN STEP	2026-04-04T13:50:54.6728452Z #7 3.497 Selecting previously unselected package git-man.
General & Infrastructure	UNKNOWN STEP	2026-04-04T13:50:54.6728839Z #7 3.499 Preparing to unpack .../19-git-man_1%3a2.30.2-1+deb11u5_all.deb ...
General & Infrastructure	UNKNOWN STEP	2026-04-04T13:50:54.6729226Z #7 3.500 Unpacking git-man (1:2.30.2-1+deb11u5) ...
General & Infrastructure	UNKNOWN STEP	2026-04-04T13:50:54.6729536Z #7 3.592 Selecting previously unselected package git.
General & Infrastructure	UNKNOWN STEP	2026-04-04T13:50:54.8383758Z #7 3.594 Preparing to unpack .../20-git_1%3a2.30.2-1+deb11u5_amd64.deb ...
General & Infrastructure	UNKNOWN STEP	2026-04-04T13:50:54.8384350Z #7 3.607 Unpacking git (1:2.30.2-1+deb11u5) ...
General & Infrastructure	UNKNOWN STEP	2026-04-04T13:50:55.0877351Z #7 4.007 Setting up libexpat1:amd64 (2.2.10-2+deb11u7) ...
General & Infrastructure	UNKNOWN STEP	2026-04-04T13:50:55.1907720Z #7 4.010 Setting up libpsl5:amd64 (0.21.0-1.2) ...
General & Infrastructure	UNKNOWN STEP	2026-04-04T13:50:55.1908796Z #7 4.012 Setting up wget (1.21-1+deb11u2) ...
General & Infrastructure	UNKNOWN STEP	2026-04-04T13:50:55.1909278Z #7 4.015 Setting up perl-modules-5.32 (5.32.1-4+deb11u4) ...
General & Infrastructure	UNKNOWN STEP	2026-04-04T13:50:55.1909790Z #7 4.017 Setting up libbrotli1:amd64 (1.0.9-2+b2) ...
General & Infrastructure	UNKNOWN STEP	2026-04-04T13:50:55.1910336Z #7 4.022 Setting up libnghttp2-14:amd64 (1.43.0-1+deb11u2) ...
General & Infrastructure	UNKNOWN STEP	2026-04-04T13:50:55.1910970Z #7 4.024 Setting up libsasl2-modules-db:amd64 (2.1.27+dfsg-2.1+deb11u1) ...
General & Infrastructure	UNKNOWN STEP	2026-04-04T13:50:55.1911645Z #7 4.027 Setting up librtmp1:amd64 (2.4+20151223.gitfa8646d.1-2+b2) ...
General & Infrastructure	UNKNOWN STEP	2026-04-04T13:50:55.1912120Z #7 4.029 Setting up libsasl2-2:amd64 (2.1.27+dfsg-2.1+deb11u1) ...
General & Infrastructure	UNKNOWN STEP	2026-04-04T13:50:55.1912518Z #7 4.031 Setting up git-man (1:2.30.2-1+deb11u5) ...
General & Infrastructure	UNKNOWN STEP	2026-04-04T13:50:55.1912876Z #7 4.033 Setting up libssh2-1:amd64 (1.9.0-2+deb11u1) ...
General & Infrastructure	UNKNOWN STEP	2026-04-04T13:50:55.1913230Z #7 4.036 Setting up openssl (1.1.1w-0+deb11u5) ...
General & Infrastructure	UNKNOWN STEP	2026-04-04T13:50:55.1913545Z #7 4.040 Setting up libgdbm6:amd64 (1.19-2) ...
General & Infrastructure	UNKNOWN STEP	2026-04-04T13:50:55.1913914Z #7 4.042 Setting up libldap-2.4-2:amd64 (2.4.57+dfsg-3+deb11u1) ...
General & Infrastructure	UNKNOWN STEP	2026-04-04T13:50:55.1914356Z #7 4.045 Setting up libcurl3-gnutls:amd64 (7.74.0-1.3+deb11u16) ...
General & Infrastructure	UNKNOWN STEP	2026-04-04T13:50:55.1914779Z #7 4.047 Setting up ca-certificates (20230311+deb12u1~deb11u1) ...
General & Infrastructure	UNKNOWN STEP	2026-04-04T13:50:55.1915170Z #7 4.110 debconf: unable to initialize frontend: Dialog
General & Infrastructure	UNKNOWN STEP	2026-04-04T13:50:55.1915536Z #7 4.110 debconf: (TERM is not set, so the dialog frontend is not usable.)
General & Infrastructure	UNKNOWN STEP	2026-04-04T13:50:55.1916095Z #7 4.110 debconf: falling back to frontend: Readline
General & Infrastructure	UNKNOWN STEP	2026-04-04T13:50:55.5462742Z #7 4.466 Updating certificates in /etc/ssl/certs...
General & Infrastructure	UNKNOWN STEP	2026-04-04T13:50:56.0506449Z #7 4.970 142 added, 0 removed; done.
General & Infrastructure	UNKNOWN STEP	2026-04-04T13:50:56.2647863Z #7 4.985 Setting up libgdbm-compat4:amd64 (1.19-2) ...
General & Infrastructure	UNKNOWN STEP	2026-04-04T13:50:56.2648303Z #7 4.988 Setting up libperl5.32:amd64 (5.32.1-4+deb11u4) ...
General & Infrastructure	UNKNOWN STEP	2026-04-04T13:50:56.2648648Z #7 4.990 Setting up perl (5.32.1-4+deb11u4) ...
General & Infrastructure	UNKNOWN STEP	2026-04-04T13:50:56.2648950Z #7 4.999 Setting up liberror-perl (0.17029-1) ...
General & Infrastructure	UNKNOWN STEP	2026-04-04T13:50:56.2649410Z #7 5.001 Setting up git (1:2.30.2-1+deb11u5) ...
General & Infrastructure	UNKNOWN STEP	2026-04-04T13:50:56.2649989Z #7 5.021 Processing triggers for libc-bin (2.31-13+deb11u13) ...
General & Infrastructure	UNKNOWN STEP	2026-04-04T13:50:56.2650744Z #7 5.030 Processing triggers for ca-certificates (20230311+deb12u1~deb11u1) ...
General & Infrastructure	UNKNOWN STEP	2026-04-04T13:50:56.2651460Z #7 5.034 Updating certificates in /etc/ssl/certs...
General & Infrastructure	UNKNOWN STEP	2026-04-04T13:50:56.5264763Z #7 5.446 0 added, 0 removed; done.
General & Infrastructure	UNKNOWN STEP	2026-04-04T13:50:56.5265215Z #7 5.446 Running hooks in /etc/ca-certificates/update.d...
General & Infrastructure	UNKNOWN STEP	2026-04-04T13:50:56.6779505Z #7 5.447 done.
General & Infrastructure	UNKNOWN STEP	2026-04-04T13:50:56.7139821Z #7 DONE 5.6s
General & Infrastructure	UNKNOWN STEP	2026-04-04T13:50:56.8633067Z 
General & Infrastructure	UNKNOWN STEP	2026-04-04T13:50:56.8634962Z #8 [3/5] RUN wget -O - -q https://raw.githubusercontent.com/reviewdog/reviewdog/fd59714416d6d9a1c0692d872e38e7f8448df4fc/install.sh| sh -s -- -b /usr/local/bin/ v0.21.0
General & Infrastructure	UNKNOWN STEP	2026-04-04T13:50:56.8636874Z #8 0.149 reviewdog/reviewdog info checking GitHub for tag 'v0.21.0'
General & Infrastructure	UNKNOWN STEP	2026-04-04T13:50:57.0256365Z #8 0.311 reviewdog/reviewdog info found version: 0.21.0 for v0.21.0/Linux/x86_64
General & Infrastructure	UNKNOWN STEP	2026-04-04T13:50:57.4536485Z #8 0.739 reviewdog/reviewdog info installed /usr/local/bin//reviewdog
General & Infrastructure	UNKNOWN STEP	2026-04-04T13:50:57.6162767Z #8 DONE 0.7s
General & Infrastructure	UNKNOWN STEP	2026-04-04T13:50:57.6162944Z 
General & Infrastructure	UNKNOWN STEP	2026-04-04T13:50:57.6163444Z #9 [4/5] RUN wget -O - -q https://raw.githubusercontent.com/golangci/misspell/master/install-misspell.sh | sh -s -- -b /usr/local/bin/
General & Infrastructure	UNKNOWN STEP	2026-04-04T13:50:57.7928022Z #9 0.328 golangci/misspell info checking GitHub for latest tag
General & Infrastructure	UNKNOWN STEP	2026-04-04T13:50:58.2630140Z #9 0.798 golangci/misspell info found version: 0.8.0 for v0.8.0/linux/amd64
General & Infrastructure	UNKNOWN STEP	2026-04-04T13:51:20.9779162Z #9 23.51 golangci/misspell info installed /usr/local/bin//misspell
General & Infrastructure	UNKNOWN STEP	2026-04-04T13:51:21.1655242Z #9 DONE 23.5s
General & Infrastructure	UNKNOWN STEP	2026-04-04T13:51:21.1657684Z 
General & Infrastructure	UNKNOWN STEP	2026-04-04T13:51:21.1657893Z #10 [5/5] COPY entrypoint.sh /entrypoint.sh
General & Infrastructure	UNKNOWN STEP	2026-04-04T13:51:21.1659067Z #10 DONE 0.0s
General & Infrastructure	UNKNOWN STEP	2026-04-04T13:51:21.1659281Z 
General & Infrastructure	UNKNOWN STEP	2026-04-04T13:51:21.1659417Z #11 exporting to image
General & Infrastructure	UNKNOWN STEP	2026-04-04T13:51:21.1659742Z #11 exporting layers
General & Infrastructure	UNKNOWN STEP	2026-04-04T13:51:22.0118898Z #11 exporting layers 1.0s done
General & Infrastructure	UNKNOWN STEP	2026-04-04T13:51:22.0270605Z #11 writing image sha256:c6c7d1ecd7ca966b192b29bf491f3238634ee2d8b26613ca4681f494ae7da28f done
General & Infrastructure	UNKNOWN STEP	2026-04-04T13:51:22.0272163Z #11 naming to docker.io/library/10b22d:e5cefc48902f4f5f99237f14f6c1b3ad done
General & Infrastructure	UNKNOWN STEP	2026-04-04T13:51:22.0272882Z #11 DONE 1.0s
General & Infrastructure	UNKNOWN STEP	2026-04-04T13:51:22.0317730Z ##[endgroup]
General & Infrastructure	UNKNOWN STEP	2026-04-04T13:51:22.0611584Z ##[group]Run actions/checkout@v4
General & Infrastructure	UNKNOWN STEP	2026-04-04T13:51:22.0612131Z with:
General & Infrastructure	UNKNOWN STEP	2026-04-04T13:51:22.0612303Z   fetch-depth: 0
General & Infrastructure	UNKNOWN STEP	2026-04-04T13:51:22.0612511Z   repository: fkcurrie/utba-swarmmap
General & Infrastructure	UNKNOWN STEP	2026-04-04T13:51:22.0612913Z   token: ***
General & Infrastructure	UNKNOWN STEP	2026-04-04T13:51:22.0613105Z   ssh-strict: true
General & Infrastructure	UNKNOWN STEP	2026-04-04T13:51:22.0613276Z   ssh-user: git
General & Infrastructure	UNKNOWN STEP	2026-04-04T13:51:22.0613458Z   persist-credentials: true
General & Infrastructure	UNKNOWN STEP	2026-04-04T13:51:22.0613668Z   clean: true
General & Infrastructure	UNKNOWN STEP	2026-04-04T13:51:22.0613852Z   sparse-checkout-cone-mode: true
General & Infrastructure	UNKNOWN STEP	2026-04-04T13:51:22.0614082Z   fetch-tags: false
General & Infrastructure	UNKNOWN STEP	2026-04-04T13:51:22.0614256Z   show-progress: true
General & Infrastructure	UNKNOWN STEP	2026-04-04T13:51:22.0614438Z   lfs: false
General & Infrastructure	UNKNOWN STEP	2026-04-04T13:51:22.0614595Z   submodules: false
General & Infrastructure	UNKNOWN STEP	2026-04-04T13:51:22.0614781Z   set-safe-directory: true
General & Infrastructure	UNKNOWN STEP	2026-04-04T13:51:22.0615174Z ##[endgroup]
General & Infrastructure	UNKNOWN STEP	2026-04-04T13:51:22.1691200Z Syncing repository: fkcurrie/utba-swarmmap
General & Infrastructure	UNKNOWN STEP	2026-04-04T13:51:22.1692436Z ##[group]Getting Git version info
General & Infrastructure	UNKNOWN STEP	2026-04-04T13:51:22.1692914Z Working directory is '/home/runner/work/utba-swarmmap/utba-swarmmap'
General & Infrastructure	UNKNOWN STEP	2026-04-04T13:51:22.1693467Z [command]/usr/bin/git version
General & Infrastructure	UNKNOWN STEP	2026-04-04T13:51:22.1712495Z git version 2.53.0
General & Infrastructure	UNKNOWN STEP	2026-04-04T13:51:22.1738964Z ##[endgroup]
General & Infrastructure	UNKNOWN STEP	2026-04-04T13:51:22.1752721Z Temporarily overriding HOME='/home/runner/work/_temp/b24fa197-4db4-4b5d-b524-8161e6bdfbab' before making global git config changes
General & Infrastructure	UNKNOWN STEP	2026-04-04T13:51:22.1753520Z Adding repository directory to the temporary git global config as a safe directory
General & Infrastructure	UNKNOWN STEP	2026-04-04T13:51:22.1759466Z [command]/usr/bin/git config --global --add safe.directory /home/runner/work/utba-swarmmap/utba-swarmmap
General & Infrastructure	UNKNOWN STEP	2026-04-04T13:51:22.1796128Z Deleting the contents of '/home/runner/work/utba-swarmmap/utba-swarmmap'
General & Infrastructure	UNKNOWN STEP	2026-04-04T13:51:22.1799550Z ##[group]Initializing the repository
General & Infrastructure	UNKNOWN STEP	2026-04-04T13:51:22.1803542Z [command]/usr/bin/git init /home/runner/work/utba-swarmmap/utba-swarmmap
General & Infrastructure	UNKNOWN STEP	2026-04-04T13:51:22.1912716Z hint: Using 'master' as the name for the initial branch. This default branch name
General & Infrastructure	UNKNOWN STEP	2026-04-04T13:51:22.1913658Z hint: will change to "main" in Git 3.0. To configure the initial branch name
General & Infrastructure	UNKNOWN STEP	2026-04-04T13:51:22.1914521Z hint: to use in all of your new repositories, which will suppress this warning,
General & Infrastructure	UNKNOWN STEP	2026-04-04T13:51:22.1915164Z hint: call:
General & Infrastructure	UNKNOWN STEP	2026-04-04T13:51:22.1915448Z hint:
General & Infrastructure	UNKNOWN STEP	2026-04-04T13:51:22.1916274Z hint: 	git config --global init.defaultBranch <name>
General & Infrastructure	UNKNOWN STEP	2026-04-04T13:51:22.1916630Z hint:
General & Infrastructure	UNKNOWN STEP	2026-04-04T13:51:22.1916926Z hint: Names commonly chosen instead of 'master' are 'main', 'trunk' and
General & Infrastructure	UNKNOWN STEP	2026-04-04T13:51:22.1917441Z hint: 'development'. The just-created branch can be renamed via this command:
General & Infrastructure	UNKNOWN STEP	2026-04-04T13:51:22.1917801Z hint:
General & Infrastructure	UNKNOWN STEP	2026-04-04T13:51:22.1917975Z hint: 	git branch -m <name>
General & Infrastructure	UNKNOWN STEP	2026-04-04T13:51:22.1918180Z hint:
General & Infrastructure	UNKNOWN STEP	2026-04-04T13:51:22.1918475Z hint: Disable this message with "git config set advice.defaultBranchName false"
General & Infrastructure	UNKNOWN STEP	2026-04-04T13:51:22.1919047Z Initialized empty Git repository in /home/runner/work/utba-swarmmap/utba-swarmmap/.git/
General & Infrastructure	UNKNOWN STEP	2026-04-04T13:51:22.1926050Z [command]/usr/bin/git remote add origin https://github.com/fkcurrie/utba-swarmmap
General & Infrastructure	UNKNOWN STEP	2026-04-04T13:51:22.1954049Z ##[endgroup]
General & Infrastructure	UNKNOWN STEP	2026-04-04T13:51:22.1958908Z ##[group]Disabling automatic garbage collection
General & Infrastructure	UNKNOWN STEP	2026-04-04T13:51:22.1959485Z [command]/usr/bin/git config --local gc.auto 0
General & Infrastructure	UNKNOWN STEP	2026-04-04T13:51:22.1985027Z ##[endgroup]
General & Infrastructure	UNKNOWN STEP	2026-04-04T13:51:22.1985382Z ##[group]Setting up auth
General & Infrastructure	UNKNOWN STEP	2026-04-04T13:51:22.1992434Z [command]/usr/bin/git config --local --name-only --get-regexp core\.sshCommand
General & Infrastructure	UNKNOWN STEP	2026-04-04T13:51:22.2021861Z [command]/usr/bin/git submodule foreach --recursive sh -c "git config --local --name-only --get-regexp 'core\.sshCommand' && git config --local --unset-all 'core.sshCommand' || :"
General & Infrastructure	UNKNOWN STEP	2026-04-04T13:51:22.2328685Z [command]/usr/bin/git config --local --name-only --get-regexp http\.https\:\/\/github\.com\/\.extraheader
General & Infrastructure	UNKNOWN STEP	2026-04-04T13:51:22.2359312Z [command]/usr/bin/git submodule foreach --recursive sh -c "git config --local --name-only --get-regexp 'http\.https\:\/\/github\.com\/\.extraheader' && git config --local --unset-all 'http.https://github.com/.extraheader' || :"
General & Infrastructure	UNKNOWN STEP	2026-04-04T13:51:22.2579536Z [command]/usr/bin/git config --local --name-only --get-regexp ^includeIf\.gitdir:
General & Infrastructure	UNKNOWN STEP	2026-04-04T13:51:22.2616395Z [command]/usr/bin/git submodule foreach --recursive git config --local --show-origin --name-only --get-regexp remote.origin.url
General & Infrastructure	UNKNOWN STEP	2026-04-04T13:51:22.2842265Z [command]/usr/bin/git config --local http.https://github.com/.extraheader AUTHORIZATION: basic ***
General & Infrastructure	UNKNOWN STEP	2026-04-04T13:51:22.2875640Z ##[endgroup]
General & Infrastructure	UNKNOWN STEP	2026-04-04T13:51:22.2876329Z ##[group]Fetching the repository
General & Infrastructure	UNKNOWN STEP	2026-04-04T13:51:22.2886163Z [command]/usr/bin/git -c protocol.version=2 fetch --prune --no-recurse-submodules origin +refs/heads/*:refs/remotes/origin/* +refs/tags/*:refs/tags/* +a5becd9adb425a2b0508da22861894d2b48d58b8:refs/remotes/pull/11/merge
General & Infrastructure	UNKNOWN STEP	2026-04-04T13:51:22.9980746Z From https://github.com/fkcurrie/utba-swarmmap
General & Infrastructure	UNKNOWN STEP	2026-04-04T13:51:22.9981570Z  * [new branch]      issue-10-qMX0                            -> origin/issue-10-qMX0
General & Infrastructure	UNKNOWN STEP	2026-04-04T13:51:22.9982372Z  * [new branch]      main                                     -> origin/main
General & Infrastructure	UNKNOWN STEP	2026-04-04T13:51:22.9983060Z  * [new tag]         v0.5                                     -> v0.5
General & Infrastructure	UNKNOWN STEP	2026-04-04T13:51:22.9983705Z  * [new tag]         v0.5-alpha                               -> v0.5-alpha
General & Infrastructure	UNKNOWN STEP	2026-04-04T13:51:22.9984439Z  * [new ref]         a5becd9adb425a2b0508da22861894d2b48d58b8 -> pull/11/merge
General & Infrastructure	UNKNOWN STEP	2026-04-04T13:51:23.0017211Z ##[endgroup]
General & Infrastructure	UNKNOWN STEP	2026-04-04T13:51:23.0017783Z ##[group]Determining the checkout info
General & Infrastructure	UNKNOWN STEP	2026-04-04T13:51:23.0018652Z ##[endgroup]
General & Infrastructure	UNKNOWN STEP	2026-04-04T13:51:23.0023644Z [command]/usr/bin/git sparse-checkout disable
General & Infrastructure	UNKNOWN STEP	2026-04-04T13:51:23.0063721Z [command]/usr/bin/git config --local --unset-all extensions.worktreeConfig
General & Infrastructure	UNKNOWN STEP	2026-04-04T13:51:23.0090182Z ##[group]Checking out the ref
General & Infrastructure	UNKNOWN STEP	2026-04-04T13:51:23.0094418Z [command]/usr/bin/git checkout --progress --force refs/remotes/pull/11/merge
General & Infrastructure	UNKNOWN STEP	2026-04-04T13:51:23.0325233Z Note: switching to 'refs/remotes/pull/11/merge'.
General & Infrastructure	UNKNOWN STEP	2026-04-04T13:51:23.0326479Z 
General & Infrastructure	UNKNOWN STEP	2026-04-04T13:51:23.0326944Z You are in 'detached HEAD' state. You can look around, make experimental
General & Infrastructure	UNKNOWN STEP	2026-04-04T13:51:23.0327801Z changes and commit them, and you can discard any commits you make in this
General & Infrastructure	UNKNOWN STEP	2026-04-04T13:51:23.0328599Z state without impacting any branches by switching back to a branch.
General & Infrastructure	UNKNOWN STEP	2026-04-04T13:51:23.0329067Z 
General & Infrastructure	UNKNOWN STEP	2026-04-04T13:51:23.0329362Z If you want to create a new branch to retain commits you create, you may
General & Infrastructure	UNKNOWN STEP	2026-04-04T13:51:23.0330089Z do so (now or later) by using -c with the switch command. Example:
General & Infrastructure	UNKNOWN STEP	2026-04-04T13:51:23.0330541Z 
General & Infrastructure	UNKNOWN STEP	2026-04-04T13:51:23.0330721Z   git switch -c <new-branch-name>
General & Infrastructure	UNKNOWN STEP	2026-04-04T13:51:23.0331026Z 
General & Infrastructure	UNKNOWN STEP	2026-04-04T13:51:23.0331185Z Or undo this operation with:
General & Infrastructure	UNKNOWN STEP	2026-04-04T13:51:23.0331347Z 
General & Infrastructure	UNKNOWN STEP	2026-04-04T13:51:23.0331423Z   git switch -
General & Infrastructure	UNKNOWN STEP	2026-04-04T13:51:23.0331539Z 
General & Infrastructure	UNKNOWN STEP	2026-04-04T13:51:23.0331740Z Turn off this advice by setting config variable advice.detachedHead to false
General & Infrastructure	UNKNOWN STEP	2026-04-04T13:51:23.0332044Z 
General & Infrastructure	UNKNOWN STEP	2026-04-04T13:51:23.0332383Z HEAD is now at a5becd9 Merge 9af194afee8ec275e9417b5e70d61b496c95c242 into ce8c646a1e1a3155ecfdd83f5a8af5e375dad3a3
General & Infrastructure	UNKNOWN STEP	2026-04-04T13:51:23.0335418Z ##[endgroup]
General & Infrastructure	UNKNOWN STEP	2026-04-04T13:51:23.0368873Z [command]/usr/bin/git log -1 --format=%H
General & Infrastructure	UNKNOWN STEP	2026-04-04T13:51:23.0390029Z a5becd9adb425a2b0508da22861894d2b48d58b8
General & Infrastructure	UNKNOWN STEP	2026-04-04T13:51:23.0599580Z ##[group]Run actions/setup-node@v4
General & Infrastructure	UNKNOWN STEP	2026-04-04T13:51:23.0599853Z with:
General & Infrastructure	UNKNOWN STEP	2026-04-04T13:51:23.0600026Z   node-version: 20
General & Infrastructure	UNKNOWN STEP	2026-04-04T13:51:23.0600204Z   cache: npm
General & Infrastructure	UNKNOWN STEP	2026-04-04T13:51:23.0600374Z   always-auth: false
General & Infrastructure	UNKNOWN STEP	2026-04-04T13:51:23.0600561Z   check-latest: false
General & Infrastructure	UNKNOWN STEP	2026-04-04T13:51:23.0600871Z   token: ***
General & Infrastructure	UNKNOWN STEP	2026-04-04T13:51:23.0601049Z ##[endgroup]
General & Infrastructure	UNKNOWN STEP	2026-04-04T13:51:23.2714080Z Found in cache @ /opt/hostedtoolcache/node/20.20.2/x64
General & Infrastructure	UNKNOWN STEP	2026-04-04T13:51:23.2723873Z ##[group]Environment details
General & Infrastructure	UNKNOWN STEP	2026-04-04T13:51:25.8949465Z node: v20.20.2
General & Infrastructure	UNKNOWN STEP	2026-04-04T13:51:25.8949879Z npm: 10.8.2
General & Infrastructure	UNKNOWN STEP	2026-04-04T13:51:25.8950161Z yarn: 1.22.22
General & Infrastructure	UNKNOWN STEP	2026-04-04T13:51:25.8951968Z ##[endgroup]
General & Infrastructure	UNKNOWN STEP	2026-04-04T13:51:25.8971871Z [command]/opt/hostedtoolcache/node/20.20.2/x64/bin/npm config get cache
General & Infrastructure	UNKNOWN STEP	2026-04-04T13:51:26.0934961Z /home/runner/.npm
General & Infrastructure	UNKNOWN STEP	2026-04-04T13:51:26.3874426Z Cache hit for: node-cache-Linux-x64-npm-6c84bea60747005d4032d9ad1ac33a0328c1a7001d73c6f703872a43e2b231b4
General & Infrastructure	UNKNOWN STEP	2026-04-04T13:51:27.6787094Z Received 4348455 of 25319975 (17.2%), 4.1 MBs/sec
General & Infrastructure	UNKNOWN STEP	2026-04-04T13:51:27.9727197Z Received 25319975 of 25319975 (100.0%), 18.6 MBs/sec
General & Infrastructure	UNKNOWN STEP	2026-04-04T13:51:27.9727815Z Cache Size: ~24 MB (25319975 B)
General & Infrastructure	UNKNOWN STEP	2026-04-04T13:51:27.9758525Z [command]/usr/bin/tar -xf /home/runner/work/_temp/6fca03c0-5b78-499a-959e-53446bd4e7cc/cache.tzst -P -C /home/runner/work/utba-swarmmap/utba-swarmmap --use-compress-program unzstd
General & Infrastructure	UNKNOWN STEP	2026-04-04T13:51:28.0684139Z Cache restored successfully
General & Infrastructure	UNKNOWN STEP	2026-04-04T13:51:28.0701271Z Cache restored from key: node-cache-Linux-x64-npm-6c84bea60747005d4032d9ad1ac33a0328c1a7001d73c6f703872a43e2b231b4
General & Infrastructure	UNKNOWN STEP	2026-04-04T13:51:28.0865029Z ##[group]Run actions/setup-go@v5
General & Infrastructure	UNKNOWN STEP	2026-04-04T13:51:28.0865309Z with:
General & Infrastructure	UNKNOWN STEP	2026-04-04T13:51:28.0865475Z   go-version: 1.22
General & Infrastructure	UNKNOWN STEP	2026-04-04T13:51:28.0865668Z   check-latest: false
General & Infrastructure	UNKNOWN STEP	2026-04-04T13:51:28.0866306Z   token: ***
General & Infrastructure	UNKNOWN STEP	2026-04-04T13:51:28.0866478Z   cache: true
General & Infrastructure	UNKNOWN STEP	2026-04-04T13:51:28.0866653Z ##[endgroup]
General & Infrastructure	UNKNOWN STEP	2026-04-04T13:51:28.2485726Z Setup go version spec 1.22
General & Infrastructure	UNKNOWN STEP	2026-04-04T13:51:28.2633952Z Found in cache @ /opt/hostedtoolcache/go/1.22.12/x64
General & Infrastructure	UNKNOWN STEP	2026-04-04T13:51:28.2639243Z Added go to the path
General & Infrastructure	UNKNOWN STEP	2026-04-04T13:51:28.2643819Z Successfully set up Go version 1.22
General & Infrastructure	UNKNOWN STEP	2026-04-04T13:51:28.4817542Z [command]/opt/hostedtoolcache/go/1.22.12/x64/bin/go env GOMODCACHE
General & Infrastructure	UNKNOWN STEP	2026-04-04T13:51:28.4852321Z [command]/opt/hostedtoolcache/go/1.22.12/x64/bin/go env GOCACHE
General & Infrastructure	UNKNOWN STEP	2026-04-04T13:51:28.4875041Z /home/runner/go/pkg/mod
General & Infrastructure	UNKNOWN STEP	2026-04-04T13:51:28.4900794Z /home/runner/.cache/go-build
General & Infrastructure	UNKNOWN STEP	2026-04-04T13:51:28.4925030Z ##[warning]Restore cache failed: Dependencies file is not found in /home/runner/work/utba-swarmmap/utba-swarmmap. Supported file pattern: go.sum
General & Infrastructure	UNKNOWN STEP	2026-04-04T13:51:28.4935562Z go version go1.22.12 linux/amd64
General & Infrastructure	UNKNOWN STEP	2026-04-04T13:51:28.4935784Z 
General & Infrastructure	UNKNOWN STEP	2026-04-04T13:51:28.4936422Z ##[group]go env
General & Infrastructure	UNKNOWN STEP	2026-04-04T13:51:28.6140243Z GO111MODULE=''
General & Infrastructure	UNKNOWN STEP	2026-04-04T13:51:28.6140695Z GOARCH='amd64'
General & Infrastructure	UNKNOWN STEP	2026-04-04T13:51:28.6141032Z GOBIN=''
General & Infrastructure	UNKNOWN STEP	2026-04-04T13:51:28.6141499Z GOCACHE='/home/runner/.cache/go-build'
General & Infrastructure	UNKNOWN STEP	2026-04-04T13:51:28.6141874Z GOENV='/home/runner/.config/go/env'
General & Infrastructure	UNKNOWN STEP	2026-04-04T13:51:28.6142137Z GOEXE=''
General & Infrastructure	UNKNOWN STEP	2026-04-04T13:51:28.6142343Z GOEXPERIMENT=''
General & Infrastructure	UNKNOWN STEP	2026-04-04T13:51:28.6142563Z GOFLAGS=''
General & Infrastructure	UNKNOWN STEP	2026-04-04T13:51:28.6142794Z GOHOSTARCH='amd64'
General & Infrastructure	UNKNOWN STEP	2026-04-04T13:51:28.6143003Z GOHOSTOS='linux'
General & Infrastructure	UNKNOWN STEP	2026-04-04T13:51:28.6143204Z GOINSECURE=''
General & Infrastructure	UNKNOWN STEP	2026-04-04T13:51:28.6143508Z GOMODCACHE='/home/runner/go/pkg/mod'
General & Infrastructure	UNKNOWN STEP	2026-04-04T13:51:28.6143821Z GONOPROXY=''
General & Infrastructure	UNKNOWN STEP	2026-04-04T13:51:28.6144021Z GONOSUMDB=''
General & Infrastructure	UNKNOWN STEP	2026-04-04T13:51:28.6144202Z GOOS='linux'
General & Infrastructure	UNKNOWN STEP	2026-04-04T13:51:28.6144434Z GOPATH='/home/runner/go'
General & Infrastructure	UNKNOWN STEP	2026-04-04T13:51:28.6144665Z GOPRIVATE=''
General & Infrastructure	UNKNOWN STEP	2026-04-04T13:51:28.6145014Z GOPROXY='https://proxy.golang.org,direct'
General & Infrastructure	UNKNOWN STEP	2026-04-04T13:51:28.6145430Z GOROOT='/opt/hostedtoolcache/go/1.22.12/x64'
General & Infrastructure	UNKNOWN STEP	2026-04-04T13:51:28.6145781Z GOSUMDB='sum.golang.org'
General & Infrastructure	UNKNOWN STEP	2026-04-04T13:51:28.6146331Z GOTMPDIR=''
General & Infrastructure	UNKNOWN STEP	2026-04-04T13:51:28.6146561Z GOTOOLCHAIN='auto'
General & Infrastructure	UNKNOWN STEP	2026-04-04T13:51:28.6147001Z GOTOOLDIR='/opt/hostedtoolcache/go/1.22.12/x64/pkg/tool/linux_amd64'
General & Infrastructure	UNKNOWN STEP	2026-04-04T13:51:28.6147403Z GOVCS=''
General & Infrastructure	UNKNOWN STEP	2026-04-04T13:51:28.6147680Z GOVERSION='go1.22.12'
General & Infrastructure	UNKNOWN STEP	2026-04-04T13:51:28.6147896Z GCCGO='gccgo'
General & Infrastructure	UNKNOWN STEP	2026-04-04T13:51:28.6148106Z GOAMD64='v1'
General & Infrastructure	UNKNOWN STEP	2026-04-04T13:51:28.6148305Z AR='ar'
General & Infrastructure	UNKNOWN STEP	2026-04-04T13:51:28.6148488Z CC='gcc'
General & Infrastructure	UNKNOWN STEP	2026-04-04T13:51:28.6148665Z CXX='g++'
General & Infrastructure	UNKNOWN STEP	2026-04-04T13:51:28.6148862Z CGO_ENABLED='1'
General & Infrastructure	UNKNOWN STEP	2026-04-04T13:51:28.6149083Z GOMOD='/dev/null'
General & Infrastructure	UNKNOWN STEP	2026-04-04T13:51:28.6149293Z GOWORK=''
General & Infrastructure	UNKNOWN STEP	2026-04-04T13:51:28.6149500Z CGO_CFLAGS='-O2 -g'
General & Infrastructure	UNKNOWN STEP	2026-04-04T13:51:28.6149728Z CGO_CPPFLAGS=''
General & Infrastructure	UNKNOWN STEP	2026-04-04T13:51:28.6149962Z CGO_CXXFLAGS='-O2 -g'
General & Infrastructure	UNKNOWN STEP	2026-04-04T13:51:28.6150212Z CGO_FFLAGS='-O2 -g'
General & Infrastructure	UNKNOWN STEP	2026-04-04T13:51:28.6150460Z CGO_LDFLAGS='-O2 -g'
General & Infrastructure	UNKNOWN STEP	2026-04-04T13:51:28.6150743Z PKG_CONFIG='pkg-config'
General & Infrastructure	UNKNOWN STEP	2026-04-04T13:51:28.6151684Z GOGCCFLAGS='-fPIC -m64 -pthread -Wl,--no-gc-sections -fmessage-length=0 -ffile-prefix-map=/tmp/go-build182730883=/tmp/go-build -gno-record-gcc-switches'
General & Infrastructure	UNKNOWN STEP	2026-04-04T13:51:28.6152585Z 
General & Infrastructure	UNKNOWN STEP	2026-04-04T13:51:28.6152955Z ##[endgroup]
General & Infrastructure	UNKNOWN STEP	2026-04-04T13:51:28.6250688Z ##[group]Run npm ci
General & Infrastructure	UNKNOWN STEP	2026-04-04T13:51:28.6250973Z [36;1mnpm ci[0m
General & Infrastructure	UNKNOWN STEP	2026-04-04T13:51:28.6287101Z shell: /usr/bin/bash -e {0}
General & Infrastructure	UNKNOWN STEP	2026-04-04T13:51:28.6287359Z ##[endgroup]
General & Infrastructure	UNKNOWN STEP	2026-04-04T13:51:31.5880812Z npm warn deprecated popper.js@1.16.1: You can find the new Popper v2 at @popperjs/core, this package is dedicated to the legacy v1
General & Infrastructure	UNKNOWN STEP	2026-04-04T13:51:32.2047000Z 
General & Infrastructure	UNKNOWN STEP	2026-04-04T13:51:32.2047993Z added 337 packages, and audited 338 packages in 4s
General & Infrastructure	UNKNOWN STEP	2026-04-04T13:51:32.2048456Z 
General & Infrastructure	UNKNOWN STEP	2026-04-04T13:51:32.2048741Z 116 packages are looking for funding
General & Infrastructure	UNKNOWN STEP	2026-04-04T13:51:32.2049282Z   run `npm fund` for details
General & Infrastructure	UNKNOWN STEP	2026-04-04T13:51:32.2058556Z 
General & Infrastructure	UNKNOWN STEP	2026-04-04T13:51:32.2058942Z found 0 vulnerabilities
General & Infrastructure	UNKNOWN STEP	2026-04-04T13:51:32.2340811Z ##[group]Run reviewdog/action-detect-secrets@v0
General & Infrastructure	UNKNOWN STEP	2026-04-04T13:51:32.2341140Z with:
General & Infrastructure	UNKNOWN STEP	2026-04-04T13:51:32.2341825Z   github_token: ***
General & Infrastructure	UNKNOWN STEP	2026-04-04T13:51:32.2342064Z   reporter: github-pr-review
General & Infrastructure	UNKNOWN STEP	2026-04-04T13:51:32.2342296Z   name: detect-secrets
General & Infrastructure	UNKNOWN STEP	2026-04-04T13:51:32.2342496Z   workdir: .
General & Infrastructure	UNKNOWN STEP	2026-04-04T13:51:32.2342678Z   filter_mode: added
General & Infrastructure	UNKNOWN STEP	2026-04-04T13:51:32.2342871Z   fail_level: none
General & Infrastructure	UNKNOWN STEP	2026-04-04T13:51:32.2343052Z   fail_on_error: false
General & Infrastructure	UNKNOWN STEP	2026-04-04T13:51:32.2343246Z   level: error
General & Infrastructure	UNKNOWN STEP	2026-04-04T13:51:32.2343530Z   detect_secrets_flags: --all-files --force-use-all-plugins
General & Infrastructure	UNKNOWN STEP	2026-04-04T13:51:32.2343847Z   skip_audited: false
General & Infrastructure	UNKNOWN STEP	2026-04-04T13:51:32.2344040Z   verbose: false
General & Infrastructure	UNKNOWN STEP	2026-04-04T13:51:32.2344228Z ##[endgroup]
General & Infrastructure	UNKNOWN STEP	2026-04-04T13:51:32.2442255Z ##[command]/usr/bin/docker run --name b22d04607a4ea13948a1b5e42f439438a51f_0f84c2 --label 10b22d --workdir /github/workspace --rm -e "INPUT_GITHUB_TOKEN" -e "INPUT_REPORTER" -e "INPUT_NAME" -e "INPUT_WORKDIR" -e "INPUT_FILTER_MODE" -e "INPUT_FAIL_LEVEL" -e "INPUT_FAIL_ON_ERROR" -e "INPUT_LEVEL" -e "INPUT_REVIEWDOG_FLAGS" -e "INPUT_DETECT_SECRETS_FLAGS" -e "INPUT_BASELINE_PATH" -e "INPUT_SKIP_AUDITED" -e "INPUT_VERBOSE" -e "HOME" -e "GITHUB_JOB" -e "GITHUB_REF" -e "GITHUB_SHA" -e "GITHUB_REPOSITORY" -e "GITHUB_REPOSITORY_OWNER" -e "GITHUB_REPOSITORY_OWNER_ID" -e "GITHUB_RUN_ID" -e "GITHUB_RUN_NUMBER" -e "GITHUB_RETENTION_DAYS" -e "GITHUB_RUN_ATTEMPT" -e "GITHUB_ACTOR_ID" -e "GITHUB_ACTOR" -e "GITHUB_WORKFLOW" -e "GITHUB_HEAD_REF" -e "GITHUB_BASE_REF" -e "GITHUB_EVENT_NAME" -e "GITHUB_SERVER_URL" -e "GITHUB_API_URL" -e "GITHUB_GRAPHQL_URL" -e "GITHUB_REF_NAME" -e "GITHUB_REF_PROTECTED" -e "GITHUB_REF_TYPE" -e "GITHUB_WORKFLOW_REF" -e "GITHUB_WORKFLOW_SHA" -e "GITHUB_REPOSITORY_ID" -e "GITHUB_TRIGGERING_ACTOR" -e "GITHUB_WORKSPACE" -e "GITHUB_ACTION" -e "GITHUB_EVENT_PATH" -e "GITHUB_ACTION_REPOSITORY" -e "GITHUB_ACTION_REF" -e "GITHUB_PATH" -e "GITHUB_ENV" -e "GITHUB_STEP_SUMMARY" -e "GITHUB_STATE" -e "GITHUB_OUTPUT" -e "RUNNER_OS" -e "RUNNER_ARCH" -e "RUNNER_NAME" -e "RUNNER_ENVIRONMENT" -e "RUNNER_TOOL_CACHE" -e "RUNNER_TEMP" -e "RUNNER_WORKSPACE" -e "ACTIONS_RUNTIME_URL" -e "ACTIONS_RUNTIME_TOKEN" -e "ACTIONS_CACHE_URL" -e "ACTIONS_RESULTS_URL" -e "ACTIONS_ORCHESTRATION_ID" -e GITHUB_ACTIONS=true -e CI=true -v "/var/run/docker.sock":"/var/run/docker.sock" -v "/home/runner/work/_temp":"/github/runner_temp" -v "/home/runner/work/_temp/_github_home":"/github/home" -v "/home/runner/work/_temp/_github_workflow":"/github/workflow" -v "/home/runner/work/_temp/_runner_file_commands":"/github/file_commands" -v "/home/runner/work/utba-swarmmap/utba-swarmmap":"/github/workspace" 10b22d:04607a4ea13948a1b5e42f439438a51f
General & Infrastructure	UNKNOWN STEP	2026-04-04T13:51:32.9596843Z 1.5.0
General & Infrastructure	UNKNOWN STEP	2026-04-04T13:54:59.2576079Z ##[group]Run reviewdog/action-actionlint@v1
General & Infrastructure	UNKNOWN STEP	2026-04-04T13:54:59.2576436Z with:
General & Infrastructure	UNKNOWN STEP	2026-04-04T13:54:59.2576844Z   github_token: ***
General & Infrastructure	UNKNOWN STEP	2026-04-04T13:54:59.2577060Z   reporter: github-pr-review
General & Infrastructure	UNKNOWN STEP	2026-04-04T13:54:59.2577292Z   tool_name: actionlint
General & Infrastructure	UNKNOWN STEP	2026-04-04T13:54:59.2577484Z   level: error
General & Infrastructure	UNKNOWN STEP	2026-04-04T13:54:59.2577652Z   filter_mode: file
General & Infrastructure	UNKNOWN STEP	2026-04-04T13:54:59.2577827Z   fail_level: none
General & Infrastructure	UNKNOWN STEP	2026-04-04T13:54:59.2578209Z   fail_on_error: false
General & Infrastructure	UNKNOWN STEP	2026-04-04T13:54:59.2578392Z ##[endgroup]
General & Infrastructure	UNKNOWN STEP	2026-04-04T13:54:59.2590900Z ##[command]/usr/bin/docker run --name ghcrioreviewdogactionactionlintv1720_2ca6d6 --label 10b22d --workdir /github/workspace --rm -e "INPUT_GITHUB_TOKEN" -e "INPUT_REPORTER" -e "INPUT_TOOL_NAME" -e "INPUT_LEVEL" -e "INPUT_FILTER_MODE" -e "INPUT_FAIL_LEVEL" -e "INPUT_FAIL_ON_ERROR" -e "INPUT_REVIEWDOG_FLAGS" -e "INPUT_ACTIONLINT_FLAGS" -e "HOME" -e "GITHUB_JOB" -e "GITHUB_REF" -e "GITHUB_SHA" -e "GITHUB_REPOSITORY" -e "GITHUB_REPOSITORY_OWNER" -e "GITHUB_REPOSITORY_OWNER_ID" -e "GITHUB_RUN_ID" -e "GITHUB_RUN_NUMBER" -e "GITHUB_RETENTION_DAYS" -e "GITHUB_RUN_ATTEMPT" -e "GITHUB_ACTOR_ID" -e "GITHUB_ACTOR" -e "GITHUB_WORKFLOW" -e "GITHUB_HEAD_REF" -e "GITHUB_BASE_REF" -e "GITHUB_EVENT_NAME" -e "GITHUB_SERVER_URL" -e "GITHUB_API_URL" -e "GITHUB_GRAPHQL_URL" -e "GITHUB_REF_NAME" -e "GITHUB_REF_PROTECTED" -e "GITHUB_REF_TYPE" -e "GITHUB_WORKFLOW_REF" -e "GITHUB_WORKFLOW_SHA" -e "GITHUB_REPOSITORY_ID" -e "GITHUB_TRIGGERING_ACTOR" -e "GITHUB_WORKSPACE" -e "GITHUB_ACTION" -e "GITHUB_EVENT_PATH" -e "GITHUB_ACTION_REPOSITORY" -e "GITHUB_ACTION_REF" -e "GITHUB_PATH" -e "GITHUB_ENV" -e "GITHUB_STEP_SUMMARY" -e "GITHUB_STATE" -e "GITHUB_OUTPUT" -e "RUNNER_OS" -e "RUNNER_ARCH" -e "RUNNER_NAME" -e "RUNNER_ENVIRONMENT" -e "RUNNER_TOOL_CACHE" -e "RUNNER_TEMP" -e "RUNNER_WORKSPACE" -e "ACTIONS_RUNTIME_URL" -e "ACTIONS_RUNTIME_TOKEN" -e "ACTIONS_CACHE_URL" -e "ACTIONS_RESULTS_URL" -e "ACTIONS_ORCHESTRATION_ID" -e GITHUB_ACTIONS=true -e CI=true --entrypoint "/entrypoint.sh" -v "/var/run/docker.sock":"/var/run/docker.sock" -v "/home/runner/work/_temp":"/github/runner_temp" -v "/home/runner/work/_temp/_github_home":"/github/home" -v "/home/runner/work/_temp/_github_workflow":"/github/workflow" -v "/home/runner/work/_temp/_runner_file_commands":"/github/file_commands" -v "/home/runner/work/utba-swarmmap/utba-swarmmap":"/github/workspace" ghcr.io/reviewdog/action-actionlint:v1.72.0
General & Infrastructure	UNKNOWN STEP	2026-04-04T13:55:00.3356119Z ##[group]Run ibiqlik/action-yamllint@v3
General & Infrastructure	UNKNOWN STEP	2026-04-04T13:55:00.3356477Z with:
General & Infrastructure	UNKNOWN STEP	2026-04-04T13:55:00.3356653Z   file_or_dir: .
General & Infrastructure	UNKNOWN STEP	2026-04-04T13:55:00.3356850Z   config_file: .yamllint.yaml
General & Infrastructure	UNKNOWN STEP	2026-04-04T13:55:00.3357072Z   format: parsable
General & Infrastructure	UNKNOWN STEP	2026-04-04T13:55:00.3357251Z   strict: false
General & Infrastructure	UNKNOWN STEP	2026-04-04T13:55:00.3357433Z   no_warnings: false
General & Infrastructure	UNKNOWN STEP	2026-04-04T13:55:00.3357621Z ##[endgroup]
General & Infrastructure	UNKNOWN STEP	2026-04-04T13:55:00.3454563Z ##[group]Run # export LOGFILE=$(mktemp yamllint-XXXXXX)
General & Infrastructure	UNKNOWN STEP	2026-04-04T13:55:00.3454981Z [36;1m# export LOGFILE=$(mktemp yamllint-XXXXXX)[0m
General & Infrastructure	UNKNOWN STEP	2026-04-04T13:55:00.3455413Z [36;1m/home/runner/work/_actions/ibiqlik/action-yamllint/v3/entrypoint.sh[0m
General & Infrastructure	UNKNOWN STEP	2026-04-04T13:55:00.3483661Z shell: /usr/bin/bash --noprofile --norc -e -o pipefail {0}
General & Infrastructure	UNKNOWN STEP	2026-04-04T13:55:00.3483990Z env:
General & Infrastructure	UNKNOWN STEP	2026-04-04T13:55:00.3484161Z   INPUT_FILE_OR_DIR: .
General & Infrastructure	UNKNOWN STEP	2026-04-04T13:55:00.3484381Z   INPUT_CONFIG_FILE: .yamllint.yaml
General & Infrastructure	UNKNOWN STEP	2026-04-04T13:55:00.3484632Z   INPUT_CONFIG_DATA: 
General & Infrastructure	UNKNOWN STEP	2026-04-04T13:55:00.3484832Z   INPUT_FORMAT: parsable
General & Infrastructure	UNKNOWN STEP	2026-04-04T13:55:00.3485078Z   INPUT_STRICT: false
General & Infrastructure	UNKNOWN STEP	2026-04-04T13:55:00.3485279Z   INPUT_NO_WARNINGS: false
General & Infrastructure	UNKNOWN STEP	2026-04-04T13:55:00.3485489Z ##[endgroup]
General & Infrastructure	UNKNOWN STEP	2026-04-04T13:55:00.4960559Z ======================
General & Infrastructure	UNKNOWN STEP	2026-04-04T13:55:00.4960897Z = Linting YAML files =
General & Infrastructure	UNKNOWN STEP	2026-04-04T13:55:00.4961132Z ======================
General & Infrastructure	UNKNOWN STEP	2026-04-04T13:55:00.9952492Z ./backend/cloudbuild.yaml:46:161: [error] line too long (172 > 160 characters) (line-length)
General & Infrastructure	UNKNOWN STEP	2026-04-04T13:55:00.9954196Z ./backend/cloudbuild.yaml:74:31: [warning] too few spaces before comment: expected 2 (comments)
General & Infrastructure	UNKNOWN STEP	2026-04-04T13:55:00.9955743Z ./backend/cloudbuild.yaml:75:1: [error] too many blank lines (1 > 0) (empty-lines)
General & Infrastructure	UNKNOWN STEP	2026-04-04T13:55:00.9957201Z ./.github/workflows/pr-checks.yaml:4:1: [warning] truthy value should be one of [false, no, true, yes] (truthy)
General & Infrastructure	UNKNOWN STEP	2026-04-04T13:55:00.9958079Z ./frontend/cloudbuild.yaml:33:1: [error] too many blank lines (1 > 0) (empty-lines)
General & Infrastructure	UNKNOWN STEP	2026-04-04T13:55:01.0100658Z ##[error]Process completed with exit code 1.
General & Infrastructure	UNKNOWN STEP	2026-04-04T13:55:01.0229704Z Post job cleanup.
General & Infrastructure	UNKNOWN STEP	2026-04-04T13:55:01.1175998Z [command]/usr/bin/git version
General & Infrastructure	UNKNOWN STEP	2026-04-04T13:55:01.1212412Z git version 2.53.0
General & Infrastructure	UNKNOWN STEP	2026-04-04T13:55:01.1256044Z Temporarily overriding HOME='/home/runner/work/_temp/c1f82da2-83fa-4b2a-9c55-38412a99abf3' before making global git config changes
General & Infrastructure	UNKNOWN STEP	2026-04-04T13:55:01.1257413Z Adding repository directory to the temporary git global config as a safe directory
General & Infrastructure	UNKNOWN STEP	2026-04-04T13:55:01.1268882Z [command]/usr/bin/git config --global --add safe.directory /home/runner/work/utba-swarmmap/utba-swarmmap
General & Infrastructure	UNKNOWN STEP	2026-04-04T13:55:01.1305386Z [command]/usr/bin/git config --local --name-only --get-regexp core\.sshCommand
General & Infrastructure	UNKNOWN STEP	2026-04-04T13:55:01.1338360Z [command]/usr/bin/git submodule foreach --recursive sh -c "git config --local --name-only --get-regexp 'core\.sshCommand' && git config --local --unset-all 'core.sshCommand' || :"
General & Infrastructure	UNKNOWN STEP	2026-04-04T13:55:01.1558180Z [command]/usr/bin/git config --local --name-only --get-regexp http\.https\:\/\/github\.com\/\.extraheader
General & Infrastructure	UNKNOWN STEP	2026-04-04T13:55:01.1577575Z http.https://github.com/.extraheader
General & Infrastructure	UNKNOWN STEP	2026-04-04T13:55:01.1589502Z [command]/usr/bin/git config --local --unset-all http.https://github.com/.extraheader
General & Infrastructure	UNKNOWN STEP	2026-04-04T13:55:01.1619837Z [command]/usr/bin/git submodule foreach --recursive sh -c "git config --local --name-only --get-regexp 'http\.https\:\/\/github\.com\/\.extraheader' && git config --local --unset-all 'http.https://github.com/.extraheader' || :"
General & Infrastructure	UNKNOWN STEP	2026-04-04T13:55:01.1834293Z [command]/usr/bin/git config --local --name-only --get-regexp ^includeIf\.gitdir:
General & Infrastructure	UNKNOWN STEP	2026-04-04T13:55:01.1864562Z [command]/usr/bin/git submodule foreach --recursive git config --local --show-origin --name-only --get-regexp remote.origin.url
General & Infrastructure	UNKNOWN STEP	2026-04-04T13:55:01.2188414Z Cleaning up orphan processes
General & Infrastructure	UNKNOWN STEP	2026-04-04T13:55:01.2551339Z ##[warning]Node.js 20 actions are deprecated. The following actions are running on Node.js 20 and may not work as expected: actions/checkout@v4, actions/setup-go@v5, actions/setup-node@v4. Actions will be forced to run with Node.js 24 by default starting June 2nd, 2026. Node.js 20 will be removed from the runner on September 16th, 2026. Please check if updated versions of these actions are available that support Node.js 24. To opt into Node.js 24 now, set the FORCE_JAVASCRIPT_ACTIONS_TO_NODE24=true environment variable on the runner or in your workflow file. Once Node.js 24 becomes the default, you can temporarily opt out by setting ACTIONS_ALLOW_USE_UNSECURE_NODE_VERSION=true. For more information see: https://github.blog/changelog/2025-09-19-deprecation-of-node-20-on-github-actions-runners/
Frontend (JS/HTML/CSS)	UNKNOWN STEP	﻿2026-04-04T13:50:22.6051886Z Current runner version: '2.333.1'
Frontend (JS/HTML/CSS)	UNKNOWN STEP	2026-04-04T13:50:22.6075379Z ##[group]Runner Image Provisioner
Frontend (JS/HTML/CSS)	UNKNOWN STEP	2026-04-04T13:50:22.6076203Z Hosted Compute Agent
Frontend (JS/HTML/CSS)	UNKNOWN STEP	2026-04-04T13:50:22.6076761Z Version: 20260213.493
Frontend (JS/HTML/CSS)	UNKNOWN STEP	2026-04-04T13:50:22.6077410Z Commit: 5c115507f6dd24b8de37d8bbe0bb4509d0cc0fa3
Frontend (JS/HTML/CSS)	UNKNOWN STEP	2026-04-04T13:50:22.6078520Z Build Date: 2026-02-13T00:28:41Z
Frontend (JS/HTML/CSS)	UNKNOWN STEP	2026-04-04T13:50:22.6079191Z Worker ID: {417398ca-08ca-412e-a6ee-46aa82a95c91}
Frontend (JS/HTML/CSS)	UNKNOWN STEP	2026-04-04T13:50:22.6079816Z Azure Region: westus
Frontend (JS/HTML/CSS)	UNKNOWN STEP	2026-04-04T13:50:22.6080440Z ##[endgroup]
Frontend (JS/HTML/CSS)	UNKNOWN STEP	2026-04-04T13:50:22.6081892Z ##[group]Operating System
Frontend (JS/HTML/CSS)	UNKNOWN STEP	2026-04-04T13:50:22.6082442Z Ubuntu
Frontend (JS/HTML/CSS)	UNKNOWN STEP	2026-04-04T13:50:22.6083033Z 24.04.4
Frontend (JS/HTML/CSS)	UNKNOWN STEP	2026-04-04T13:50:22.6083462Z LTS
Frontend (JS/HTML/CSS)	UNKNOWN STEP	2026-04-04T13:50:22.6083906Z ##[endgroup]
Frontend (JS/HTML/CSS)	UNKNOWN STEP	2026-04-04T13:50:22.6084489Z ##[group]Runner Image
Frontend (JS/HTML/CSS)	UNKNOWN STEP	2026-04-04T13:50:22.6085034Z Image: ubuntu-24.04
Frontend (JS/HTML/CSS)	UNKNOWN STEP	2026-04-04T13:50:22.6085497Z Version: 20260329.72.1
Frontend (JS/HTML/CSS)	UNKNOWN STEP	2026-04-04T13:50:22.6086733Z Included Software: https://github.com/actions/runner-images/blob/ubuntu24/20260329.72/images/ubuntu/Ubuntu2404-Readme.md
Frontend (JS/HTML/CSS)	UNKNOWN STEP	2026-04-04T13:50:22.6088372Z Image Release: https://github.com/actions/runner-images/releases/tag/ubuntu24%2F20260329.72
Frontend (JS/HTML/CSS)	UNKNOWN STEP	2026-04-04T13:50:22.6089353Z ##[endgroup]
Frontend (JS/HTML/CSS)	UNKNOWN STEP	2026-04-04T13:50:22.6090405Z ##[group]GITHUB_TOKEN Permissions
Frontend (JS/HTML/CSS)	UNKNOWN STEP	2026-04-04T13:50:22.6092531Z Contents: read
Frontend (JS/HTML/CSS)	UNKNOWN STEP	2026-04-04T13:50:22.6093063Z Metadata: read
Frontend (JS/HTML/CSS)	UNKNOWN STEP	2026-04-04T13:50:22.6093575Z Packages: read
Frontend (JS/HTML/CSS)	UNKNOWN STEP	2026-04-04T13:50:22.6094063Z ##[endgroup]
Frontend (JS/HTML/CSS)	UNKNOWN STEP	2026-04-04T13:50:22.6096030Z Secret source: None
Frontend (JS/HTML/CSS)	UNKNOWN STEP	2026-04-04T13:50:22.6096673Z Prepare workflow directory
Frontend (JS/HTML/CSS)	UNKNOWN STEP	2026-04-04T13:50:22.6421707Z Prepare all required actions
Frontend (JS/HTML/CSS)	UNKNOWN STEP	2026-04-04T13:50:22.6459684Z Getting action download info
Frontend (JS/HTML/CSS)	UNKNOWN STEP	2026-04-04T13:50:23.0771045Z Download action repository 'actions/checkout@v4' (SHA:34e114876b0b11c390a56381ad16ebd13914f8d5)
Frontend (JS/HTML/CSS)	UNKNOWN STEP	2026-04-04T13:50:23.2229253Z Download action repository 'actions/setup-node@v4' (SHA:49933ea5288caeca8642d1e84afbd3f7d6820020)
Frontend (JS/HTML/CSS)	UNKNOWN STEP	2026-04-04T13:50:23.4872399Z Complete job name: Frontend (JS/HTML/CSS)
Frontend (JS/HTML/CSS)	UNKNOWN STEP	2026-04-04T13:50:23.5574401Z ##[group]Run actions/checkout@v4
Frontend (JS/HTML/CSS)	UNKNOWN STEP	2026-04-04T13:50:23.5575358Z with:
Frontend (JS/HTML/CSS)	UNKNOWN STEP	2026-04-04T13:50:23.5575771Z   repository: fkcurrie/utba-swarmmap
Frontend (JS/HTML/CSS)	UNKNOWN STEP	2026-04-04T13:50:23.5576442Z   token: ***
Frontend (JS/HTML/CSS)	UNKNOWN STEP	2026-04-04T13:50:23.5576816Z   ssh-strict: true
Frontend (JS/HTML/CSS)	UNKNOWN STEP	2026-04-04T13:50:23.5577204Z   ssh-user: git
Frontend (JS/HTML/CSS)	UNKNOWN STEP	2026-04-04T13:50:23.5577599Z   persist-credentials: true
Frontend (JS/HTML/CSS)	UNKNOWN STEP	2026-04-04T13:50:23.5578265Z   clean: true
Frontend (JS/HTML/CSS)	UNKNOWN STEP	2026-04-04T13:50:23.5578672Z   sparse-checkout-cone-mode: true
Frontend (JS/HTML/CSS)	UNKNOWN STEP	2026-04-04T13:50:23.5579153Z   fetch-depth: 1
Frontend (JS/HTML/CSS)	UNKNOWN STEP	2026-04-04T13:50:23.5579532Z   fetch-tags: false
Frontend (JS/HTML/CSS)	UNKNOWN STEP	2026-04-04T13:50:23.5579926Z   show-progress: true
Frontend (JS/HTML/CSS)	UNKNOWN STEP	2026-04-04T13:50:23.5580319Z   lfs: false
Frontend (JS/HTML/CSS)	UNKNOWN STEP	2026-04-04T13:50:23.5580682Z   submodules: false
Frontend (JS/HTML/CSS)	UNKNOWN STEP	2026-04-04T13:50:23.5581065Z   set-safe-directory: true
Frontend (JS/HTML/CSS)	UNKNOWN STEP	2026-04-04T13:50:23.5581778Z ##[endgroup]
Frontend (JS/HTML/CSS)	UNKNOWN STEP	2026-04-04T13:50:23.6729857Z Syncing repository: fkcurrie/utba-swarmmap
Frontend (JS/HTML/CSS)	UNKNOWN STEP	2026-04-04T13:50:23.6731947Z ##[group]Getting Git version info
Frontend (JS/HTML/CSS)	UNKNOWN STEP	2026-04-04T13:50:23.6732784Z Working directory is '/home/runner/work/utba-swarmmap/utba-swarmmap'
Frontend (JS/HTML/CSS)	UNKNOWN STEP	2026-04-04T13:50:23.6733854Z [command]/usr/bin/git version
Frontend (JS/HTML/CSS)	UNKNOWN STEP	2026-04-04T13:50:23.6785740Z git version 2.53.0
Frontend (JS/HTML/CSS)	UNKNOWN STEP	2026-04-04T13:50:23.6813476Z ##[endgroup]
Frontend (JS/HTML/CSS)	UNKNOWN STEP	2026-04-04T13:50:23.6829326Z Temporarily overriding HOME='/home/runner/work/_temp/3aa4780c-fe67-41d7-b1ab-97f37fae7ae1' before making global git config changes
Frontend (JS/HTML/CSS)	UNKNOWN STEP	2026-04-04T13:50:23.6831667Z Adding repository directory to the temporary git global config as a safe directory
Frontend (JS/HTML/CSS)	UNKNOWN STEP	2026-04-04T13:50:23.6836077Z [command]/usr/bin/git config --global --add safe.directory /home/runner/work/utba-swarmmap/utba-swarmmap
Frontend (JS/HTML/CSS)	UNKNOWN STEP	2026-04-04T13:50:23.6870907Z Deleting the contents of '/home/runner/work/utba-swarmmap/utba-swarmmap'
Frontend (JS/HTML/CSS)	UNKNOWN STEP	2026-04-04T13:50:23.6874822Z ##[group]Initializing the repository
Frontend (JS/HTML/CSS)	UNKNOWN STEP	2026-04-04T13:50:23.6879931Z [command]/usr/bin/git init /home/runner/work/utba-swarmmap/utba-swarmmap
Frontend (JS/HTML/CSS)	UNKNOWN STEP	2026-04-04T13:50:23.6979114Z hint: Using 'master' as the name for the initial branch. This default branch name
Frontend (JS/HTML/CSS)	UNKNOWN STEP	2026-04-04T13:50:23.6981589Z hint: will change to "main" in Git 3.0. To configure the initial branch name
Frontend (JS/HTML/CSS)	UNKNOWN STEP	2026-04-04T13:50:23.6984191Z hint: to use in all of your new repositories, which will suppress this warning,
Frontend (JS/HTML/CSS)	UNKNOWN STEP	2026-04-04T13:50:23.6986138Z hint: call:
Frontend (JS/HTML/CSS)	UNKNOWN STEP	2026-04-04T13:50:23.6987201Z hint:
Frontend (JS/HTML/CSS)	UNKNOWN STEP	2026-04-04T13:50:23.6989781Z hint: 	git config --global init.defaultBranch <name>
Frontend (JS/HTML/CSS)	UNKNOWN STEP	2026-04-04T13:50:23.6990872Z hint:
Frontend (JS/HTML/CSS)	UNKNOWN STEP	2026-04-04T13:50:23.6991835Z hint: Names commonly chosen instead of 'master' are 'main', 'trunk' and
Frontend (JS/HTML/CSS)	UNKNOWN STEP	2026-04-04T13:50:23.6993472Z hint: 'development'. The just-created branch can be renamed via this command:
Frontend (JS/HTML/CSS)	UNKNOWN STEP	2026-04-04T13:50:23.6994730Z hint:
Frontend (JS/HTML/CSS)	UNKNOWN STEP	2026-04-04T13:50:23.6995415Z hint: 	git branch -m <name>
Frontend (JS/HTML/CSS)	UNKNOWN STEP	2026-04-04T13:50:23.6996208Z hint:
Frontend (JS/HTML/CSS)	UNKNOWN STEP	2026-04-04T13:50:23.6997236Z hint: Disable this message with "git config set advice.defaultBranchName false"
Frontend (JS/HTML/CSS)	UNKNOWN STEP	2026-04-04T13:50:23.6999584Z Initialized empty Git repository in /home/runner/work/utba-swarmmap/utba-swarmmap/.git/
Frontend (JS/HTML/CSS)	UNKNOWN STEP	2026-04-04T13:50:23.7002635Z [command]/usr/bin/git remote add origin https://github.com/fkcurrie/utba-swarmmap
Frontend (JS/HTML/CSS)	UNKNOWN STEP	2026-04-04T13:50:23.7025908Z ##[endgroup]
Frontend (JS/HTML/CSS)	UNKNOWN STEP	2026-04-04T13:50:23.7027276Z ##[group]Disabling automatic garbage collection
Frontend (JS/HTML/CSS)	UNKNOWN STEP	2026-04-04T13:50:23.7029708Z [command]/usr/bin/git config --local gc.auto 0
Frontend (JS/HTML/CSS)	UNKNOWN STEP	2026-04-04T13:50:23.7060267Z ##[endgroup]
Frontend (JS/HTML/CSS)	UNKNOWN STEP	2026-04-04T13:50:23.7061771Z ##[group]Setting up auth
Frontend (JS/HTML/CSS)	UNKNOWN STEP	2026-04-04T13:50:23.7067032Z [command]/usr/bin/git config --local --name-only --get-regexp core\.sshCommand
Frontend (JS/HTML/CSS)	UNKNOWN STEP	2026-04-04T13:50:23.7100105Z [command]/usr/bin/git submodule foreach --recursive sh -c "git config --local --name-only --get-regexp 'core\.sshCommand' && git config --local --unset-all 'core.sshCommand' || :"
Frontend (JS/HTML/CSS)	UNKNOWN STEP	2026-04-04T13:50:23.7398262Z [command]/usr/bin/git config --local --name-only --get-regexp http\.https\:\/\/github\.com\/\.extraheader
Frontend (JS/HTML/CSS)	UNKNOWN STEP	2026-04-04T13:50:23.7425802Z [command]/usr/bin/git submodule foreach --recursive sh -c "git config --local --name-only --get-regexp 'http\.https\:\/\/github\.com\/\.extraheader' && git config --local --unset-all 'http.https://github.com/.extraheader' || :"
Frontend (JS/HTML/CSS)	UNKNOWN STEP	2026-04-04T13:50:23.7636641Z [command]/usr/bin/git config --local --name-only --get-regexp ^includeIf\.gitdir:
Frontend (JS/HTML/CSS)	UNKNOWN STEP	2026-04-04T13:50:23.7673702Z [command]/usr/bin/git submodule foreach --recursive git config --local --show-origin --name-only --get-regexp remote.origin.url
Frontend (JS/HTML/CSS)	UNKNOWN STEP	2026-04-04T13:50:23.7887286Z [command]/usr/bin/git config --local http.https://github.com/.extraheader AUTHORIZATION: basic ***
Frontend (JS/HTML/CSS)	UNKNOWN STEP	2026-04-04T13:50:23.7920305Z ##[endgroup]
Frontend (JS/HTML/CSS)	UNKNOWN STEP	2026-04-04T13:50:23.7921368Z ##[group]Fetching the repository
Frontend (JS/HTML/CSS)	UNKNOWN STEP	2026-04-04T13:50:23.7928871Z [command]/usr/bin/git -c protocol.version=2 fetch --no-tags --prune --no-recurse-submodules --depth=1 origin +a5becd9adb425a2b0508da22861894d2b48d58b8:refs/remotes/pull/11/merge
Frontend (JS/HTML/CSS)	UNKNOWN STEP	2026-04-04T13:50:24.4382343Z From https://github.com/fkcurrie/utba-swarmmap
Frontend (JS/HTML/CSS)	UNKNOWN STEP	2026-04-04T13:50:24.4384227Z  * [new ref]         a5becd9adb425a2b0508da22861894d2b48d58b8 -> pull/11/merge
Frontend (JS/HTML/CSS)	UNKNOWN STEP	2026-04-04T13:50:24.4413235Z ##[endgroup]
Frontend (JS/HTML/CSS)	UNKNOWN STEP	2026-04-04T13:50:24.4414447Z ##[group]Determining the checkout info
Frontend (JS/HTML/CSS)	UNKNOWN STEP	2026-04-04T13:50:24.4415950Z ##[endgroup]
Frontend (JS/HTML/CSS)	UNKNOWN STEP	2026-04-04T13:50:24.4421131Z [command]/usr/bin/git sparse-checkout disable
Frontend (JS/HTML/CSS)	UNKNOWN STEP	2026-04-04T13:50:24.4457530Z [command]/usr/bin/git config --local --unset-all extensions.worktreeConfig
Frontend (JS/HTML/CSS)	UNKNOWN STEP	2026-04-04T13:50:24.4484028Z ##[group]Checking out the ref
Frontend (JS/HTML/CSS)	UNKNOWN STEP	2026-04-04T13:50:24.4489174Z [command]/usr/bin/git checkout --progress --force refs/remotes/pull/11/merge
Frontend (JS/HTML/CSS)	UNKNOWN STEP	2026-04-04T13:50:24.4712275Z Note: switching to 'refs/remotes/pull/11/merge'.
Frontend (JS/HTML/CSS)	UNKNOWN STEP	2026-04-04T13:50:24.4713961Z 
Frontend (JS/HTML/CSS)	UNKNOWN STEP	2026-04-04T13:50:24.4715521Z You are in 'detached HEAD' state. You can look around, make experimental
Frontend (JS/HTML/CSS)	UNKNOWN STEP	2026-04-04T13:50:24.4716864Z changes and commit them, and you can discard any commits you make in this
Frontend (JS/HTML/CSS)	UNKNOWN STEP	2026-04-04T13:50:24.4718386Z state without impacting any branches by switching back to a branch.
Frontend (JS/HTML/CSS)	UNKNOWN STEP	2026-04-04T13:50:24.4719167Z 
Frontend (JS/HTML/CSS)	UNKNOWN STEP	2026-04-04T13:50:24.4719958Z If you want to create a new branch to retain commits you create, you may
Frontend (JS/HTML/CSS)	UNKNOWN STEP	2026-04-04T13:50:24.4721176Z do so (now or later) by using -c with the switch command. Example:
Frontend (JS/HTML/CSS)	UNKNOWN STEP	2026-04-04T13:50:24.4721910Z 
Frontend (JS/HTML/CSS)	UNKNOWN STEP	2026-04-04T13:50:24.4722245Z   git switch -c <new-branch-name>
Frontend (JS/HTML/CSS)	UNKNOWN STEP	2026-04-04T13:50:24.4722771Z 
Frontend (JS/HTML/CSS)	UNKNOWN STEP	2026-04-04T13:50:24.4723052Z Or undo this operation with:
Frontend (JS/HTML/CSS)	UNKNOWN STEP	2026-04-04T13:50:24.4723791Z 
Frontend (JS/HTML/CSS)	UNKNOWN STEP	2026-04-04T13:50:24.4724034Z   git switch -
Frontend (JS/HTML/CSS)	UNKNOWN STEP	2026-04-04T13:50:24.4724457Z 
Frontend (JS/HTML/CSS)	UNKNOWN STEP	2026-04-04T13:50:24.4725074Z Turn off this advice by setting config variable advice.detachedHead to false
Frontend (JS/HTML/CSS)	UNKNOWN STEP	2026-04-04T13:50:24.4726019Z 
Frontend (JS/HTML/CSS)	UNKNOWN STEP	2026-04-04T13:50:24.4727190Z HEAD is now at a5becd9 Merge 9af194afee8ec275e9417b5e70d61b496c95c242 into ce8c646a1e1a3155ecfdd83f5a8af5e375dad3a3
Frontend (JS/HTML/CSS)	UNKNOWN STEP	2026-04-04T13:50:24.4730882Z ##[endgroup]
Frontend (JS/HTML/CSS)	UNKNOWN STEP	2026-04-04T13:50:24.4757284Z [command]/usr/bin/git log -1 --format=%H
Frontend (JS/HTML/CSS)	UNKNOWN STEP	2026-04-04T13:50:24.4779568Z a5becd9adb425a2b0508da22861894d2b48d58b8
Frontend (JS/HTML/CSS)	UNKNOWN STEP	2026-04-04T13:50:24.5104189Z ##[group]Run actions/setup-node@v4
Frontend (JS/HTML/CSS)	UNKNOWN STEP	2026-04-04T13:50:24.5105288Z with:
Frontend (JS/HTML/CSS)	UNKNOWN STEP	2026-04-04T13:50:24.5106000Z   node-version: 20
Frontend (JS/HTML/CSS)	UNKNOWN STEP	2026-04-04T13:50:24.5106776Z   cache: npm
Frontend (JS/HTML/CSS)	UNKNOWN STEP	2026-04-04T13:50:24.5107501Z   always-auth: false
Frontend (JS/HTML/CSS)	UNKNOWN STEP	2026-04-04T13:50:24.5108526Z   check-latest: false
Frontend (JS/HTML/CSS)	UNKNOWN STEP	2026-04-04T13:50:24.5109659Z   token: ***
Frontend (JS/HTML/CSS)	UNKNOWN STEP	2026-04-04T13:50:24.5110406Z ##[endgroup]
Frontend (JS/HTML/CSS)	UNKNOWN STEP	2026-04-04T13:50:24.7604932Z Found in cache @ /opt/hostedtoolcache/node/20.20.2/x64
Frontend (JS/HTML/CSS)	UNKNOWN STEP	2026-04-04T13:50:24.7610062Z ##[group]Environment details
Frontend (JS/HTML/CSS)	UNKNOWN STEP	2026-04-04T13:50:27.4975915Z node: v20.20.2
Frontend (JS/HTML/CSS)	UNKNOWN STEP	2026-04-04T13:50:27.4976355Z npm: 10.8.2
Frontend (JS/HTML/CSS)	UNKNOWN STEP	2026-04-04T13:50:27.4976744Z yarn: 1.22.22
Frontend (JS/HTML/CSS)	UNKNOWN STEP	2026-04-04T13:50:27.4978253Z ##[endgroup]
Frontend (JS/HTML/CSS)	UNKNOWN STEP	2026-04-04T13:50:27.5000020Z [command]/opt/hostedtoolcache/node/20.20.2/x64/bin/npm config get cache
Frontend (JS/HTML/CSS)	UNKNOWN STEP	2026-04-04T13:50:27.6961698Z /home/runner/.npm
Frontend (JS/HTML/CSS)	UNKNOWN STEP	2026-04-04T13:50:27.9949252Z Cache hit for: node-cache-Linux-x64-npm-6c84bea60747005d4032d9ad1ac33a0328c1a7001d73c6f703872a43e2b231b4
Frontend (JS/HTML/CSS)	UNKNOWN STEP	2026-04-04T13:50:29.2963227Z Received 4348455 of 25319975 (17.2%), 4.1 MBs/sec
Frontend (JS/HTML/CSS)	UNKNOWN STEP	2026-04-04T13:50:29.7031531Z Received 25319975 of 25319975 (100.0%), 17.1 MBs/sec
Frontend (JS/HTML/CSS)	UNKNOWN STEP	2026-04-04T13:50:29.7032427Z Cache Size: ~24 MB (25319975 B)
Frontend (JS/HTML/CSS)	UNKNOWN STEP	2026-04-04T13:50:29.7063985Z [command]/usr/bin/tar -xf /home/runner/work/_temp/b2eecc41-32ed-4fed-a43b-0c5281e27109/cache.tzst -P -C /home/runner/work/utba-swarmmap/utba-swarmmap --use-compress-program unzstd
Frontend (JS/HTML/CSS)	UNKNOWN STEP	2026-04-04T13:50:29.8031280Z Cache restored successfully
Frontend (JS/HTML/CSS)	UNKNOWN STEP	2026-04-04T13:50:29.8049070Z Cache restored from key: node-cache-Linux-x64-npm-6c84bea60747005d4032d9ad1ac33a0328c1a7001d73c6f703872a43e2b231b4
Frontend (JS/HTML/CSS)	UNKNOWN STEP	2026-04-04T13:50:29.8278982Z ##[group]Run npm ci
Frontend (JS/HTML/CSS)	UNKNOWN STEP	2026-04-04T13:50:29.8279289Z [36;1mnpm ci[0m
Frontend (JS/HTML/CSS)	UNKNOWN STEP	2026-04-04T13:50:29.8315803Z shell: /usr/bin/bash -e {0}
Frontend (JS/HTML/CSS)	UNKNOWN STEP	2026-04-04T13:50:29.8316065Z ##[endgroup]
Frontend (JS/HTML/CSS)	UNKNOWN STEP	2026-04-04T13:50:33.0080993Z npm warn deprecated popper.js@1.16.1: You can find the new Popper v2 at @popperjs/core, this package is dedicated to the legacy v1
Frontend (JS/HTML/CSS)	UNKNOWN STEP	2026-04-04T13:50:33.5783811Z 
Frontend (JS/HTML/CSS)	UNKNOWN STEP	2026-04-04T13:50:33.5784615Z added 337 packages, and audited 338 packages in 4s
Frontend (JS/HTML/CSS)	UNKNOWN STEP	2026-04-04T13:50:33.5785102Z 
Frontend (JS/HTML/CSS)	UNKNOWN STEP	2026-04-04T13:50:33.5785388Z 116 packages are looking for funding
Frontend (JS/HTML/CSS)	UNKNOWN STEP	2026-04-04T13:50:33.5785866Z   run `npm fund` for details
Frontend (JS/HTML/CSS)	UNKNOWN STEP	2026-04-04T13:50:33.5795844Z 
Frontend (JS/HTML/CSS)	UNKNOWN STEP	2026-04-04T13:50:33.5796226Z found 0 vulnerabilities
Frontend (JS/HTML/CSS)	UNKNOWN STEP	2026-04-04T13:50:33.6044085Z ##[group]Run npx eslint "frontend/static/js/**/*.js"
Frontend (JS/HTML/CSS)	UNKNOWN STEP	2026-04-04T13:50:33.6044500Z [36;1mnpx eslint "frontend/static/js/**/*.js"[0m
Frontend (JS/HTML/CSS)	UNKNOWN STEP	2026-04-04T13:50:33.6072204Z shell: /usr/bin/bash -e {0}
Frontend (JS/HTML/CSS)	UNKNOWN STEP	2026-04-04T13:50:33.6072462Z ##[endgroup]
Frontend (JS/HTML/CSS)	UNKNOWN STEP	2026-04-04T13:50:34.4215535Z ##[group]Run npx prettier --check "frontend/static/**/*.{js,css}" "backend/templates/**/*.html"
Frontend (JS/HTML/CSS)	UNKNOWN STEP	2026-04-04T13:50:34.4216234Z [36;1mnpx prettier --check "frontend/static/**/*.{js,css}" "backend/templates/**/*.html"[0m
Frontend (JS/HTML/CSS)	UNKNOWN STEP	2026-04-04T13:50:34.4242655Z shell: /usr/bin/bash -e {0}
Frontend (JS/HTML/CSS)	UNKNOWN STEP	2026-04-04T13:50:34.4242905Z ##[endgroup]
Frontend (JS/HTML/CSS)	UNKNOWN STEP	2026-04-04T13:50:34.8436973Z Checking formatting...
Frontend (JS/HTML/CSS)	UNKNOWN STEP	2026-04-04T13:50:35.0427532Z All matched files use Prettier code style!
Frontend (JS/HTML/CSS)	UNKNOWN STEP	2026-04-04T13:50:35.1516463Z ##[group]Run npx htmlhint "backend/templates/**/*.html"
Frontend (JS/HTML/CSS)	UNKNOWN STEP	2026-04-04T13:50:35.1517113Z [36;1mnpx htmlhint "backend/templates/**/*.html"[0m
Frontend (JS/HTML/CSS)	UNKNOWN STEP	2026-04-04T13:50:35.1552178Z shell: /usr/bin/bash -e {0}
Frontend (JS/HTML/CSS)	UNKNOWN STEP	2026-04-04T13:50:35.1552432Z ##[endgroup]
Frontend (JS/HTML/CSS)	UNKNOWN STEP	2026-04-04T13:50:35.6467027Z 
Frontend (JS/HTML/CSS)	UNKNOWN STEP	2026-04-04T13:50:35.6492066Z    Config loaded: /home/runner/work/utba-swarmmap/utba-swarmmap/.htmlhintrc
Frontend (JS/HTML/CSS)	UNKNOWN STEP	2026-04-04T13:50:35.6492658Z 
Frontend (JS/HTML/CSS)	UNKNOWN STEP	2026-04-04T13:50:35.6682263Z Scanned 9 files, no errors found (24 ms).
Frontend (JS/HTML/CSS)	UNKNOWN STEP	2026-04-04T13:50:35.6829442Z ##[group]Run npx stylelint "frontend/static/css/**/*.css"
Frontend (JS/HTML/CSS)	UNKNOWN STEP	2026-04-04T13:50:35.6829857Z [36;1mnpx stylelint "frontend/static/css/**/*.css"[0m
Frontend (JS/HTML/CSS)	UNKNOWN STEP	2026-04-04T13:50:35.6855660Z shell: /usr/bin/bash -e {0}
Frontend (JS/HTML/CSS)	UNKNOWN STEP	2026-04-04T13:50:35.6855894Z ##[endgroup]
Frontend (JS/HTML/CSS)	UNKNOWN STEP	2026-04-04T13:50:36.5904520Z 
Frontend (JS/HTML/CSS)	UNKNOWN STEP	2026-04-04T13:50:36.5905153Z frontend/static/css/style.css
Frontend (JS/HTML/CSS)	UNKNOWN STEP	2026-04-04T13:50:36.5908113Z   [2m40:1[22m   [31m[31m✖[39m  Expected empty line before comment                    [2mcomment-empty-line-before[22m
Frontend (JS/HTML/CSS)	UNKNOWN STEP	2026-04-04T13:50:36.5909736Z   [2m64:1[22m   [31m[31m✖[39m  Expected id selector "#mediaViewer" to be kebab-case  [2mselector-id-pattern[22m
Frontend (JS/HTML/CSS)	UNKNOWN STEP	2026-04-04T13:50:36.5910639Z   [2m65:1[22m   [31m[31m✖[39m  Expected id selector "#videoViewer" to be kebab-case  [2mselector-id-pattern[22m
Frontend (JS/HTML/CSS)	UNKNOWN STEP	2026-04-04T13:50:36.5911501Z   [2m75:15[22m  [31m[31m✖[39m  Expected "rgba" to be "rgb"                           [2mcolor-function-alias-notation[22m
Frontend (JS/HTML/CSS)	UNKNOWN STEP	2026-04-04T13:50:36.5912382Z   [2m75:15[22m  [31m[31m✖[39m  Expected modern color-function notation               [2mcolor-function-notation[22m
Frontend (JS/HTML/CSS)	UNKNOWN STEP	2026-04-04T13:50:36.5913215Z   [2m75:35[22m  [31m[31m✖[39m  Expected "0.2" to be "20%"                            [2malpha-value-notation[22m
Frontend (JS/HTML/CSS)	UNKNOWN STEP	2026-04-04T13:50:36.5914001Z   [2m87:15[22m  [31m[31m✖[39m  Expected "rgba" to be "rgb"                           [2mcolor-function-alias-notation[22m
Frontend (JS/HTML/CSS)	UNKNOWN STEP	2026-04-04T13:50:36.5914883Z   [2m87:15[22m  [31m[31m✖[39m  Expected modern color-function notation               [2mcolor-function-notation[22m
Frontend (JS/HTML/CSS)	UNKNOWN STEP	2026-04-04T13:50:36.5915759Z   [2m87:35[22m  [31m[31m✖[39m  Expected "0.4" to be "40%"                            [2malpha-value-notation[22m
Frontend (JS/HTML/CSS)	UNKNOWN STEP	2026-04-04T13:50:36.5916128Z 
Frontend (JS/HTML/CSS)	UNKNOWN STEP	2026-04-04T13:50:36.5916463Z [31m✖[39m 9 problems ([31m9 errors[39m, [33m0 warnings[39m)
Frontend (JS/HTML/CSS)	UNKNOWN STEP	2026-04-04T13:50:36.5916915Z   7 errors potentially fixable with the "--fix" option.
Frontend (JS/HTML/CSS)	UNKNOWN STEP	2026-04-04T13:50:36.5917170Z 
Frontend (JS/HTML/CSS)	UNKNOWN STEP	2026-04-04T13:50:36.6099018Z ##[error]Process completed with exit code 2.
Frontend (JS/HTML/CSS)	UNKNOWN STEP	2026-04-04T13:50:36.6208350Z Post job cleanup.
Frontend (JS/HTML/CSS)	UNKNOWN STEP	2026-04-04T13:50:36.7153418Z [command]/usr/bin/git version
Frontend (JS/HTML/CSS)	UNKNOWN STEP	2026-04-04T13:50:36.7188765Z git version 2.53.0
Frontend (JS/HTML/CSS)	UNKNOWN STEP	2026-04-04T13:50:36.7231368Z Temporarily overriding HOME='/home/runner/work/_temp/e80dddea-c572-4ff5-8a35-54c5e3a3fc5f' before making global git config changes
Frontend (JS/HTML/CSS)	UNKNOWN STEP	2026-04-04T13:50:36.7232419Z Adding repository directory to the temporary git global config as a safe directory
Frontend (JS/HTML/CSS)	UNKNOWN STEP	2026-04-04T13:50:36.7243478Z [command]/usr/bin/git config --global --add safe.directory /home/runner/work/utba-swarmmap/utba-swarmmap
Frontend (JS/HTML/CSS)	UNKNOWN STEP	2026-04-04T13:50:36.7275733Z [command]/usr/bin/git config --local --name-only --get-regexp core\.sshCommand
Frontend (JS/HTML/CSS)	UNKNOWN STEP	2026-04-04T13:50:36.7307228Z [command]/usr/bin/git submodule foreach --recursive sh -c "git config --local --name-only --get-regexp 'core\.sshCommand' && git config --local --unset-all 'core.sshCommand' || :"
Frontend (JS/HTML/CSS)	UNKNOWN STEP	2026-04-04T13:50:36.7525367Z [command]/usr/bin/git config --local --name-only --get-regexp http\.https\:\/\/github\.com\/\.extraheader
Frontend (JS/HTML/CSS)	UNKNOWN STEP	2026-04-04T13:50:36.7545337Z http.https://github.com/.extraheader
Frontend (JS/HTML/CSS)	UNKNOWN STEP	2026-04-04T13:50:36.7558600Z [command]/usr/bin/git config --local --unset-all http.https://github.com/.extraheader
Frontend (JS/HTML/CSS)	UNKNOWN STEP	2026-04-04T13:50:36.7588764Z [command]/usr/bin/git submodule foreach --recursive sh -c "git config --local --name-only --get-regexp 'http\.https\:\/\/github\.com\/\.extraheader' && git config --local --unset-all 'http.https://github.com/.extraheader' || :"
Frontend (JS/HTML/CSS)	UNKNOWN STEP	2026-04-04T13:50:36.7796364Z [command]/usr/bin/git config --local --name-only --get-regexp ^includeIf\.gitdir:
Frontend (JS/HTML/CSS)	UNKNOWN STEP	2026-04-04T13:50:36.7825786Z [command]/usr/bin/git submodule foreach --recursive git config --local --show-origin --name-only --get-regexp remote.origin.url
Frontend (JS/HTML/CSS)	UNKNOWN STEP	2026-04-04T13:50:36.8161553Z Cleaning up orphan processes
Frontend (JS/HTML/CSS)	UNKNOWN STEP	2026-04-04T13:50:36.8468073Z ##[warning]Node.js 20 actions are deprecated. The following actions are running on Node.js 20 and may not work as expected: actions/checkout@v4, actions/setup-node@v4. Actions will be forced to run with Node.js 24 by default starting June 2nd, 2026. Node.js 20 will be removed from the runner on September 16th, 2026. Please check if updated versions of these actions are available that support Node.js 24. To opt into Node.js 24 now, set the FORCE_JAVASCRIPT_ACTIONS_TO_NODE24=true environment variable on the runner or in your workflow file. Once Node.js 24 becomes the default, you can temporarily opt out by setting ACTIONS_ALLOW_USE_UNSECURE_NODE_VERSION=true. For more information see: https://github.blog/changelog/2025-09-19-deprecation-of-node-20-on-github-actions-runners/
