Backend (Go)	UNKNOWN STEP	﻿2026-04-04T14:45:36.7941909Z Current runner version: '2.333.1'
Backend (Go)	UNKNOWN STEP	2026-04-04T14:45:36.7973716Z ##[group]Runner Image Provisioner
Backend (Go)	UNKNOWN STEP	2026-04-04T14:45:36.7974505Z Hosted Compute Agent
Backend (Go)	UNKNOWN STEP	2026-04-04T14:45:36.7974983Z Version: 20260213.493
Backend (Go)	UNKNOWN STEP	2026-04-04T14:45:36.7975535Z Commit: 5c115507f6dd24b8de37d8bbe0bb4509d0cc0fa3
Backend (Go)	UNKNOWN STEP	2026-04-04T14:45:36.7976152Z Build Date: 2026-02-13T00:28:41Z
Backend (Go)	UNKNOWN STEP	2026-04-04T14:45:36.7976772Z Worker ID: {ee775884-79ba-4278-ab84-663d1875fe7a}
Backend (Go)	UNKNOWN STEP	2026-04-04T14:45:36.7977368Z Azure Region: northcentralus
Backend (Go)	UNKNOWN STEP	2026-04-04T14:45:36.7977904Z ##[endgroup]
Backend (Go)	UNKNOWN STEP	2026-04-04T14:45:36.7979175Z ##[group]Operating System
Backend (Go)	UNKNOWN STEP	2026-04-04T14:45:36.7979660Z Ubuntu
Backend (Go)	UNKNOWN STEP	2026-04-04T14:45:36.7980139Z 24.04.4
Backend (Go)	UNKNOWN STEP	2026-04-04T14:45:36.7980531Z LTS
Backend (Go)	UNKNOWN STEP	2026-04-04T14:45:36.7980948Z ##[endgroup]
Backend (Go)	UNKNOWN STEP	2026-04-04T14:45:36.7981345Z ##[group]Runner Image
Backend (Go)	UNKNOWN STEP	2026-04-04T14:45:36.7981912Z Image: ubuntu-24.04
Backend (Go)	UNKNOWN STEP	2026-04-04T14:45:36.7982644Z Version: 20260329.72.1
Backend (Go)	UNKNOWN STEP	2026-04-04T14:45:36.7983791Z Included Software: https://github.com/actions/runner-images/blob/ubuntu24/20260329.72/images/ubuntu/Ubuntu2404-Readme.md
Backend (Go)	UNKNOWN STEP	2026-04-04T14:45:36.7985035Z Image Release: https://github.com/actions/runner-images/releases/tag/ubuntu24%2F20260329.72
Backend (Go)	UNKNOWN STEP	2026-04-04T14:45:36.7985827Z ##[endgroup]
Backend (Go)	UNKNOWN STEP	2026-04-04T14:45:36.7986800Z ##[group]GITHUB_TOKEN Permissions
Backend (Go)	UNKNOWN STEP	2026-04-04T14:45:36.7988750Z Contents: read
Backend (Go)	UNKNOWN STEP	2026-04-04T14:45:36.7989315Z Metadata: read
Backend (Go)	UNKNOWN STEP	2026-04-04T14:45:36.7989760Z Packages: read
Backend (Go)	UNKNOWN STEP	2026-04-04T14:45:36.7990166Z ##[endgroup]
Backend (Go)	UNKNOWN STEP	2026-04-04T14:45:36.7992142Z Secret source: None
Backend (Go)	UNKNOWN STEP	2026-04-04T14:45:36.7992973Z Prepare workflow directory
Backend (Go)	UNKNOWN STEP	2026-04-04T14:45:36.8484660Z Prepare all required actions
Backend (Go)	UNKNOWN STEP	2026-04-04T14:45:36.8539750Z Getting action download info
Backend (Go)	UNKNOWN STEP	2026-04-04T14:45:37.2346848Z Download action repository 'actions/checkout@v4' (SHA:34e114876b0b11c390a56381ad16ebd13914f8d5)
Backend (Go)	UNKNOWN STEP	2026-04-04T14:45:37.3669820Z Download action repository 'actions/setup-go@v5' (SHA:40f1582b2485089dde7abd97c1529aa768e1baff)
Backend (Go)	UNKNOWN STEP	2026-04-04T14:45:37.8077614Z Download action repository 'golangci/golangci-lint-action@v4' (SHA:d6238b002a20823d52840fda27e2d4891c5952dc)
Backend (Go)	UNKNOWN STEP	2026-04-04T14:45:38.2784481Z Download action repository 'securego/gosec@master' (SHA:1af5d582f8fa08ac6621ccc1168b4d3d9d2b2eec)
Backend (Go)	UNKNOWN STEP	2026-04-04T14:45:38.7790791Z Complete job name: Backend (Go)
Backend (Go)	UNKNOWN STEP	2026-04-04T14:45:38.8353505Z ##[group]Pull down action image 'ghcr.io/securego/gosec:2.25.0'
Backend (Go)	UNKNOWN STEP	2026-04-04T14:45:38.8422552Z ##[command]/usr/bin/docker pull ghcr.io/securego/gosec:2.25.0
Backend (Go)	UNKNOWN STEP	2026-04-04T14:45:39.2366281Z 2.25.0: Pulling from securego/gosec
Backend (Go)	UNKNOWN STEP	2026-04-04T14:45:39.3369767Z 589002ba0eae: Already exists
Backend (Go)	UNKNOWN STEP	2026-04-04T14:45:39.3397654Z 644a983862e3: Pulling fs layer
Backend (Go)	UNKNOWN STEP	2026-04-04T14:45:39.3399246Z 6fbff1d4eb7e: Pulling fs layer
Backend (Go)	UNKNOWN STEP	2026-04-04T14:45:39.3399685Z 13ee208a3600: Pulling fs layer
Backend (Go)	UNKNOWN STEP	2026-04-04T14:45:39.3399973Z 4f4fb700ef54: Pulling fs layer
Backend (Go)	UNKNOWN STEP	2026-04-04T14:45:39.3400274Z 8e4ca6825065: Pulling fs layer
Backend (Go)	UNKNOWN STEP	2026-04-04T14:45:39.3400566Z 2de8f3bc93bb: Pulling fs layer
Backend (Go)	UNKNOWN STEP	2026-04-04T14:45:39.3400863Z 19c9efa60884: Pulling fs layer
Backend (Go)	UNKNOWN STEP	2026-04-04T14:45:39.3401133Z 8e4ca6825065: Waiting
Backend (Go)	UNKNOWN STEP	2026-04-04T14:45:39.3401380Z 2de8f3bc93bb: Waiting
Backend (Go)	UNKNOWN STEP	2026-04-04T14:45:39.3401674Z 19c9efa60884: Waiting
Backend (Go)	UNKNOWN STEP	2026-04-04T14:45:39.3401910Z 4f4fb700ef54: Waiting
Backend (Go)	UNKNOWN STEP	2026-04-04T14:45:39.4611868Z 13ee208a3600: Verifying Checksum
Backend (Go)	UNKNOWN STEP	2026-04-04T14:45:39.4613619Z 13ee208a3600: Download complete
Backend (Go)	UNKNOWN STEP	2026-04-04T14:45:39.4637698Z 644a983862e3: Verifying Checksum
Backend (Go)	UNKNOWN STEP	2026-04-04T14:45:39.4639084Z 644a983862e3: Download complete
Backend (Go)	UNKNOWN STEP	2026-04-04T14:45:39.5557003Z 4f4fb700ef54: Download complete
Backend (Go)	UNKNOWN STEP	2026-04-04T14:45:39.5920291Z 644a983862e3: Pull complete
Backend (Go)	UNKNOWN STEP	2026-04-04T14:45:39.6188287Z 6fbff1d4eb7e: Verifying Checksum
Backend (Go)	UNKNOWN STEP	2026-04-04T14:45:39.6188904Z 6fbff1d4eb7e: Download complete
Backend (Go)	UNKNOWN STEP	2026-04-04T14:45:39.7345054Z 19c9efa60884: Verifying Checksum
Backend (Go)	UNKNOWN STEP	2026-04-04T14:45:39.7345820Z 19c9efa60884: Download complete
Backend (Go)	UNKNOWN STEP	2026-04-04T14:45:39.7461476Z 2de8f3bc93bb: Verifying Checksum
Backend (Go)	UNKNOWN STEP	2026-04-04T14:45:39.7466183Z 2de8f3bc93bb: Download complete
Backend (Go)	UNKNOWN STEP	2026-04-04T14:45:39.8507827Z 8e4ca6825065: Verifying Checksum
Backend (Go)	UNKNOWN STEP	2026-04-04T14:45:39.8508380Z 8e4ca6825065: Download complete
Backend (Go)	UNKNOWN STEP	2026-04-04T14:45:43.8416554Z 6fbff1d4eb7e: Pull complete
Backend (Go)	UNKNOWN STEP	2026-04-04T14:45:43.8546521Z 13ee208a3600: Pull complete
Backend (Go)	UNKNOWN STEP	2026-04-04T14:45:43.8656550Z 4f4fb700ef54: Pull complete
Backend (Go)	UNKNOWN STEP	2026-04-04T14:45:45.2909667Z 8e4ca6825065: Pull complete
Backend (Go)	UNKNOWN STEP	2026-04-04T14:45:45.4486363Z 2de8f3bc93bb: Pull complete
Backend (Go)	UNKNOWN STEP	2026-04-04T14:45:45.4595058Z 19c9efa60884: Pull complete
Backend (Go)	UNKNOWN STEP	2026-04-04T14:45:45.4634792Z Digest: sha256:a735b6eedb06d3bc95d196b4320d1f3829caa0ee009e4b4749917cdd070ab026
Backend (Go)	UNKNOWN STEP	2026-04-04T14:45:45.4645296Z Status: Downloaded newer image for ghcr.io/securego/gosec:2.25.0
Backend (Go)	UNKNOWN STEP	2026-04-04T14:45:45.4655125Z ghcr.io/securego/gosec:2.25.0
Backend (Go)	UNKNOWN STEP	2026-04-04T14:45:45.4670625Z ##[endgroup]
Backend (Go)	UNKNOWN STEP	2026-04-04T14:45:45.4936849Z ##[group]Run actions/checkout@v4
Backend (Go)	UNKNOWN STEP	2026-04-04T14:45:45.4937346Z with:
Backend (Go)	UNKNOWN STEP	2026-04-04T14:45:45.4937567Z   repository: fkcurrie/utba-swarmmap
Backend (Go)	UNKNOWN STEP	2026-04-04T14:45:45.4938060Z   token: ***
Backend (Go)	UNKNOWN STEP	2026-04-04T14:45:45.4938250Z   ssh-strict: true
Backend (Go)	UNKNOWN STEP	2026-04-04T14:45:45.4938471Z   ssh-user: git
Backend (Go)	UNKNOWN STEP	2026-04-04T14:45:45.4938665Z   persist-credentials: true
Backend (Go)	UNKNOWN STEP	2026-04-04T14:45:45.4938887Z   clean: true
Backend (Go)	UNKNOWN STEP	2026-04-04T14:45:45.4939085Z   sparse-checkout-cone-mode: true
Backend (Go)	UNKNOWN STEP	2026-04-04T14:45:45.4939349Z   fetch-depth: 1
Backend (Go)	UNKNOWN STEP	2026-04-04T14:45:45.4939522Z   fetch-tags: false
Backend (Go)	UNKNOWN STEP	2026-04-04T14:45:45.4939714Z   show-progress: true
Backend (Go)	UNKNOWN STEP	2026-04-04T14:45:45.4939905Z   lfs: false
Backend (Go)	UNKNOWN STEP	2026-04-04T14:45:45.4940072Z   submodules: false
Backend (Go)	UNKNOWN STEP	2026-04-04T14:45:45.4940266Z   set-safe-directory: true
Backend (Go)	UNKNOWN STEP	2026-04-04T14:45:45.4940629Z ##[endgroup]
Backend (Go)	UNKNOWN STEP	2026-04-04T14:45:45.6000098Z Syncing repository: fkcurrie/utba-swarmmap
Backend (Go)	UNKNOWN STEP	2026-04-04T14:45:45.6001442Z ##[group]Getting Git version info
Backend (Go)	UNKNOWN STEP	2026-04-04T14:45:45.6001910Z Working directory is '/home/runner/work/utba-swarmmap/utba-swarmmap'
Backend (Go)	UNKNOWN STEP	2026-04-04T14:45:45.6002743Z [command]/usr/bin/git version
Backend (Go)	UNKNOWN STEP	2026-04-04T14:45:45.6051552Z git version 2.53.0
Backend (Go)	UNKNOWN STEP	2026-04-04T14:45:45.6075632Z ##[endgroup]
Backend (Go)	UNKNOWN STEP	2026-04-04T14:45:45.6087875Z Temporarily overriding HOME='/home/runner/work/_temp/91c4c6fa-7b62-4c58-8268-f63dc4af49a6' before making global git config changes
Backend (Go)	UNKNOWN STEP	2026-04-04T14:45:45.6088614Z Adding repository directory to the temporary git global config as a safe directory
Backend (Go)	UNKNOWN STEP	2026-04-04T14:45:45.6093578Z [command]/usr/bin/git config --global --add safe.directory /home/runner/work/utba-swarmmap/utba-swarmmap
Backend (Go)	UNKNOWN STEP	2026-04-04T14:45:45.6121816Z Deleting the contents of '/home/runner/work/utba-swarmmap/utba-swarmmap'
Backend (Go)	UNKNOWN STEP	2026-04-04T14:45:45.6125227Z ##[group]Initializing the repository
Backend (Go)	UNKNOWN STEP	2026-04-04T14:45:45.6128991Z [command]/usr/bin/git init /home/runner/work/utba-swarmmap/utba-swarmmap
Backend (Go)	UNKNOWN STEP	2026-04-04T14:45:45.6221668Z hint: Using 'master' as the name for the initial branch. This default branch name
Backend (Go)	UNKNOWN STEP	2026-04-04T14:45:45.6222943Z hint: will change to "main" in Git 3.0. To configure the initial branch name
Backend (Go)	UNKNOWN STEP	2026-04-04T14:45:45.6223909Z hint: to use in all of your new repositories, which will suppress this warning,
Backend (Go)	UNKNOWN STEP	2026-04-04T14:45:45.6224646Z hint: call:
Backend (Go)	UNKNOWN STEP	2026-04-04T14:45:45.6225054Z hint:
Backend (Go)	UNKNOWN STEP	2026-04-04T14:45:45.6225624Z hint: 	git config --global init.defaultBranch <name>
Backend (Go)	UNKNOWN STEP	2026-04-04T14:45:45.6226170Z hint:
Backend (Go)	UNKNOWN STEP	2026-04-04T14:45:45.6227108Z hint: Names commonly chosen instead of 'master' are 'main', 'trunk' and
Backend (Go)	UNKNOWN STEP	2026-04-04T14:45:45.6227920Z hint: 'development'. The just-created branch can be renamed via this command:
Backend (Go)	UNKNOWN STEP	2026-04-04T14:45:45.6228524Z hint:
Backend (Go)	UNKNOWN STEP	2026-04-04T14:45:45.6228806Z hint: 	git branch -m <name>
Backend (Go)	UNKNOWN STEP	2026-04-04T14:45:45.6229014Z hint:
Backend (Go)	UNKNOWN STEP	2026-04-04T14:45:45.6229343Z hint: Disable this message with "git config set advice.defaultBranchName false"
Backend (Go)	UNKNOWN STEP	2026-04-04T14:45:45.6229862Z Initialized empty Git repository in /home/runner/work/utba-swarmmap/utba-swarmmap/.git/
Backend (Go)	UNKNOWN STEP	2026-04-04T14:45:45.6234375Z [command]/usr/bin/git remote add origin https://github.com/fkcurrie/utba-swarmmap
Backend (Go)	UNKNOWN STEP	2026-04-04T14:45:45.6258685Z ##[endgroup]
Backend (Go)	UNKNOWN STEP	2026-04-04T14:45:45.6259087Z ##[group]Disabling automatic garbage collection
Backend (Go)	UNKNOWN STEP	2026-04-04T14:45:45.6262818Z [command]/usr/bin/git config --local gc.auto 0
Backend (Go)	UNKNOWN STEP	2026-04-04T14:45:45.6285246Z ##[endgroup]
Backend (Go)	UNKNOWN STEP	2026-04-04T14:45:45.6285603Z ##[group]Setting up auth
Backend (Go)	UNKNOWN STEP	2026-04-04T14:45:45.6291978Z [command]/usr/bin/git config --local --name-only --get-regexp core\.sshCommand
Backend (Go)	UNKNOWN STEP	2026-04-04T14:45:45.6316380Z [command]/usr/bin/git submodule foreach --recursive sh -c "git config --local --name-only --get-regexp 'core\.sshCommand' && git config --local --unset-all 'core.sshCommand' || :"
Backend (Go)	UNKNOWN STEP	2026-04-04T14:45:45.6570483Z [command]/usr/bin/git config --local --name-only --get-regexp http\.https\:\/\/github\.com\/\.extraheader
Backend (Go)	UNKNOWN STEP	2026-04-04T14:45:45.6594549Z [command]/usr/bin/git submodule foreach --recursive sh -c "git config --local --name-only --get-regexp 'http\.https\:\/\/github\.com\/\.extraheader' && git config --local --unset-all 'http.https://github.com/.extraheader' || :"
Backend (Go)	UNKNOWN STEP	2026-04-04T14:45:45.6770358Z [command]/usr/bin/git config --local --name-only --get-regexp ^includeIf\.gitdir:
Backend (Go)	UNKNOWN STEP	2026-04-04T14:45:45.6796778Z [command]/usr/bin/git submodule foreach --recursive git config --local --show-origin --name-only --get-regexp remote.origin.url
Backend (Go)	UNKNOWN STEP	2026-04-04T14:45:45.6979419Z [command]/usr/bin/git config --local http.https://github.com/.extraheader AUTHORIZATION: basic ***
Backend (Go)	UNKNOWN STEP	2026-04-04T14:45:45.7007837Z ##[endgroup]
Backend (Go)	UNKNOWN STEP	2026-04-04T14:45:45.7008421Z ##[group]Fetching the repository
Backend (Go)	UNKNOWN STEP	2026-04-04T14:45:45.7016583Z [command]/usr/bin/git -c protocol.version=2 fetch --no-tags --prune --no-recurse-submodules --depth=1 origin +ffdbb8570cbbaed06d3ce7208cb560fb4d906f73:refs/remotes/pull/11/merge
Backend (Go)	UNKNOWN STEP	2026-04-04T14:45:46.0951085Z From https://github.com/fkcurrie/utba-swarmmap
Backend (Go)	UNKNOWN STEP	2026-04-04T14:45:46.0952017Z  * [new ref]         ffdbb8570cbbaed06d3ce7208cb560fb4d906f73 -> pull/11/merge
Backend (Go)	UNKNOWN STEP	2026-04-04T14:45:46.0973347Z ##[endgroup]
Backend (Go)	UNKNOWN STEP	2026-04-04T14:45:46.0973696Z ##[group]Determining the checkout info
Backend (Go)	UNKNOWN STEP	2026-04-04T14:45:46.0975502Z ##[endgroup]
Backend (Go)	UNKNOWN STEP	2026-04-04T14:45:46.0980119Z [command]/usr/bin/git sparse-checkout disable
Backend (Go)	UNKNOWN STEP	2026-04-04T14:45:46.1009381Z [command]/usr/bin/git config --local --unset-all extensions.worktreeConfig
Backend (Go)	UNKNOWN STEP	2026-04-04T14:45:46.1029723Z ##[group]Checking out the ref
Backend (Go)	UNKNOWN STEP	2026-04-04T14:45:46.1034075Z [command]/usr/bin/git checkout --progress --force refs/remotes/pull/11/merge
Backend (Go)	UNKNOWN STEP	2026-04-04T14:45:46.1237171Z Note: switching to 'refs/remotes/pull/11/merge'.
Backend (Go)	UNKNOWN STEP	2026-04-04T14:45:46.1237633Z 
Backend (Go)	UNKNOWN STEP	2026-04-04T14:45:46.1237930Z You are in 'detached HEAD' state. You can look around, make experimental
Backend (Go)	UNKNOWN STEP	2026-04-04T14:45:46.1238415Z changes and commit them, and you can discard any commits you make in this
Backend (Go)	UNKNOWN STEP	2026-04-04T14:45:46.1238842Z state without impacting any branches by switching back to a branch.
Backend (Go)	UNKNOWN STEP	2026-04-04T14:45:46.1239085Z 
Backend (Go)	UNKNOWN STEP	2026-04-04T14:45:46.1239256Z If you want to create a new branch to retain commits you create, you may
Backend (Go)	UNKNOWN STEP	2026-04-04T14:45:46.1239663Z do so (now or later) by using -c with the switch command. Example:
Backend (Go)	UNKNOWN STEP	2026-04-04T14:45:46.1239891Z 
Backend (Go)	UNKNOWN STEP	2026-04-04T14:45:46.1240012Z   git switch -c <new-branch-name>
Backend (Go)	UNKNOWN STEP	2026-04-04T14:45:46.1240169Z 
Backend (Go)	UNKNOWN STEP	2026-04-04T14:45:46.1240267Z Or undo this operation with:
Backend (Go)	UNKNOWN STEP	2026-04-04T14:45:46.1240411Z 
Backend (Go)	UNKNOWN STEP	2026-04-04T14:45:46.1240496Z   git switch -
Backend (Go)	UNKNOWN STEP	2026-04-04T14:45:46.1240652Z 
Backend (Go)	UNKNOWN STEP	2026-04-04T14:45:46.1240839Z Turn off this advice by setting config variable advice.detachedHead to false
Backend (Go)	UNKNOWN STEP	2026-04-04T14:45:46.1241113Z 
Backend (Go)	UNKNOWN STEP	2026-04-04T14:45:46.1241428Z HEAD is now at ffdbb85 Merge f837c8ed8532b05d13f87101fbe749b8e1a5669b into ce8c646a1e1a3155ecfdd83f5a8af5e375dad3a3
Backend (Go)	UNKNOWN STEP	2026-04-04T14:45:46.1243048Z ##[endgroup]
Backend (Go)	UNKNOWN STEP	2026-04-04T14:45:46.1278187Z [command]/usr/bin/git log -1 --format=%H
Backend (Go)	UNKNOWN STEP	2026-04-04T14:45:46.1296924Z ffdbb8570cbbaed06d3ce7208cb560fb4d906f73
Backend (Go)	UNKNOWN STEP	2026-04-04T14:45:46.1471437Z ##[group]Run actions/setup-go@v5
Backend (Go)	UNKNOWN STEP	2026-04-04T14:45:46.1471699Z with:
Backend (Go)	UNKNOWN STEP	2026-04-04T14:45:46.1471908Z   go-version: 1.22
Backend (Go)	UNKNOWN STEP	2026-04-04T14:45:46.1472122Z   cache-dependency-path: backend/go.mod
Backend (Go)	UNKNOWN STEP	2026-04-04T14:45:46.1472547Z   check-latest: false
Backend (Go)	UNKNOWN STEP	2026-04-04T14:45:46.1472908Z   token: ***
Backend (Go)	UNKNOWN STEP	2026-04-04T14:45:46.1473070Z   cache: true
Backend (Go)	UNKNOWN STEP	2026-04-04T14:45:46.1473243Z ##[endgroup]
Backend (Go)	UNKNOWN STEP	2026-04-04T14:45:46.3026216Z Setup go version spec 1.22
Backend (Go)	UNKNOWN STEP	2026-04-04T14:45:46.3592518Z Found in cache @ /opt/hostedtoolcache/go/1.22.12/x64
Backend (Go)	UNKNOWN STEP	2026-04-04T14:45:46.3599543Z Added go to the path
Backend (Go)	UNKNOWN STEP	2026-04-04T14:45:46.3605435Z Successfully set up Go version 1.22
Backend (Go)	UNKNOWN STEP	2026-04-04T14:45:46.9522992Z [command]/opt/hostedtoolcache/go/1.22.12/x64/bin/go env GOMODCACHE
Backend (Go)	UNKNOWN STEP	2026-04-04T14:45:46.9553666Z [command]/opt/hostedtoolcache/go/1.22.12/x64/bin/go env GOCACHE
Backend (Go)	UNKNOWN STEP	2026-04-04T14:45:46.9574952Z /home/runner/go/pkg/mod
Backend (Go)	UNKNOWN STEP	2026-04-04T14:45:46.9599144Z /home/runner/.cache/go-build
Backend (Go)	UNKNOWN STEP	2026-04-04T14:45:47.0919950Z Cache is not found
Backend (Go)	UNKNOWN STEP	2026-04-04T14:45:47.0940308Z go version go1.22.12 linux/amd64
Backend (Go)	UNKNOWN STEP	2026-04-04T14:45:47.0940508Z 
Backend (Go)	UNKNOWN STEP	2026-04-04T14:45:47.0940802Z ##[group]go env
Backend (Go)	UNKNOWN STEP	2026-04-04T14:45:47.2094023Z GO111MODULE=''
Backend (Go)	UNKNOWN STEP	2026-04-04T14:45:47.2094496Z GOARCH='amd64'
Backend (Go)	UNKNOWN STEP	2026-04-04T14:45:47.2094908Z GOBIN=''
Backend (Go)	UNKNOWN STEP	2026-04-04T14:45:47.2095278Z GOCACHE='/home/runner/.cache/go-build'
Backend (Go)	UNKNOWN STEP	2026-04-04T14:45:47.2095798Z GOENV='/home/runner/.config/go/env'
Backend (Go)	UNKNOWN STEP	2026-04-04T14:45:47.2096226Z GOEXE=''
Backend (Go)	UNKNOWN STEP	2026-04-04T14:45:47.2096554Z GOEXPERIMENT=''
Backend (Go)	UNKNOWN STEP	2026-04-04T14:45:47.2096888Z GOFLAGS=''
Backend (Go)	UNKNOWN STEP	2026-04-04T14:45:47.2097213Z GOHOSTARCH='amd64'
Backend (Go)	UNKNOWN STEP	2026-04-04T14:45:47.2097569Z GOHOSTOS='linux'
Backend (Go)	UNKNOWN STEP	2026-04-04T14:45:47.2097891Z GOINSECURE=''
Backend (Go)	UNKNOWN STEP	2026-04-04T14:45:47.2098301Z GOMODCACHE='/home/runner/go/pkg/mod'
Backend (Go)	UNKNOWN STEP	2026-04-04T14:45:47.2098758Z GONOPROXY=''
Backend (Go)	UNKNOWN STEP	2026-04-04T14:45:47.2099095Z GONOSUMDB=''
Backend (Go)	UNKNOWN STEP	2026-04-04T14:45:47.2099416Z GOOS='linux'
Backend (Go)	UNKNOWN STEP	2026-04-04T14:45:47.2099836Z GOPATH='/home/runner/go'
Backend (Go)	UNKNOWN STEP	2026-04-04T14:45:47.2100218Z GOPRIVATE=''
Backend (Go)	UNKNOWN STEP	2026-04-04T14:45:47.2100678Z GOPROXY='https://proxy.golang.org,direct'
Backend (Go)	UNKNOWN STEP	2026-04-04T14:45:47.2101298Z GOROOT='/opt/hostedtoolcache/go/1.22.12/x64'
Backend (Go)	UNKNOWN STEP	2026-04-04T14:45:47.2101867Z GOSUMDB='sum.golang.org'
Backend (Go)	UNKNOWN STEP	2026-04-04T14:45:47.2102292Z GOTMPDIR=''
Backend (Go)	UNKNOWN STEP	2026-04-04T14:45:47.2103183Z GOTOOLCHAIN='auto'
Backend (Go)	UNKNOWN STEP	2026-04-04T14:45:47.2103722Z GOTOOLDIR='/opt/hostedtoolcache/go/1.22.12/x64/pkg/tool/linux_amd64'
Backend (Go)	UNKNOWN STEP	2026-04-04T14:45:47.2104345Z GOVCS=''
Backend (Go)	UNKNOWN STEP	2026-04-04T14:45:47.2104669Z GOVERSION='go1.22.12'
Backend (Go)	UNKNOWN STEP	2026-04-04T14:45:47.2105006Z GCCGO='gccgo'
Backend (Go)	UNKNOWN STEP	2026-04-04T14:45:47.2105318Z GOAMD64='v1'
Backend (Go)	UNKNOWN STEP	2026-04-04T14:45:47.2105646Z AR='ar'
Backend (Go)	UNKNOWN STEP	2026-04-04T14:45:47.2105941Z CC='gcc'
Backend (Go)	UNKNOWN STEP	2026-04-04T14:45:47.2106211Z CXX='g++'
Backend (Go)	UNKNOWN STEP	2026-04-04T14:45:47.2106495Z CGO_ENABLED='1'
Backend (Go)	UNKNOWN STEP	2026-04-04T14:45:47.2106814Z GOMOD='/dev/null'
Backend (Go)	UNKNOWN STEP	2026-04-04T14:45:47.2107136Z GOWORK=''
Backend (Go)	UNKNOWN STEP	2026-04-04T14:45:47.2107512Z CGO_CFLAGS='-O2 -g'
Backend (Go)	UNKNOWN STEP	2026-04-04T14:45:47.2107950Z CGO_CPPFLAGS=''
Backend (Go)	UNKNOWN STEP	2026-04-04T14:45:47.2108353Z CGO_CXXFLAGS='-O2 -g'
Backend (Go)	UNKNOWN STEP	2026-04-04T14:45:47.2108794Z CGO_FFLAGS='-O2 -g'
Backend (Go)	UNKNOWN STEP	2026-04-04T14:45:47.2109200Z CGO_LDFLAGS='-O2 -g'
Backend (Go)	UNKNOWN STEP	2026-04-04T14:45:47.2109630Z PKG_CONFIG='pkg-config'
Backend (Go)	UNKNOWN STEP	2026-04-04T14:45:47.2111081Z GOGCCFLAGS='-fPIC -m64 -pthread -Wl,--no-gc-sections -fmessage-length=0 -ffile-prefix-map=/tmp/go-build1113120447=/tmp/go-build -gno-record-gcc-switches'
Backend (Go)	UNKNOWN STEP	2026-04-04T14:45:47.2112526Z 
Backend (Go)	UNKNOWN STEP	2026-04-04T14:45:47.2113206Z ##[endgroup]
Backend (Go)	UNKNOWN STEP	2026-04-04T14:45:47.2190701Z ##[group]Run go fmt ./...
Backend (Go)	UNKNOWN STEP	2026-04-04T14:45:47.2191018Z [36;1mgo fmt ./...[0m
Backend (Go)	UNKNOWN STEP	2026-04-04T14:45:47.2213051Z shell: /usr/bin/bash -e {0}
Backend (Go)	UNKNOWN STEP	2026-04-04T14:45:47.2213300Z ##[endgroup]
Backend (Go)	UNKNOWN STEP	2026-04-04T14:45:47.2313313Z go: downloading cloud.google.com/go/firestore v1.14.0
Backend (Go)	UNKNOWN STEP	2026-04-04T14:45:47.2313969Z go: downloading cloud.google.com/go/storage v1.36.0
Backend (Go)	UNKNOWN STEP	2026-04-04T14:45:47.2770390Z go: downloading github.com/google/uuid v1.5.0
Backend (Go)	UNKNOWN STEP	2026-04-04T14:45:47.2942276Z go: downloading google.golang.org/api v0.155.0
Backend (Go)	UNKNOWN STEP	2026-04-04T14:45:47.3384844Z go: downloading cloud.google.com/go v0.110.10
Backend (Go)	UNKNOWN STEP	2026-04-04T14:45:47.3604918Z go: downloading google.golang.org/grpc v1.60.1
Backend (Go)	UNKNOWN STEP	2026-04-04T14:45:47.6103324Z go: downloading golang.org/x/oauth2 v0.15.0
Backend (Go)	UNKNOWN STEP	2026-04-04T14:45:48.7329232Z go: downloading cloud.google.com/go/compute/metadata v0.2.3
Backend (Go)	UNKNOWN STEP	2026-04-04T14:45:48.7393678Z go: downloading cloud.google.com/go/compute v1.23.3
Backend (Go)	UNKNOWN STEP	2026-04-04T14:45:48.7778096Z go: downloading cloud.google.com/go/iam v1.1.5
Backend (Go)	UNKNOWN STEP	2026-04-04T14:45:48.8975362Z go: downloading github.com/googleapis/gax-go/v2 v2.12.0
Backend (Go)	UNKNOWN STEP	2026-04-04T14:45:49.7479725Z go: downloading google.golang.org/genproto v0.0.0-20231211222908-989df2bf70f3
Backend (Go)	UNKNOWN STEP	2026-04-04T14:45:49.7480851Z go: downloading google.golang.org/protobuf v1.31.0
Backend (Go)	UNKNOWN STEP	2026-04-04T14:45:49.9779482Z go: downloading github.com/golang/protobuf v1.5.3
Backend (Go)	UNKNOWN STEP	2026-04-04T14:45:50.0075718Z go: downloading golang.org/x/time v0.5.0
Backend (Go)	UNKNOWN STEP	2026-04-04T14:45:50.2903406Z go: downloading google.golang.org/genproto/googleapis/rpc v0.0.0-20231212172506-995d672761c0
Backend (Go)	UNKNOWN STEP	2026-04-04T14:45:51.3805926Z go: downloading google.golang.org/genproto/googleapis/api v0.0.0-20231211222908-989df2bf70f3
Backend (Go)	UNKNOWN STEP	2026-04-04T14:45:51.4061950Z go: downloading go.opencensus.io v0.24.0
Backend (Go)	UNKNOWN STEP	2026-04-04T14:45:51.4478766Z go: downloading golang.org/x/xerrors v0.0.0-20231012003039-104605ab7028
Backend (Go)	UNKNOWN STEP	2026-04-04T14:45:51.7318943Z go: downloading go.opentelemetry.io/contrib/instrumentation/net/http/otelhttp v0.46.1
Backend (Go)	UNKNOWN STEP	2026-04-04T14:45:51.7410831Z go: downloading golang.org/x/net v0.19.0
Backend (Go)	UNKNOWN STEP	2026-04-04T14:45:51.9102224Z go: downloading cloud.google.com/go/longrunning v0.5.4
Backend (Go)	UNKNOWN STEP	2026-04-04T14:45:51.9103077Z go: downloading golang.org/x/sync v0.5.0
Backend (Go)	UNKNOWN STEP	2026-04-04T14:45:51.9232813Z go: downloading golang.org/x/sys v0.15.0
Backend (Go)	UNKNOWN STEP	2026-04-04T14:45:52.1431078Z go: downloading github.com/golang/groupcache v0.0.0-20210331224755-41bb18bfe9da
Backend (Go)	UNKNOWN STEP	2026-04-04T14:45:52.2005223Z go: downloading go.opentelemetry.io/contrib/instrumentation/google.golang.org/grpc/otelgrpc v0.46.1
Backend (Go)	UNKNOWN STEP	2026-04-04T14:45:52.3018289Z go: downloading github.com/google/s2a-go v0.1.7
Backend (Go)	UNKNOWN STEP	2026-04-04T14:45:52.3100493Z go: downloading github.com/felixge/httpsnoop v1.0.4
Backend (Go)	UNKNOWN STEP	2026-04-04T14:45:52.3193531Z go: downloading go.opentelemetry.io/otel v1.21.0
Backend (Go)	UNKNOWN STEP	2026-04-04T14:45:52.3961177Z go: downloading go.opentelemetry.io/otel/metric v1.21.0
Backend (Go)	UNKNOWN STEP	2026-04-04T14:45:52.3962712Z go: downloading go.opentelemetry.io/otel/trace v1.21.0
Backend (Go)	UNKNOWN STEP	2026-04-04T14:45:52.3963926Z go: downloading github.com/googleapis/enterprise-certificate-proxy v0.3.2
Backend (Go)	UNKNOWN STEP	2026-04-04T14:45:52.4753368Z go: downloading github.com/go-logr/logr v1.3.0
Backend (Go)	UNKNOWN STEP	2026-04-04T14:45:52.5112242Z go: downloading golang.org/x/text v0.14.0
Backend (Go)	UNKNOWN STEP	2026-04-04T14:45:52.8825534Z go: downloading github.com/go-logr/stdr v1.2.2
Backend (Go)	UNKNOWN STEP	2026-04-04T14:45:52.8969753Z go: downloading golang.org/x/crypto v0.17.0
Backend (Go)	UNKNOWN STEP	2026-04-04T14:45:53.3163294Z handlers/swarm.go
Backend (Go)	UNKNOWN STEP	2026-04-04T14:45:53.3223976Z ##[group]Run go vet ./...
Backend (Go)	UNKNOWN STEP	2026-04-04T14:45:53.3224297Z [36;1mgo vet ./...[0m
Backend (Go)	UNKNOWN STEP	2026-04-04T14:45:53.3240479Z shell: /usr/bin/bash -e {0}
Backend (Go)	UNKNOWN STEP	2026-04-04T14:45:53.3240868Z ##[endgroup]
Backend (Go)	UNKNOWN STEP	2026-04-04T14:46:17.1777703Z ##[group]Run golangci/golangci-lint-action@v4
Backend (Go)	UNKNOWN STEP	2026-04-04T14:46:17.1778050Z with:
Backend (Go)	UNKNOWN STEP	2026-04-04T14:46:17.1778265Z   version: latest
Backend (Go)	UNKNOWN STEP	2026-04-04T14:46:17.1778580Z   working-directory: backend
Backend (Go)	UNKNOWN STEP	2026-04-04T14:46:17.1779027Z   github-token: ***
Backend (Go)	UNKNOWN STEP	2026-04-04T14:46:17.1779247Z   only-new-issues: false
Backend (Go)	UNKNOWN STEP	2026-04-04T14:46:17.1779585Z   skip-cache: false
Backend (Go)	UNKNOWN STEP	2026-04-04T14:46:17.1779814Z   skip-pkg-cache: false
Backend (Go)	UNKNOWN STEP	2026-04-04T14:46:17.1780079Z   skip-build-cache: false
Backend (Go)	UNKNOWN STEP	2026-04-04T14:46:17.1780357Z   install-mode: binary
Backend (Go)	UNKNOWN STEP	2026-04-04T14:46:17.1780618Z ##[endgroup]
Backend (Go)	UNKNOWN STEP	2026-04-04T14:46:17.3242758Z ##[group]prepare environment
Backend (Go)	UNKNOWN STEP	2026-04-04T14:46:17.3246821Z Checking for go.mod: backend/go.mod
Backend (Go)	UNKNOWN STEP	2026-04-04T14:46:17.4056006Z ##[warning]Failed to restore: Cache service responded with 400
Backend (Go)	UNKNOWN STEP	2026-04-04T14:46:17.4067309Z Cache not found for input keys: golangci-lint.cache-2935-666b7a7e1dfa6b5b3fe79062f075597ee19b9909, golangci-lint.cache-2935-
Backend (Go)	UNKNOWN STEP	2026-04-04T14:46:17.4068080Z Finding needed golangci-lint version...
Backend (Go)	UNKNOWN STEP	2026-04-04T14:46:17.4185376Z Requested golangci-lint 'latest', using 'v1.64.8', calculation took 14ms
Backend (Go)	UNKNOWN STEP	2026-04-04T14:46:17.4186243Z Installation mode: binary
Backend (Go)	UNKNOWN STEP	2026-04-04T14:46:17.4186892Z Installing golangci-lint binary v1.64.8...
Backend (Go)	UNKNOWN STEP	2026-04-04T14:46:17.4188345Z Downloading binary https://github.com/golangci/golangci-lint/releases/download/v1.64.8/golangci-lint-1.64.8-linux-amd64.tar.gz ...
Backend (Go)	UNKNOWN STEP	2026-04-04T14:46:17.5873549Z [command]/usr/bin/tar xz --overwrite --warning=no-unknown-keyword --overwrite -C /home/runner -f /home/runner/work/_temp/0099fcea-1683-4c47-a8bf-f21fe65598c5
Backend (Go)	UNKNOWN STEP	2026-04-04T14:46:17.7992230Z Installed golangci-lint into /home/runner/golangci-lint-1.64.8-linux-amd64/golangci-lint in 381ms
Backend (Go)	UNKNOWN STEP	2026-04-04T14:46:17.7993203Z Prepared env in 475ms
Backend (Go)	UNKNOWN STEP	2026-04-04T14:46:17.7994254Z ##[endgroup]
Backend (Go)	UNKNOWN STEP	2026-04-04T14:46:17.7994992Z ##[group]run golangci-lint
Backend (Go)	UNKNOWN STEP	2026-04-04T14:46:17.8000343Z Running [/home/runner/golangci-lint-1.64.8-linux-amd64/golangci-lint run --out-format=github-actions --path-prefix=backend] in [/home/runner/work/utba-swarmmap/utba-swarmmap/backend] ...
Backend (Go)	UNKNOWN STEP	2026-04-04T14:46:27.0196611Z level=warning msg="[config_reader] The output format `github-actions` is deprecated, please use `colored-line-number`"
Backend (Go)	UNKNOWN STEP	2026-04-04T14:46:27.0197503Z 
Backend (Go)	UNKNOWN STEP	2026-04-04T14:46:27.0197662Z golangci-lint found no issues
Backend (Go)	UNKNOWN STEP	2026-04-04T14:46:27.0198051Z Ran golangci-lint in 9220ms
Backend (Go)	UNKNOWN STEP	2026-04-04T14:46:27.0198824Z ##[endgroup]
Backend (Go)	UNKNOWN STEP	2026-04-04T14:46:27.0292668Z ##[group]Run go test -v ./...
Backend (Go)	UNKNOWN STEP	2026-04-04T14:46:27.0293128Z [36;1mgo test -v ./...[0m
Backend (Go)	UNKNOWN STEP	2026-04-04T14:46:27.0308802Z shell: /usr/bin/bash -e {0}
Backend (Go)	UNKNOWN STEP	2026-04-04T14:46:27.0309147Z ##[endgroup]
Backend (Go)	UNKNOWN STEP	2026-04-04T14:46:30.9110027Z ?   	github.com/fkcurrie/utba-swarmmap	[no test files]
Backend (Go)	UNKNOWN STEP	2026-04-04T14:46:30.9110743Z ?   	github.com/fkcurrie/utba-swarmmap/models	[no test files]
Backend (Go)	UNKNOWN STEP	2026-04-04T14:46:30.9111358Z ?   	github.com/fkcurrie/utba-swarmmap/store	[no test files]
Backend (Go)	UNKNOWN STEP	2026-04-04T14:46:30.9193384Z === RUN   TestGetSwarmsHandler_WithSwarms
Backend (Go)	UNKNOWN STEP	2026-04-04T14:46:30.9193890Z 2026/04/04 14:46:30 Fetching all swarms
Backend (Go)	UNKNOWN STEP	2026-04-04T14:46:30.9194351Z 2026/04/04 14:46:30 Returning 3 swarms
Backend (Go)	UNKNOWN STEP	2026-04-04T14:46:30.9194839Z --- PASS: TestGetSwarmsHandler_WithSwarms (0.00s)
Backend (Go)	UNKNOWN STEP	2026-04-04T14:46:30.9195337Z === RUN   TestLoginHandler
Backend (Go)	UNKNOWN STEP	2026-04-04T14:46:30.9195752Z --- PASS: TestLoginHandler (0.00s)
Backend (Go)	UNKNOWN STEP	2026-04-04T14:46:30.9196247Z === RUN   TestGoogleCallbackHandler_InvalidState
Backend (Go)	UNKNOWN STEP	2026-04-04T14:46:30.9196895Z --- PASS: TestGoogleCallbackHandler_InvalidState (0.00s)
Backend (Go)	UNKNOWN STEP	2026-04-04T14:46:30.9197468Z === RUN   TestDashboardHandler_Unauthenticated
Backend (Go)	UNKNOWN STEP	2026-04-04T14:46:30.9198017Z --- PASS: TestDashboardHandler_Unauthenticated (0.00s)
Backend (Go)	UNKNOWN STEP	2026-04-04T14:46:30.9198527Z === RUN   TestLogoutHandler
Backend (Go)	UNKNOWN STEP	2026-04-04T14:46:30.9198937Z --- PASS: TestLogoutHandler (0.00s)
Backend (Go)	UNKNOWN STEP	2026-04-04T14:46:30.9199387Z === RUN   TestAuthHandler_Authenticated
Backend (Go)	UNKNOWN STEP	2026-04-04T14:46:30.9199888Z --- PASS: TestAuthHandler_Authenticated (0.00s)
Backend (Go)	UNKNOWN STEP	2026-04-04T14:46:30.9200418Z === RUN   TestPrepareSwarmHandler_ValidRequest
Backend (Go)	UNKNOWN STEP	2026-04-04T14:46:30.9201200Z 2026/04/04 14:46:30 File test.jpg accepted by extension .jpg (MIME type was application/octet-stream)
Backend (Go)	UNKNOWN STEP	2026-04-04T14:46:30.9202052Z --- PASS: TestPrepareSwarmHandler_ValidRequest (0.00s)
Backend (Go)	UNKNOWN STEP	2026-04-04T14:46:30.9202751Z === RUN   TestPrepareSwarmHandler_VideoRequest
Backend (Go)	UNKNOWN STEP	2026-04-04T14:46:30.9203544Z 2026/04/04 14:46:30 File test.mp4 accepted by extension .mp4 (MIME type was application/octet-stream)
Backend (Go)	UNKNOWN STEP	2026-04-04T14:46:30.9204369Z --- PASS: TestPrepareSwarmHandler_VideoRequest (0.00s)
Backend (Go)	UNKNOWN STEP	2026-04-04T14:46:30.9204944Z === RUN   TestConfirmSwarmHandler_ValidRequest
Backend (Go)	UNKNOWN STEP	2026-04-04T14:46:30.9205514Z --- PASS: TestConfirmSwarmHandler_ValidRequest (0.00s)
Backend (Go)	UNKNOWN STEP	2026-04-04T14:46:30.9206065Z === RUN   TestConfirmSwarmHandler_URLEncoded
Backend (Go)	UNKNOWN STEP	2026-04-04T14:46:30.9206623Z --- PASS: TestConfirmSwarmHandler_URLEncoded (0.00s)
Backend (Go)	UNKNOWN STEP	2026-04-04T14:46:30.9207169Z === RUN   TestSwarmListHandler_Unauthenticated
Backend (Go)	UNKNOWN STEP	2026-04-04T14:46:30.9207731Z --- PASS: TestSwarmListHandler_Unauthenticated (0.00s)
Backend (Go)	UNKNOWN STEP	2026-04-04T14:46:30.9208304Z === RUN   TestCollectorsMapHandler_Unauthenticated
Backend (Go)	UNKNOWN STEP	2026-04-04T14:46:30.9208916Z --- PASS: TestCollectorsMapHandler_Unauthenticated (0.00s)
Backend (Go)	UNKNOWN STEP	2026-04-04T14:46:30.9209490Z === RUN   TestAdminHandler_Unauthorized
Backend (Go)	UNKNOWN STEP	2026-04-04T14:46:30.9209978Z --- PASS: TestAdminHandler_Unauthorized (0.00s)
Backend (Go)	UNKNOWN STEP	2026-04-04T14:46:30.9210498Z === RUN   TestGenerateSampleDataHandler
Backend (Go)	UNKNOWN STEP	2026-04-04T14:46:30.9211123Z 2026/04/04 14:46:30 Generating sample swarms for session: test-session-id
Backend (Go)	UNKNOWN STEP	2026-04-04T14:46:30.9211782Z --- PASS: TestGenerateSampleDataHandler (0.00s)
Backend (Go)	UNKNOWN STEP	2026-04-04T14:46:30.9212287Z === RUN   TestApproveUserHandler
Backend (Go)	UNKNOWN STEP	2026-04-04T14:46:30.9212866Z --- PASS: TestApproveUserHandler (0.00s)
Backend (Go)	UNKNOWN STEP	2026-04-04T14:46:30.9213340Z === RUN   TestRejectUserHandler
Backend (Go)	UNKNOWN STEP	2026-04-04T14:46:30.9213769Z --- PASS: TestRejectUserHandler (0.00s)
Backend (Go)	UNKNOWN STEP	2026-04-04T14:46:30.9214226Z === RUN   TestDeleteSwarmHandler
Backend (Go)	UNKNOWN STEP	2026-04-04T14:46:30.9214664Z --- PASS: TestDeleteSwarmHandler (0.00s)
Backend (Go)	UNKNOWN STEP	2026-04-04T14:46:30.9215139Z === RUN   TestPromoteUserHandler
Backend (Go)	UNKNOWN STEP	2026-04-04T14:46:30.9215579Z --- PASS: TestPromoteUserHandler (0.00s)
Backend (Go)	UNKNOWN STEP	2026-04-04T14:46:30.9216056Z === RUN   TestUpdateSwarmStatusHandler
Backend (Go)	UNKNOWN STEP	2026-04-04T14:46:30.9216558Z --- PASS: TestUpdateSwarmStatusHandler (0.00s)
Backend (Go)	UNKNOWN STEP	2026-04-04T14:46:30.9217056Z === RUN   TestAssignSwarmHandler
Backend (Go)	UNKNOWN STEP	2026-04-04T14:46:30.9217508Z --- PASS: TestAssignSwarmHandler (0.00s)
Backend (Go)	UNKNOWN STEP	2026-04-04T14:46:30.9218230Z === RUN   TestCollectorAdminHandler_Unauthorized
Backend (Go)	UNKNOWN STEP	2026-04-04T14:46:30.9218831Z --- PASS: TestCollectorAdminHandler_Unauthorized (0.00s)
Backend (Go)	UNKNOWN STEP	2026-04-04T14:46:30.9219471Z PASS
Backend (Go)	UNKNOWN STEP	2026-04-04T14:46:30.9219878Z ok  	github.com/fkcurrie/utba-swarmmap/handlers	0.006s
Backend (Go)	UNKNOWN STEP	2026-04-04T14:46:30.9374519Z ##[group]Run go test -race -v ./...
Backend (Go)	UNKNOWN STEP	2026-04-04T14:46:30.9374794Z [36;1mgo test -race -v ./...[0m
Backend (Go)	UNKNOWN STEP	2026-04-04T14:46:30.9390244Z shell: /usr/bin/bash -e {0}
Backend (Go)	UNKNOWN STEP	2026-04-04T14:46:30.9390493Z ##[endgroup]
Backend (Go)	UNKNOWN STEP	2026-04-04T14:46:54.4036921Z ?   	github.com/fkcurrie/utba-swarmmap	[no test files]
Backend (Go)	UNKNOWN STEP	2026-04-04T14:46:55.1172123Z ?   	github.com/fkcurrie/utba-swarmmap/models	[no test files]
Backend (Go)	UNKNOWN STEP	2026-04-04T14:46:55.1172721Z ?   	github.com/fkcurrie/utba-swarmmap/store	[no test files]
Backend (Go)	UNKNOWN STEP	2026-04-04T14:46:56.1423475Z === RUN   TestGetSwarmsHandler_WithSwarms
Backend (Go)	UNKNOWN STEP	2026-04-04T14:46:56.1424029Z 2026/04/04 14:46:55 Fetching all swarms
Backend (Go)	UNKNOWN STEP	2026-04-04T14:46:56.1424459Z 2026/04/04 14:46:55 Returning 3 swarms
Backend (Go)	UNKNOWN STEP	2026-04-04T14:46:56.1424994Z --- PASS: TestGetSwarmsHandler_WithSwarms (0.00s)
Backend (Go)	UNKNOWN STEP	2026-04-04T14:46:56.1425506Z === RUN   TestLoginHandler
Backend (Go)	UNKNOWN STEP	2026-04-04T14:46:56.1425893Z --- PASS: TestLoginHandler (0.00s)
Backend (Go)	UNKNOWN STEP	2026-04-04T14:46:56.1426370Z === RUN   TestGoogleCallbackHandler_InvalidState
Backend (Go)	UNKNOWN STEP	2026-04-04T14:46:56.1427014Z --- PASS: TestGoogleCallbackHandler_InvalidState (0.00s)
Backend (Go)	UNKNOWN STEP	2026-04-04T14:46:56.1427600Z === RUN   TestDashboardHandler_Unauthenticated
Backend (Go)	UNKNOWN STEP	2026-04-04T14:46:56.1428153Z --- PASS: TestDashboardHandler_Unauthenticated (0.00s)
Backend (Go)	UNKNOWN STEP	2026-04-04T14:46:56.1428701Z === RUN   TestLogoutHandler
Backend (Go)	UNKNOWN STEP	2026-04-04T14:46:56.1429097Z --- PASS: TestLogoutHandler (0.00s)
Backend (Go)	UNKNOWN STEP	2026-04-04T14:46:56.1429538Z === RUN   TestAuthHandler_Authenticated
Backend (Go)	UNKNOWN STEP	2026-04-04T14:46:56.1430042Z --- PASS: TestAuthHandler_Authenticated (0.00s)
Backend (Go)	UNKNOWN STEP	2026-04-04T14:46:56.1430562Z === RUN   TestPrepareSwarmHandler_ValidRequest
Backend (Go)	UNKNOWN STEP	2026-04-04T14:46:56.1431337Z 2026/04/04 14:46:55 File test.jpg accepted by extension .jpg (MIME type was application/octet-stream)
Backend (Go)	UNKNOWN STEP	2026-04-04T14:46:56.1432165Z --- PASS: TestPrepareSwarmHandler_ValidRequest (0.00s)
Backend (Go)	UNKNOWN STEP	2026-04-04T14:46:56.1432878Z === RUN   TestPrepareSwarmHandler_VideoRequest
Backend (Go)	UNKNOWN STEP	2026-04-04T14:46:56.1433656Z 2026/04/04 14:46:55 File test.mp4 accepted by extension .mp4 (MIME type was application/octet-stream)
Backend (Go)	UNKNOWN STEP	2026-04-04T14:46:56.1434490Z --- PASS: TestPrepareSwarmHandler_VideoRequest (0.00s)
Backend (Go)	UNKNOWN STEP	2026-04-04T14:46:56.1435069Z === RUN   TestConfirmSwarmHandler_ValidRequest
Backend (Go)	UNKNOWN STEP	2026-04-04T14:46:56.1435624Z --- PASS: TestConfirmSwarmHandler_ValidRequest (0.00s)
Backend (Go)	UNKNOWN STEP	2026-04-04T14:46:56.1436153Z === RUN   TestConfirmSwarmHandler_URLEncoded
Backend (Go)	UNKNOWN STEP	2026-04-04T14:46:56.1436703Z --- PASS: TestConfirmSwarmHandler_URLEncoded (0.00s)
Backend (Go)	UNKNOWN STEP	2026-04-04T14:46:56.1437225Z === RUN   TestSwarmListHandler_Unauthenticated
Backend (Go)	UNKNOWN STEP	2026-04-04T14:46:56.1437763Z --- PASS: TestSwarmListHandler_Unauthenticated (0.00s)
Backend (Go)	UNKNOWN STEP	2026-04-04T14:46:56.1438333Z === RUN   TestCollectorsMapHandler_Unauthenticated
Backend (Go)	UNKNOWN STEP	2026-04-04T14:46:56.1438928Z --- PASS: TestCollectorsMapHandler_Unauthenticated (0.00s)
Backend (Go)	UNKNOWN STEP	2026-04-04T14:46:56.1439477Z === RUN   TestAdminHandler_Unauthorized
Backend (Go)	UNKNOWN STEP	2026-04-04T14:46:56.1439951Z --- PASS: TestAdminHandler_Unauthorized (0.00s)
Backend (Go)	UNKNOWN STEP	2026-04-04T14:46:56.1440451Z === RUN   TestGenerateSampleDataHandler
Backend (Go)	UNKNOWN STEP	2026-04-04T14:46:56.1441312Z 2026/04/04 14:46:55 Generating sample swarms for session: test-session-id
Backend (Go)	UNKNOWN STEP	2026-04-04T14:46:56.1442224Z --- PASS: TestGenerateSampleDataHandler (0.00s)
Backend (Go)	UNKNOWN STEP	2026-04-04T14:46:56.1442873Z === RUN   TestApproveUserHandler
Backend (Go)	UNKNOWN STEP	2026-04-04T14:46:56.1443322Z --- PASS: TestApproveUserHandler (0.00s)
Backend (Go)	UNKNOWN STEP	2026-04-04T14:46:56.1443772Z === RUN   TestRejectUserHandler
Backend (Go)	UNKNOWN STEP	2026-04-04T14:46:56.1444187Z --- PASS: TestRejectUserHandler (0.00s)
Backend (Go)	UNKNOWN STEP	2026-04-04T14:46:56.1444628Z === RUN   TestDeleteSwarmHandler
Backend (Go)	UNKNOWN STEP	2026-04-04T14:46:56.1445043Z --- PASS: TestDeleteSwarmHandler (0.00s)
Backend (Go)	UNKNOWN STEP	2026-04-04T14:46:56.1445487Z === RUN   TestPromoteUserHandler
Backend (Go)	UNKNOWN STEP	2026-04-04T14:46:56.1445905Z --- PASS: TestPromoteUserHandler (0.00s)
Backend (Go)	UNKNOWN STEP	2026-04-04T14:46:56.1446368Z === RUN   TestUpdateSwarmStatusHandler
Backend (Go)	UNKNOWN STEP	2026-04-04T14:46:56.1446852Z --- PASS: TestUpdateSwarmStatusHandler (0.00s)
Backend (Go)	UNKNOWN STEP	2026-04-04T14:46:56.1447576Z === RUN   TestAssignSwarmHandler
Backend (Go)	UNKNOWN STEP	2026-04-04T14:46:56.1448004Z --- PASS: TestAssignSwarmHandler (0.00s)
Backend (Go)	UNKNOWN STEP	2026-04-04T14:46:56.1448502Z === RUN   TestCollectorAdminHandler_Unauthorized
Backend (Go)	UNKNOWN STEP	2026-04-04T14:46:56.1449073Z --- PASS: TestCollectorAdminHandler_Unauthorized (0.00s)
Backend (Go)	UNKNOWN STEP	2026-04-04T14:46:56.1449704Z PASS
Backend (Go)	UNKNOWN STEP	2026-04-04T14:46:56.1450084Z ok  	github.com/fkcurrie/utba-swarmmap/handlers	1.022s
Backend (Go)	UNKNOWN STEP	2026-04-04T14:46:56.1969921Z ##[group]Run go test -coverprofile=coverage.out ./...
Backend (Go)	UNKNOWN STEP	2026-04-04T14:46:56.1970315Z [36;1mgo test -coverprofile=coverage.out ./...[0m
Backend (Go)	UNKNOWN STEP	2026-04-04T14:46:56.1986379Z shell: /usr/bin/bash -e {0}
Backend (Go)	UNKNOWN STEP	2026-04-04T14:46:56.1986610Z ##[endgroup]
Backend (Go)	UNKNOWN STEP	2026-04-04T14:46:57.3219136Z 	github.com/fkcurrie/utba-swarmmap		coverage: 0.0% of statements
Backend (Go)	UNKNOWN STEP	2026-04-04T14:46:57.5848796Z ?   	github.com/fkcurrie/utba-swarmmap/models	[no test files]
Backend (Go)	UNKNOWN STEP	2026-04-04T14:46:57.5867490Z 	github.com/fkcurrie/utba-swarmmap/store		coverage: 0.0% of statements
Backend (Go)	UNKNOWN STEP	2026-04-04T14:46:57.5949158Z ok  	github.com/fkcurrie/utba-swarmmap/handlers	0.008s	coverage: 28.7% of statements
Backend (Go)	UNKNOWN STEP	2026-04-04T14:46:57.6078755Z ##[group]Run go mod tidy
Backend (Go)	UNKNOWN STEP	2026-04-04T14:46:57.6079175Z [36;1mgo mod tidy[0m
Backend (Go)	UNKNOWN STEP	2026-04-04T14:46:57.6079523Z [36;1mgit diff --exit-code go.mod go.sum[0m
Backend (Go)	UNKNOWN STEP	2026-04-04T14:46:57.6097514Z shell: /usr/bin/bash -e {0}
Backend (Go)	UNKNOWN STEP	2026-04-04T14:46:57.6097868Z ##[endgroup]
Backend (Go)	UNKNOWN STEP	2026-04-04T14:46:57.6314098Z go: downloading google.golang.org/appengine v1.6.8
Backend (Go)	UNKNOWN STEP	2026-04-04T14:46:57.8396727Z go: downloading github.com/google/go-cmp v0.6.0
Backend (Go)	UNKNOWN STEP	2026-04-04T14:46:57.8611255Z go: downloading github.com/stretchr/testify v1.8.4
Backend (Go)	UNKNOWN STEP	2026-04-04T14:46:57.8679159Z go: downloading github.com/google/martian/v3 v3.3.2
Backend (Go)	UNKNOWN STEP	2026-04-04T14:46:57.9127727Z go: downloading github.com/davecgh/go-spew v1.1.1
Backend (Go)	UNKNOWN STEP	2026-04-04T14:46:57.9214490Z go: downloading github.com/pmezard/go-difflib v1.0.0
Backend (Go)	UNKNOWN STEP	2026-04-04T14:46:57.9256918Z go: downloading gopkg.in/yaml.v3 v3.0.1
Backend (Go)	UNKNOWN STEP	2026-04-04T14:46:57.9371026Z go: downloading github.com/cncf/xds/go v0.0.0-20230607035331-e9ce68804cb4
Backend (Go)	UNKNOWN STEP	2026-04-04T14:46:57.9576965Z go: downloading github.com/envoyproxy/protoc-gen-validate v1.0.2
Backend (Go)	UNKNOWN STEP	2026-04-04T14:46:58.0150008Z ##[group]Run go mod verify
Backend (Go)	UNKNOWN STEP	2026-04-04T14:46:58.0150269Z [36;1mgo mod verify[0m
Backend (Go)	UNKNOWN STEP	2026-04-04T14:46:58.0166560Z shell: /usr/bin/bash -e {0}
Backend (Go)	UNKNOWN STEP	2026-04-04T14:46:58.0166791Z ##[endgroup]
Backend (Go)	UNKNOWN STEP	2026-04-04T14:46:59.7738788Z all modules verified
Backend (Go)	UNKNOWN STEP	2026-04-04T14:46:59.7787001Z ##[group]Run securego/gosec@master
Backend (Go)	UNKNOWN STEP	2026-04-04T14:46:59.7787250Z with:
Backend (Go)	UNKNOWN STEP	2026-04-04T14:46:59.7787412Z   args: ./...
Backend (Go)	UNKNOWN STEP	2026-04-04T14:46:59.7787582Z ##[endgroup]
Backend (Go)	UNKNOWN STEP	2026-04-04T14:46:59.7890291Z ##[command]/usr/bin/docker run --name ghcriosecuregogosec2250_b8964c --label cefd0e --workdir /github/workspace --rm -e "INPUT_ARGS" -e "HOME" -e "GITHUB_JOB" -e "GITHUB_REF" -e "GITHUB_SHA" -e "GITHUB_REPOSITORY" -e "GITHUB_REPOSITORY_OWNER" -e "GITHUB_REPOSITORY_OWNER_ID" -e "GITHUB_RUN_ID" -e "GITHUB_RUN_NUMBER" -e "GITHUB_RETENTION_DAYS" -e "GITHUB_RUN_ATTEMPT" -e "GITHUB_ACTOR_ID" -e "GITHUB_ACTOR" -e "GITHUB_WORKFLOW" -e "GITHUB_HEAD_REF" -e "GITHUB_BASE_REF" -e "GITHUB_EVENT_NAME" -e "GITHUB_SERVER_URL" -e "GITHUB_API_URL" -e "GITHUB_GRAPHQL_URL" -e "GITHUB_REF_NAME" -e "GITHUB_REF_PROTECTED" -e "GITHUB_REF_TYPE" -e "GITHUB_WORKFLOW_REF" -e "GITHUB_WORKFLOW_SHA" -e "GITHUB_REPOSITORY_ID" -e "GITHUB_TRIGGERING_ACTOR" -e "GITHUB_WORKSPACE" -e "GITHUB_ACTION" -e "GITHUB_EVENT_PATH" -e "GITHUB_ACTION_REPOSITORY" -e "GITHUB_ACTION_REF" -e "GITHUB_PATH" -e "GITHUB_ENV" -e "GITHUB_STEP_SUMMARY" -e "GITHUB_STATE" -e "GITHUB_OUTPUT" -e "RUNNER_OS" -e "RUNNER_ARCH" -e "RUNNER_NAME" -e "RUNNER_ENVIRONMENT" -e "RUNNER_TOOL_CACHE" -e "RUNNER_TEMP" -e "RUNNER_WORKSPACE" -e "ACTIONS_RUNTIME_URL" -e "ACTIONS_RUNTIME_TOKEN" -e "ACTIONS_CACHE_URL" -e "ACTIONS_RESULTS_URL" -e "ACTIONS_ORCHESTRATION_ID" -e GITHUB_ACTIONS=true -e CI=true -v "/var/run/docker.sock":"/var/run/docker.sock" -v "/home/runner/work/_temp":"/github/runner_temp" -v "/home/runner/work/_temp/_github_home":"/github/home" -v "/home/runner/work/_temp/_github_workflow":"/github/workflow" -v "/home/runner/work/_temp/_runner_file_commands":"/github/file_commands" -v "/home/runner/work/utba-swarmmap/utba-swarmmap":"/github/workspace" ghcr.io/securego/gosec:2.25.0  "./..."
Backend (Go)	UNKNOWN STEP	2026-04-04T14:47:00.3227052Z [gosec] 2026/04/04 14:47:00 Including rules: default
Backend (Go)	UNKNOWN STEP	2026-04-04T14:47:00.3228396Z [gosec] 2026/04/04 14:47:00 Excluding rules: default
Backend (Go)	UNKNOWN STEP	2026-04-04T14:47:00.3228754Z [gosec] 2026/04/04 14:47:00 Including analyzers: default
Backend (Go)	UNKNOWN STEP	2026-04-04T14:47:00.3229086Z [gosec] 2026/04/04 14:47:00 Excluding analyzers: default
Backend (Go)	UNKNOWN STEP	2026-04-04T14:47:00.3237644Z [gosec] 2026/04/04 14:47:00 Import directory: /github/workspace/backend/handlers
Backend (Go)	UNKNOWN STEP	2026-04-04T14:47:00.3243637Z [gosec] 2026/04/04 14:47:00 Import directory: /github/workspace/frontend
Backend (Go)	UNKNOWN STEP	2026-04-04T14:47:00.3244351Z [gosec] 2026/04/04 14:47:00 Import directory: /github/workspace/backend
Backend (Go)	UNKNOWN STEP	2026-04-04T14:47:00.3245024Z [gosec] 2026/04/04 14:47:00 Import directory: /github/workspace/backend/models
Backend (Go)	UNKNOWN STEP	2026-04-04T14:47:00.6375523Z [gosec] 2026/04/04 14:47:00 Import directory: /github/workspace/backend/store
Backend (Go)	UNKNOWN STEP	2026-04-04T14:47:11.0013717Z [gosec] 2026/04/04 14:47:11 Checking package: main
Backend (Go)	UNKNOWN STEP	2026-04-04T14:47:11.0015027Z [gosec] 2026/04/04 14:47:11 Checking file: /github/workspace/frontend/main.go
Backend (Go)	UNKNOWN STEP	2026-04-04T14:47:11.0034050Z Results:
Backend (Go)	UNKNOWN STEP	2026-04-04T14:47:11.0034244Z 
Backend (Go)	UNKNOWN STEP	2026-04-04T14:47:11.0034253Z 
Backend (Go)	UNKNOWN STEP	2026-04-04T14:47:11.0036961Z [/github/workspace/frontend/main.go:19] - G114 (CWE-676): Use of net/http serve function that has no support for setting timeouts (Confidence: HIGH, Severity: MEDIUM)
Backend (Go)	UNKNOWN STEP	2026-04-04T14:47:11.0037948Z     18: 	log.Printf("Listening on port %s", port)
Backend (Go)	UNKNOWN STEP	2026-04-04T14:47:11.0038409Z   > 19: 	if err := http.ListenAndServe(":"+port, nil); err != nil {
Backend (Go)	UNKNOWN STEP	2026-04-04T14:47:11.0038805Z     20: 		log.Fatal(err)
Backend (Go)	UNKNOWN STEP	2026-04-04T14:47:11.0038964Z 
Backend (Go)	UNKNOWN STEP	2026-04-04T14:47:11.0039052Z Autofix: 
Backend (Go)	UNKNOWN STEP	2026-04-04T14:47:11.0039175Z 
Backend (Go)	UNKNOWN STEP	2026-04-04T14:47:11.0039603Z [/github/workspace/frontend/main.go:18] - G706 (CWE-117): Log injection via taint analysis (Confidence: HIGH, Severity: LOW)
Backend (Go)	UNKNOWN STEP	2026-04-04T14:47:11.0040178Z     17: 
Backend (Go)	UNKNOWN STEP	2026-04-04T14:47:11.0040448Z   > 18: 	log.Printf("Listening on port %s", port)
Backend (Go)	UNKNOWN STEP	2026-04-04T14:47:11.0040925Z     19: 	if err := http.ListenAndServe(":"+port, nil); err != nil {
Backend (Go)	UNKNOWN STEP	2026-04-04T14:47:11.0041184Z 
Backend (Go)	UNKNOWN STEP	2026-04-04T14:47:11.0041269Z Autofix: 
Backend (Go)	UNKNOWN STEP	2026-04-04T14:47:11.0041377Z 
Backend (Go)	UNKNOWN STEP	2026-04-04T14:47:11.0041443Z Summary:
Backend (Go)	UNKNOWN STEP	2026-04-04T14:47:11.0041602Z   Gosec  : dev
Backend (Go)	UNKNOWN STEP	2026-04-04T14:47:11.0042069Z   Files  : 1
Backend (Go)	UNKNOWN STEP	2026-04-04T14:47:11.0042259Z   Lines  : 22
Backend (Go)	UNKNOWN STEP	2026-04-04T14:47:11.0042603Z   Nosec  : 0
Backend (Go)	UNKNOWN STEP	2026-04-04T14:47:11.0042776Z   Issues : 2
Backend (Go)	UNKNOWN STEP	2026-04-04T14:47:11.0042866Z 
Backend (Go)	UNKNOWN STEP	2026-04-04T14:47:11.1097664Z Post job cleanup.
Backend (Go)	UNKNOWN STEP	2026-04-04T14:47:11.2822486Z [command]/usr/bin/tar --posix -cf cache.tzst --exclude cache.tzst -P -C /home/runner/work/utba-swarmmap/utba-swarmmap --files-from manifest.txt --use-compress-program zstdmt
Backend (Go)	UNKNOWN STEP	2026-04-04T14:47:13.1195318Z ##[warning]Failed to save: <h2>Our services aren't available right now</h2><p>We're working to restore all services as soon as possible. Please check back soon.</p>0cSTRaQAAAABTisXZAkhBQKhBKP+Bxx++Q0hHRURHRTE4MTUARWRnZQ==
Backend (Go)	UNKNOWN STEP	2026-04-04T14:47:13.1319240Z Saved cache for golangci-lint from paths '/home/runner/.cache/golangci-lint, /home/runner/.cache/go-build, /home/runner/go/pkg' in 1877ms
Backend (Go)	UNKNOWN STEP	2026-04-04T14:47:13.1422817Z Post job cleanup.
Backend (Go)	UNKNOWN STEP	2026-04-04T14:47:13.2314810Z [command]/usr/bin/git version
Backend (Go)	UNKNOWN STEP	2026-04-04T14:47:13.2348386Z git version 2.53.0
Backend (Go)	UNKNOWN STEP	2026-04-04T14:47:13.2395982Z Temporarily overriding HOME='/home/runner/work/_temp/d2442c3d-0330-46e0-a6b6-360e230e925c' before making global git config changes
Backend (Go)	UNKNOWN STEP	2026-04-04T14:47:13.2397143Z Adding repository directory to the temporary git global config as a safe directory
Backend (Go)	UNKNOWN STEP	2026-04-04T14:47:13.2402602Z [command]/usr/bin/git config --global --add safe.directory /home/runner/work/utba-swarmmap/utba-swarmmap
Backend (Go)	UNKNOWN STEP	2026-04-04T14:47:13.2434508Z [command]/usr/bin/git config --local --name-only --get-regexp core\.sshCommand
Backend (Go)	UNKNOWN STEP	2026-04-04T14:47:13.2462685Z [command]/usr/bin/git submodule foreach --recursive sh -c "git config --local --name-only --get-regexp 'core\.sshCommand' && git config --local --unset-all 'core.sshCommand' || :"
Backend (Go)	UNKNOWN STEP	2026-04-04T14:47:13.2637978Z [command]/usr/bin/git config --local --name-only --get-regexp http\.https\:\/\/github\.com\/\.extraheader
Backend (Go)	UNKNOWN STEP	2026-04-04T14:47:13.2655816Z http.https://github.com/.extraheader
Backend (Go)	UNKNOWN STEP	2026-04-04T14:47:13.2666121Z [command]/usr/bin/git config --local --unset-all http.https://github.com/.extraheader
Backend (Go)	UNKNOWN STEP	2026-04-04T14:47:13.2690238Z [command]/usr/bin/git submodule foreach --recursive sh -c "git config --local --name-only --get-regexp 'http\.https\:\/\/github\.com\/\.extraheader' && git config --local --unset-all 'http.https://github.com/.extraheader' || :"
Backend (Go)	UNKNOWN STEP	2026-04-04T14:47:13.2859783Z [command]/usr/bin/git config --local --name-only --get-regexp ^includeIf\.gitdir:
Backend (Go)	UNKNOWN STEP	2026-04-04T14:47:13.2885649Z [command]/usr/bin/git submodule foreach --recursive git config --local --show-origin --name-only --get-regexp remote.origin.url
Backend (Go)	UNKNOWN STEP	2026-04-04T14:47:13.3150013Z Cleaning up orphan processes
Backend (Go)	UNKNOWN STEP	2026-04-04T14:47:13.3382086Z ##[warning]Node.js 20 actions are deprecated. The following actions are running on Node.js 20 and may not work as expected: actions/checkout@v4, actions/setup-go@v5, golangci/golangci-lint-action@v4. Actions will be forced to run with Node.js 24 by default starting June 2nd, 2026. Node.js 20 will be removed from the runner on September 16th, 2026. Please check if updated versions of these actions are available that support Node.js 24. To opt into Node.js 24 now, set the FORCE_JAVASCRIPT_ACTIONS_TO_NODE24=true environment variable on the runner or in your workflow file. Once Node.js 24 becomes the default, you can temporarily opt out by setting ACTIONS_ALLOW_USE_UNSECURE_NODE_VERSION=true. For more information see: https://github.blog/changelog/2025-09-19-deprecation-of-node-20-on-github-actions-runners/
General & Infrastructure	UNKNOWN STEP	﻿2026-04-04T14:45:36.4973037Z Current runner version: '2.333.1'
General & Infrastructure	UNKNOWN STEP	2026-04-04T14:45:36.5005990Z ##[group]Runner Image Provisioner
General & Infrastructure	UNKNOWN STEP	2026-04-04T14:45:36.5007707Z Hosted Compute Agent
General & Infrastructure	UNKNOWN STEP	2026-04-04T14:45:36.5008706Z Version: 20260213.493
General & Infrastructure	UNKNOWN STEP	2026-04-04T14:45:36.5009718Z Commit: 5c115507f6dd24b8de37d8bbe0bb4509d0cc0fa3
General & Infrastructure	UNKNOWN STEP	2026-04-04T14:45:36.5010854Z Build Date: 2026-02-13T00:28:41Z
General & Infrastructure	UNKNOWN STEP	2026-04-04T14:45:36.5011894Z Worker ID: {15a9acf4-ea3c-4604-8291-c6f022f9ce46}
General & Infrastructure	UNKNOWN STEP	2026-04-04T14:45:36.5013065Z Azure Region: eastus2
General & Infrastructure	UNKNOWN STEP	2026-04-04T14:45:36.5013989Z ##[endgroup]
General & Infrastructure	UNKNOWN STEP	2026-04-04T14:45:36.5016168Z ##[group]Operating System
General & Infrastructure	UNKNOWN STEP	2026-04-04T14:45:36.5017447Z Ubuntu
General & Infrastructure	UNKNOWN STEP	2026-04-04T14:45:36.5018197Z 24.04.4
General & Infrastructure	UNKNOWN STEP	2026-04-04T14:45:36.5019012Z LTS
General & Infrastructure	UNKNOWN STEP	2026-04-04T14:45:36.5019733Z ##[endgroup]
General & Infrastructure	UNKNOWN STEP	2026-04-04T14:45:36.5020611Z ##[group]Runner Image
General & Infrastructure	UNKNOWN STEP	2026-04-04T14:45:36.5021490Z Image: ubuntu-24.04
General & Infrastructure	UNKNOWN STEP	2026-04-04T14:45:36.5022319Z Version: 20260329.72.1
General & Infrastructure	UNKNOWN STEP	2026-04-04T14:45:36.5024174Z Included Software: https://github.com/actions/runner-images/blob/ubuntu24/20260329.72/images/ubuntu/Ubuntu2404-Readme.md
General & Infrastructure	UNKNOWN STEP	2026-04-04T14:45:36.5026708Z Image Release: https://github.com/actions/runner-images/releases/tag/ubuntu24%2F20260329.72
General & Infrastructure	UNKNOWN STEP	2026-04-04T14:45:36.5028552Z ##[endgroup]
General & Infrastructure	UNKNOWN STEP	2026-04-04T14:45:36.5030450Z ##[group]GITHUB_TOKEN Permissions
General & Infrastructure	UNKNOWN STEP	2026-04-04T14:45:36.5033151Z Contents: read
General & Infrastructure	UNKNOWN STEP	2026-04-04T14:45:36.5034102Z Metadata: read
General & Infrastructure	UNKNOWN STEP	2026-04-04T14:45:36.5034849Z Packages: read
General & Infrastructure	UNKNOWN STEP	2026-04-04T14:45:36.5035707Z ##[endgroup]
General & Infrastructure	UNKNOWN STEP	2026-04-04T14:45:36.5038741Z Secret source: None
General & Infrastructure	UNKNOWN STEP	2026-04-04T14:45:36.5039852Z Prepare workflow directory
General & Infrastructure	UNKNOWN STEP	2026-04-04T14:45:36.5494654Z Prepare all required actions
General & Infrastructure	UNKNOWN STEP	2026-04-04T14:45:36.5548915Z Getting action download info
General & Infrastructure	UNKNOWN STEP	2026-04-04T14:45:37.0636694Z Download action repository 'actions/checkout@v4' (SHA:34e114876b0b11c390a56381ad16ebd13914f8d5)
General & Infrastructure	UNKNOWN STEP	2026-04-04T14:45:37.1918504Z Download action repository 'actions/setup-node@v4' (SHA:49933ea5288caeca8642d1e84afbd3f7d6820020)
General & Infrastructure	UNKNOWN STEP	2026-04-04T14:45:37.2746258Z Download action repository 'actions/setup-go@v5' (SHA:40f1582b2485089dde7abd97c1529aa768e1baff)
General & Infrastructure	UNKNOWN STEP	2026-04-04T14:45:37.5389284Z Download action repository 'reviewdog/action-detect-secrets@v0' (SHA:53b50179462bbe04af2f25f088b97e55e1dec3a1)
General & Infrastructure	UNKNOWN STEP	2026-04-04T14:45:37.7175878Z Download action repository 'reviewdog/action-actionlint@v1' (SHA:6fb7acc99f4a1008869fa8a0f09cfca740837d9d)
General & Infrastructure	UNKNOWN STEP	2026-04-04T14:45:37.9370344Z Download action repository 'ibiqlik/action-yamllint@v3' (SHA:2576378a8e339169678f9939646ee3ee325e845c)
General & Infrastructure	UNKNOWN STEP	2026-04-04T14:45:38.1226287Z Download action repository 'ludeeus/action-shellcheck@master' (SHA:00b27aa7cb85167568cb48a3838b75f4265f2bca)
General & Infrastructure	UNKNOWN STEP	2026-04-04T14:45:38.2902258Z Download action repository 'reviewdog/action-misspell@v1' (SHA:d6429416b12b09b4e2768307d53bef58d172e962)
General & Infrastructure	UNKNOWN STEP	2026-04-04T14:45:38.4849943Z Download action repository 'wagoid/commitlint-github-action@v5' (SHA:9763196e10f27aef304c9b8b660d31d97fce0f99)
General & Infrastructure	UNKNOWN STEP	2026-04-04T14:45:38.9249485Z Complete job name: General & Infrastructure
General & Infrastructure	UNKNOWN STEP	2026-04-04T14:45:38.9883216Z ##[group]Pull down action image 'ghcr.io/reviewdog/action-actionlint:v1.72.0'
General & Infrastructure	UNKNOWN STEP	2026-04-04T14:45:38.9978150Z ##[command]/usr/bin/docker pull ghcr.io/reviewdog/action-actionlint:v1.72.0
General & Infrastructure	UNKNOWN STEP	2026-04-04T14:45:39.2269559Z v1.72.0: Pulling from reviewdog/action-actionlint
General & Infrastructure	UNKNOWN STEP	2026-04-04T14:45:39.2913559Z 589002ba0eae: Already exists
General & Infrastructure	UNKNOWN STEP	2026-04-04T14:45:39.2943174Z 0805a1082be0: Pulling fs layer
General & Infrastructure	UNKNOWN STEP	2026-04-04T14:45:39.2945916Z 3566efde290b: Pulling fs layer
General & Infrastructure	UNKNOWN STEP	2026-04-04T14:45:39.2947084Z 2800a7aef8b1: Pulling fs layer
General & Infrastructure	UNKNOWN STEP	2026-04-04T14:45:39.2948366Z f420ae9f738c: Pulling fs layer
General & Infrastructure	UNKNOWN STEP	2026-04-04T14:45:39.2949368Z 539ad613ffba: Pulling fs layer
General & Infrastructure	UNKNOWN STEP	2026-04-04T14:45:39.2950370Z 1062eadcdc7d: Pulling fs layer
General & Infrastructure	UNKNOWN STEP	2026-04-04T14:45:39.2951366Z d12341ef4ed7: Pulling fs layer
General & Infrastructure	UNKNOWN STEP	2026-04-04T14:45:39.2952346Z 0180048b5c67: Pulling fs layer
General & Infrastructure	UNKNOWN STEP	2026-04-04T14:45:39.2953404Z 3f242abd9c8e: Pulling fs layer
General & Infrastructure	UNKNOWN STEP	2026-04-04T14:45:39.2955288Z 539ad613ffba: Waiting
General & Infrastructure	UNKNOWN STEP	2026-04-04T14:45:39.2956623Z 1062eadcdc7d: Waiting
General & Infrastructure	UNKNOWN STEP	2026-04-04T14:45:39.2957773Z d12341ef4ed7: Waiting
General & Infrastructure	UNKNOWN STEP	2026-04-04T14:45:39.2958581Z 0180048b5c67: Waiting
General & Infrastructure	UNKNOWN STEP	2026-04-04T14:45:39.2959328Z 3f242abd9c8e: Waiting
General & Infrastructure	UNKNOWN STEP	2026-04-04T14:45:39.2960078Z f420ae9f738c: Waiting
General & Infrastructure	UNKNOWN STEP	2026-04-04T14:45:39.3632021Z 2800a7aef8b1: Verifying Checksum
General & Infrastructure	UNKNOWN STEP	2026-04-04T14:45:39.3633715Z 2800a7aef8b1: Download complete
General & Infrastructure	UNKNOWN STEP	2026-04-04T14:45:39.4164144Z 0805a1082be0: Verifying Checksum
General & Infrastructure	UNKNOWN STEP	2026-04-04T14:45:39.4858524Z 3566efde290b: Verifying Checksum
General & Infrastructure	UNKNOWN STEP	2026-04-04T14:45:39.4861050Z 3566efde290b: Download complete
General & Infrastructure	UNKNOWN STEP	2026-04-04T14:45:39.5604954Z f420ae9f738c: Verifying Checksum
General & Infrastructure	UNKNOWN STEP	2026-04-04T14:45:39.5606592Z f420ae9f738c: Download complete
General & Infrastructure	UNKNOWN STEP	2026-04-04T14:45:39.6008941Z 539ad613ffba: Verifying Checksum
General & Infrastructure	UNKNOWN STEP	2026-04-04T14:45:39.6010740Z 539ad613ffba: Download complete
General & Infrastructure	UNKNOWN STEP	2026-04-04T14:45:39.6710034Z 1062eadcdc7d: Verifying Checksum
General & Infrastructure	UNKNOWN STEP	2026-04-04T14:45:39.6712994Z 1062eadcdc7d: Download complete
General & Infrastructure	UNKNOWN STEP	2026-04-04T14:45:39.7316951Z d12341ef4ed7: Verifying Checksum
General & Infrastructure	UNKNOWN STEP	2026-04-04T14:45:39.7319055Z d12341ef4ed7: Download complete
General & Infrastructure	UNKNOWN STEP	2026-04-04T14:45:39.7431602Z 3f242abd9c8e: Verifying Checksum
General & Infrastructure	UNKNOWN STEP	2026-04-04T14:45:39.7433140Z 3f242abd9c8e: Download complete
General & Infrastructure	UNKNOWN STEP	2026-04-04T14:45:39.7493756Z 0805a1082be0: Pull complete
General & Infrastructure	UNKNOWN STEP	2026-04-04T14:45:39.7566122Z 0180048b5c67: Verifying Checksum
General & Infrastructure	UNKNOWN STEP	2026-04-04T14:45:39.7567683Z 0180048b5c67: Download complete
General & Infrastructure	UNKNOWN STEP	2026-04-04T14:45:40.3373878Z 3566efde290b: Pull complete
General & Infrastructure	UNKNOWN STEP	2026-04-04T14:45:40.3733335Z 2800a7aef8b1: Pull complete
General & Infrastructure	UNKNOWN STEP	2026-04-04T14:45:40.8870051Z f420ae9f738c: Pull complete
General & Infrastructure	UNKNOWN STEP	2026-04-04T14:45:40.9592266Z 539ad613ffba: Pull complete
General & Infrastructure	UNKNOWN STEP	2026-04-04T14:45:41.0841582Z 1062eadcdc7d: Pull complete
General & Infrastructure	UNKNOWN STEP	2026-04-04T14:45:41.1496797Z d12341ef4ed7: Pull complete
General & Infrastructure	UNKNOWN STEP	2026-04-04T14:45:41.1878300Z 0180048b5c67: Pull complete
General & Infrastructure	UNKNOWN STEP	2026-04-04T14:45:41.1974229Z 3f242abd9c8e: Pull complete
General & Infrastructure	UNKNOWN STEP	2026-04-04T14:45:41.2018997Z Digest: sha256:918481e3b42182d1671c5807d57ed356203e11e96fa679f4f9a8a7b5a65152d9
General & Infrastructure	UNKNOWN STEP	2026-04-04T14:45:41.2029252Z Status: Downloaded newer image for ghcr.io/reviewdog/action-actionlint:v1.72.0
General & Infrastructure	UNKNOWN STEP	2026-04-04T14:45:41.2040438Z ghcr.io/reviewdog/action-actionlint:v1.72.0
General & Infrastructure	UNKNOWN STEP	2026-04-04T14:45:41.2063255Z ##[endgroup]
General & Infrastructure	UNKNOWN STEP	2026-04-04T14:45:41.2092948Z ##[group]Pull down action image 'wagoid/commitlint-github-action:5.5.1'
General & Infrastructure	UNKNOWN STEP	2026-04-04T14:45:41.2093539Z ##[command]/usr/bin/docker pull wagoid/commitlint-github-action:5.5.1
General & Infrastructure	UNKNOWN STEP	2026-04-04T14:45:41.5152916Z 5.5.1: Pulling from wagoid/commitlint-github-action
General & Infrastructure	UNKNOWN STEP	2026-04-04T14:45:41.5156248Z 9398808236ff: Pulling fs layer
General & Infrastructure	UNKNOWN STEP	2026-04-04T14:45:41.5156690Z 68e4fb3bab38: Pulling fs layer
General & Infrastructure	UNKNOWN STEP	2026-04-04T14:45:41.5157472Z 4fbc6a1c66ab: Pulling fs layer
General & Infrastructure	UNKNOWN STEP	2026-04-04T14:45:41.5157905Z 94584f9afe0f: Pulling fs layer
General & Infrastructure	UNKNOWN STEP	2026-04-04T14:45:41.5158322Z 909db87bbd60: Pulling fs layer
General & Infrastructure	UNKNOWN STEP	2026-04-04T14:45:41.5158722Z 689f42122cf4: Pulling fs layer
General & Infrastructure	UNKNOWN STEP	2026-04-04T14:45:41.5159112Z 7ecbb23e6531: Pulling fs layer
General & Infrastructure	UNKNOWN STEP	2026-04-04T14:45:41.5159495Z 4399540f43c1: Pulling fs layer
General & Infrastructure	UNKNOWN STEP	2026-04-04T14:45:41.5159884Z 28ad51cb529b: Pulling fs layer
General & Infrastructure	UNKNOWN STEP	2026-04-04T14:45:41.5160271Z 689f42122cf4: Waiting
General & Infrastructure	UNKNOWN STEP	2026-04-04T14:45:41.5160608Z 94584f9afe0f: Waiting
General & Infrastructure	UNKNOWN STEP	2026-04-04T14:45:41.5160951Z 909db87bbd60: Waiting
General & Infrastructure	UNKNOWN STEP	2026-04-04T14:45:41.5161369Z 7ecbb23e6531: Waiting
General & Infrastructure	UNKNOWN STEP	2026-04-04T14:45:41.5162001Z 4399540f43c1: Waiting
General & Infrastructure	UNKNOWN STEP	2026-04-04T14:45:41.5162356Z 28ad51cb529b: Waiting
General & Infrastructure	UNKNOWN STEP	2026-04-04T14:45:41.6463118Z 4fbc6a1c66ab: Download complete
General & Infrastructure	UNKNOWN STEP	2026-04-04T14:45:41.6640937Z 9398808236ff: Download complete
General & Infrastructure	UNKNOWN STEP	2026-04-04T14:45:41.7352301Z 94584f9afe0f: Verifying Checksum
General & Infrastructure	UNKNOWN STEP	2026-04-04T14:45:41.7355487Z 94584f9afe0f: Download complete
General & Infrastructure	UNKNOWN STEP	2026-04-04T14:45:41.7810557Z 9398808236ff: Pull complete
General & Infrastructure	UNKNOWN STEP	2026-04-04T14:45:41.8147061Z 909db87bbd60: Verifying Checksum
General & Infrastructure	UNKNOWN STEP	2026-04-04T14:45:41.8410831Z 909db87bbd60: Download complete
General & Infrastructure	UNKNOWN STEP	2026-04-04T14:45:41.8411298Z 689f42122cf4: Download complete
General & Infrastructure	UNKNOWN STEP	2026-04-04T14:45:41.9074345Z 7ecbb23e6531: Verifying Checksum
General & Infrastructure	UNKNOWN STEP	2026-04-04T14:45:41.9079971Z 7ecbb23e6531: Download complete
General & Infrastructure	UNKNOWN STEP	2026-04-04T14:45:41.9832815Z 68e4fb3bab38: Verifying Checksum
General & Infrastructure	UNKNOWN STEP	2026-04-04T14:45:41.9833277Z 68e4fb3bab38: Download complete
General & Infrastructure	UNKNOWN STEP	2026-04-04T14:45:41.9897818Z 28ad51cb529b: Verifying Checksum
General & Infrastructure	UNKNOWN STEP	2026-04-04T14:45:41.9898245Z 28ad51cb529b: Download complete
General & Infrastructure	UNKNOWN STEP	2026-04-04T14:45:42.2170935Z 4399540f43c1: Verifying Checksum
General & Infrastructure	UNKNOWN STEP	2026-04-04T14:45:42.2173968Z 4399540f43c1: Download complete
General & Infrastructure	UNKNOWN STEP	2026-04-04T14:45:43.4326482Z 68e4fb3bab38: Pull complete
General & Infrastructure	UNKNOWN STEP	2026-04-04T14:45:43.4901802Z 4fbc6a1c66ab: Pull complete
General & Infrastructure	UNKNOWN STEP	2026-04-04T14:45:43.5023218Z 94584f9afe0f: Pull complete
General & Infrastructure	UNKNOWN STEP	2026-04-04T14:45:43.6744051Z 909db87bbd60: Pull complete
General & Infrastructure	UNKNOWN STEP	2026-04-04T14:45:43.6830668Z 689f42122cf4: Pull complete
General & Infrastructure	UNKNOWN STEP	2026-04-04T14:45:43.6966349Z 7ecbb23e6531: Pull complete
General & Infrastructure	UNKNOWN STEP	2026-04-04T14:45:47.7052723Z 4399540f43c1: Pull complete
General & Infrastructure	UNKNOWN STEP	2026-04-04T14:45:47.7156313Z 28ad51cb529b: Pull complete
General & Infrastructure	UNKNOWN STEP	2026-04-04T14:45:47.7191492Z Digest: sha256:376e134b3f9f4c9674a644253b15b848d954ca7d382d4e1741133a51ab037eca
General & Infrastructure	UNKNOWN STEP	2026-04-04T14:45:47.7204536Z Status: Downloaded newer image for wagoid/commitlint-github-action:5.5.1
General & Infrastructure	UNKNOWN STEP	2026-04-04T14:45:47.7213145Z docker.io/wagoid/commitlint-github-action:5.5.1
General & Infrastructure	UNKNOWN STEP	2026-04-04T14:45:47.7236137Z ##[endgroup]
General & Infrastructure	UNKNOWN STEP	2026-04-04T14:45:47.7261291Z ##[group]Build container for action use: '/home/runner/work/_actions/reviewdog/action-detect-secrets/v0/Dockerfile'.
General & Infrastructure	UNKNOWN STEP	2026-04-04T14:45:47.7267016Z ##[command]/usr/bin/docker build -t 242d65:d525e471c8414d59a6f77c5fe293967b -f "/home/runner/work/_actions/reviewdog/action-detect-secrets/v0/Dockerfile" "/home/runner/work/_actions/reviewdog/action-detect-secrets/v0"
General & Infrastructure	UNKNOWN STEP	2026-04-04T14:45:48.9719119Z #0 building with "default" instance using docker driver
General & Infrastructure	UNKNOWN STEP	2026-04-04T14:45:48.9719533Z 
General & Infrastructure	UNKNOWN STEP	2026-04-04T14:45:48.9719721Z #1 [internal] load build definition from Dockerfile
General & Infrastructure	UNKNOWN STEP	2026-04-04T14:45:48.9720191Z #1 transferring dockerfile: 473B done
General & Infrastructure	UNKNOWN STEP	2026-04-04T14:45:48.9720572Z #1 DONE 0.0s
General & Infrastructure	UNKNOWN STEP	2026-04-04T14:45:48.9720734Z 
General & Infrastructure	UNKNOWN STEP	2026-04-04T14:45:48.9720977Z #2 [auth] library/python:pull token for registry-1.docker.io
General & Infrastructure	UNKNOWN STEP	2026-04-04T14:45:48.9721468Z #2 DONE 0.0s
General & Infrastructure	UNKNOWN STEP	2026-04-04T14:45:48.9721621Z 
General & Infrastructure	UNKNOWN STEP	2026-04-04T14:45:48.9721890Z #3 [internal] load metadata for docker.io/library/python:3.14.0-alpine
General & Infrastructure	UNKNOWN STEP	2026-04-04T14:45:49.1588379Z #3 DONE 0.4s
General & Infrastructure	UNKNOWN STEP	2026-04-04T14:45:49.2755445Z 
General & Infrastructure	UNKNOWN STEP	2026-04-04T14:45:49.2755657Z #4 [internal] load .dockerignore
General & Infrastructure	UNKNOWN STEP	2026-04-04T14:45:49.2756205Z #4 transferring context: 2B done
General & Infrastructure	UNKNOWN STEP	2026-04-04T14:45:49.2756599Z #4 DONE 0.0s
General & Infrastructure	UNKNOWN STEP	2026-04-04T14:45:49.2756909Z 
General & Infrastructure	UNKNOWN STEP	2026-04-04T14:45:49.2758250Z #5 [internal] load build context
General & Infrastructure	UNKNOWN STEP	2026-04-04T14:45:49.2758773Z #5 transferring context: 3.44kB done
General & Infrastructure	UNKNOWN STEP	2026-04-04T14:45:49.2760547Z #5 DONE 0.0s
General & Infrastructure	UNKNOWN STEP	2026-04-04T14:45:49.2760769Z 
General & Infrastructure	UNKNOWN STEP	2026-04-04T14:45:49.2761416Z #6 [1/4] FROM docker.io/library/python:3.14.0-alpine@sha256:8373231e1e906ddfb457748bfc032c4c06ada8c759b7b62d9c73ec2a3c56e710
General & Infrastructure	UNKNOWN STEP	2026-04-04T14:45:49.2762809Z #6 resolve docker.io/library/python:3.14.0-alpine@sha256:8373231e1e906ddfb457748bfc032c4c06ada8c759b7b62d9c73ec2a3c56e710 done
General & Infrastructure	UNKNOWN STEP	2026-04-04T14:45:49.2764056Z #6 sha256:da0af7e1f95f7612c15858b627b151edde12a97b6ae60731a82c4849bd9c5b2c 1.73kB / 1.73kB done
General & Infrastructure	UNKNOWN STEP	2026-04-04T14:45:49.2765116Z #6 sha256:24ef78ff5ffe3f0b75661012741566f58f76e8109513be875a237d0a7b19b073 4.62kB / 4.62kB done
General & Infrastructure	UNKNOWN STEP	2026-04-04T14:45:49.2767098Z #6 sha256:86d375910f52b7c453db7c1e2135c1536210eb84825e8505b1c9e5a34faaf57a 0B / 456.92kB 0.1s
General & Infrastructure	UNKNOWN STEP	2026-04-04T14:45:49.2768498Z #6 sha256:facdf984afd18f7f52714321a1e8915796191dd98798aef5d1f77a85507e830d 0B / 13.23MB 0.1s
General & Infrastructure	UNKNOWN STEP	2026-04-04T14:45:49.2769640Z #6 sha256:8373231e1e906ddfb457748bfc032c4c06ada8c759b7b62d9c73ec2a3c56e710 10.29kB / 10.29kB done
General & Infrastructure	UNKNOWN STEP	2026-04-04T14:45:49.3914998Z #6 sha256:86d375910f52b7c453db7c1e2135c1536210eb84825e8505b1c9e5a34faaf57a 456.92kB / 456.92kB 0.1s done
General & Infrastructure	UNKNOWN STEP	2026-04-04T14:45:49.3916538Z #6 sha256:facdf984afd18f7f52714321a1e8915796191dd98798aef5d1f77a85507e830d 10.49MB / 13.23MB 0.2s
General & Infrastructure	UNKNOWN STEP	2026-04-04T14:45:49.3918131Z #6 extracting sha256:2d35ebdb57d9971fea0cac1582aa78935adf8058b2cc32db163c98822e5dfa1b 0.1s done
General & Infrastructure	UNKNOWN STEP	2026-04-04T14:45:49.3919125Z #6 sha256:2d35ebdb57d9971fea0cac1582aa78935adf8058b2cc32db163c98822e5dfa1b 3.80MB / 3.80MB 0.1s done
General & Infrastructure	UNKNOWN STEP	2026-04-04T14:45:49.3920366Z #6 sha256:13839c1b2c2fc819a0ebcba5bbfcb61b3d29976827c3c86062f87186660baa70 250B / 250B 0.1s done
General & Infrastructure	UNKNOWN STEP	2026-04-04T14:45:49.3921213Z #6 extracting sha256:86d375910f52b7c453db7c1e2135c1536210eb84825e8505b1c9e5a34faaf57a
General & Infrastructure	UNKNOWN STEP	2026-04-04T14:45:49.6037319Z #6 sha256:facdf984afd18f7f52714321a1e8915796191dd98798aef5d1f77a85507e830d 13.23MB / 13.23MB 0.2s done
General & Infrastructure	UNKNOWN STEP	2026-04-04T14:45:49.6038378Z #6 extracting sha256:86d375910f52b7c453db7c1e2135c1536210eb84825e8505b1c9e5a34faaf57a 0.1s done
General & Infrastructure	UNKNOWN STEP	2026-04-04T14:45:49.6039252Z #6 extracting sha256:facdf984afd18f7f52714321a1e8915796191dd98798aef5d1f77a85507e830d
General & Infrastructure	UNKNOWN STEP	2026-04-04T14:45:50.1719376Z #6 extracting sha256:facdf984afd18f7f52714321a1e8915796191dd98798aef5d1f77a85507e830d 0.5s done
General & Infrastructure	UNKNOWN STEP	2026-04-04T14:45:50.1723529Z #6 extracting sha256:13839c1b2c2fc819a0ebcba5bbfcb61b3d29976827c3c86062f87186660baa70
General & Infrastructure	UNKNOWN STEP	2026-04-04T14:45:50.3232490Z #6 extracting sha256:13839c1b2c2fc819a0ebcba5bbfcb61b3d29976827c3c86062f87186660baa70 done
General & Infrastructure	UNKNOWN STEP	2026-04-04T14:45:50.3233636Z #6 DONE 1.0s
General & Infrastructure	UNKNOWN STEP	2026-04-04T14:45:50.3234064Z 
General & Infrastructure	UNKNOWN STEP	2026-04-04T14:45:50.3236003Z #7 [2/4] RUN apk --no-cache add git gcc musl-dev   && wget -O - -q https://raw.githubusercontent.com/reviewdog/reviewdog/fd59714416d6d9a1c0692d872e38e7f8448df4fc/install.sh| sh -s -- -b /usr/local/bin/ v0.21.0   && pip install detect-secrets[word_list]
General & Infrastructure	UNKNOWN STEP	2026-04-04T14:45:50.3237642Z #7 0.125 fetch https://dl-cdn.alpinelinux.org/alpine/v3.22/main/x86_64/APKINDEX.tar.gz
General & Infrastructure	UNKNOWN STEP	2026-04-04T14:45:50.5657008Z #7 0.217 fetch https://dl-cdn.alpinelinux.org/alpine/v3.22/community/x86_64/APKINDEX.tar.gz
General & Infrastructure	UNKNOWN STEP	2026-04-04T14:45:50.6798100Z #7 0.482 (1/23) Installing libgcc (14.2.0-r6)
General & Infrastructure	UNKNOWN STEP	2026-04-04T14:45:50.7972484Z #7 0.491 (2/23) Installing jansson (2.14.1-r0)
General & Infrastructure	UNKNOWN STEP	2026-04-04T14:45:50.7973085Z #7 0.500 (3/23) Installing libstdc++ (14.2.0-r6)
General & Infrastructure	UNKNOWN STEP	2026-04-04T14:45:50.7973462Z #7 0.526 (4/23) Installing binutils (2.44-r3)
General & Infrastructure	UNKNOWN STEP	2026-04-04T14:45:50.7973841Z #7 0.599 (5/23) Installing libgomp (14.2.0-r6)
General & Infrastructure	UNKNOWN STEP	2026-04-04T14:45:51.0209274Z #7 0.610 (6/23) Installing libatomic (14.2.0-r6)
General & Infrastructure	UNKNOWN STEP	2026-04-04T14:45:51.0209788Z #7 0.617 (7/23) Installing gmp (6.3.0-r3)
General & Infrastructure	UNKNOWN STEP	2026-04-04T14:45:51.0210231Z #7 0.629 (8/23) Installing isl26 (0.26-r1)
General & Infrastructure	UNKNOWN STEP	2026-04-04T14:45:51.0210697Z #7 0.649 (9/23) Installing mpfr4 (4.2.1_p1-r0)
General & Infrastructure	UNKNOWN STEP	2026-04-04T14:45:51.0211151Z #7 0.661 (10/23) Installing mpc1 (1.3.1-r1)
General & Infrastructure	UNKNOWN STEP	2026-04-04T14:45:51.0211566Z #7 0.672 (11/23) Installing gcc (14.2.0-r6)
General & Infrastructure	UNKNOWN STEP	2026-04-04T14:45:51.7587335Z #7 1.561 (12/23) Installing brotli-libs (1.1.0-r2)
General & Infrastructure	UNKNOWN STEP	2026-04-04T14:45:51.9198969Z #7 1.574 (13/23) Installing c-ares (1.34.6-r0)
General & Infrastructure	UNKNOWN STEP	2026-04-04T14:45:51.9199597Z #7 1.582 (14/23) Installing libunistring (1.3-r0)
General & Infrastructure	UNKNOWN STEP	2026-04-04T14:45:51.9199988Z #7 1.598 (15/23) Installing libidn2 (2.3.7-r0)
General & Infrastructure	UNKNOWN STEP	2026-04-04T14:45:51.9200381Z #7 1.608 (16/23) Installing nghttp2-libs (1.65.0-r0)
General & Infrastructure	UNKNOWN STEP	2026-04-04T14:45:51.9200771Z #7 1.615 (17/23) Installing libpsl (0.21.5-r3)
General & Infrastructure	UNKNOWN STEP	2026-04-04T14:45:51.9201127Z #7 1.623 (18/23) Installing libcurl (8.14.1-r2)
General & Infrastructure	UNKNOWN STEP	2026-04-04T14:45:51.9201477Z #7 1.635 (19/23) Installing libexpat (2.7.5-r0)
General & Infrastructure	UNKNOWN STEP	2026-04-04T14:45:51.9201834Z #7 1.644 (20/23) Installing pcre2 (10.46-r0)
General & Infrastructure	UNKNOWN STEP	2026-04-04T14:45:51.9202176Z #7 1.658 (21/23) Installing git (2.49.1-r0)
General & Infrastructure	UNKNOWN STEP	2026-04-04T14:45:51.9202570Z #7 1.722 (22/23) Installing git-init-template (2.49.1-r0)
General & Infrastructure	UNKNOWN STEP	2026-04-04T14:45:52.1233555Z #7 1.730 (23/23) Installing musl-dev (1.2.5-r10)
General & Infrastructure	UNKNOWN STEP	2026-04-04T14:45:52.1234171Z #7 1.795 Executing busybox-1.37.0-r19.trigger
General & Infrastructure	UNKNOWN STEP	2026-04-04T14:45:52.1234651Z #7 1.802 OK: 186 MiB in 53 packages
General & Infrastructure	UNKNOWN STEP	2026-04-04T14:45:52.1235231Z #7 1.925 reviewdog/reviewdog info checking GitHub for tag 'v0.21.0'
General & Infrastructure	UNKNOWN STEP	2026-04-04T14:45:52.3568262Z #7 2.159 reviewdog/reviewdog info found version: 0.21.0 for v0.21.0/Linux/x86_64
General & Infrastructure	UNKNOWN STEP	2026-04-04T14:45:52.7355848Z #7 2.538 reviewdog/reviewdog info installed /usr/local/bin//reviewdog
General & Infrastructure	UNKNOWN STEP	2026-04-04T14:45:55.0793697Z #7 4.881 Collecting detect-secrets[word_list]
General & Infrastructure	UNKNOWN STEP	2026-04-04T14:45:55.1983244Z #7 4.937   Downloading detect_secrets-1.5.0-py3-none-any.whl.metadata (23 kB)
General & Infrastructure	UNKNOWN STEP	2026-04-04T14:45:55.1984113Z #7 5.000 Collecting pyyaml (from detect-secrets[word_list])
General & Infrastructure	UNKNOWN STEP	2026-04-04T14:45:55.4281680Z #7 5.010   Downloading pyyaml-6.0.3-cp314-cp314-musllinux_1_2_x86_64.whl.metadata (2.4 kB)
General & Infrastructure	UNKNOWN STEP	2026-04-04T14:45:55.4282748Z #7 5.046 Collecting requests (from detect-secrets[word_list])
General & Infrastructure	UNKNOWN STEP	2026-04-04T14:45:55.4283472Z #7 5.053   Downloading requests-2.33.1-py3-none-any.whl.metadata (4.8 kB)
General & Infrastructure	UNKNOWN STEP	2026-04-04T14:45:55.4284077Z #7 5.083 Collecting pyahocorasick (from detect-secrets[word_list])
General & Infrastructure	UNKNOWN STEP	2026-04-04T14:45:55.4284799Z #7 5.092   Downloading pyahocorasick-2.3.0-cp314-cp314-musllinux_1_2_x86_64.whl.metadata (13 kB)
General & Infrastructure	UNKNOWN STEP	2026-04-04T14:45:55.4285867Z #7 5.230 Collecting charset_normalizer<4,>=2 (from requests->detect-secrets[word_list])
General & Infrastructure	UNKNOWN STEP	2026-04-04T14:45:55.5467520Z #7 5.238   Downloading charset_normalizer-3.4.7-cp314-cp314-musllinux_1_2_x86_64.whl.metadata (40 kB)
General & Infrastructure	UNKNOWN STEP	2026-04-04T14:45:55.5468445Z #7 5.267 Collecting idna<4,>=2.5 (from requests->detect-secrets[word_list])
General & Infrastructure	UNKNOWN STEP	2026-04-04T14:45:55.5468999Z #7 5.274   Downloading idna-3.11-py3-none-any.whl.metadata (8.4 kB)
General & Infrastructure	UNKNOWN STEP	2026-04-04T14:45:55.5469660Z #7 5.312 Collecting urllib3<3,>=1.26 (from requests->detect-secrets[word_list])
General & Infrastructure	UNKNOWN STEP	2026-04-04T14:45:55.5470208Z #7 5.320   Downloading urllib3-2.6.3-py3-none-any.whl.metadata (6.9 kB)
General & Infrastructure	UNKNOWN STEP	2026-04-04T14:45:55.5471212Z #7 5.349 Collecting certifi>=2023.5.7 (from requests->detect-secrets[word_list])
General & Infrastructure	UNKNOWN STEP	2026-04-04T14:45:55.6520833Z #7 5.356   Downloading certifi-2026.2.25-py3-none-any.whl.metadata (2.5 kB)
General & Infrastructure	UNKNOWN STEP	2026-04-04T14:45:55.6521720Z #7 5.370 Downloading detect_secrets-1.5.0-py3-none-any.whl (120 kB)
General & Infrastructure	UNKNOWN STEP	2026-04-04T14:45:55.6522612Z #7 5.387 Downloading pyahocorasick-2.3.0-cp314-cp314-musllinux_1_2_x86_64.whl (117 kB)
General & Infrastructure	UNKNOWN STEP	2026-04-04T14:45:55.6523577Z #7 5.398 Downloading pyyaml-6.0.3-cp314-cp314-musllinux_1_2_x86_64.whl (789 kB)
General & Infrastructure	UNKNOWN STEP	2026-04-04T14:45:55.6524576Z #7 5.417    ━━━━━━━━━━━━━━━━━━━━━━━━━━━━━━━━━━━━━━━━ 789.2/789.2 kB 44.7 MB/s  0:00:00
General & Infrastructure	UNKNOWN STEP	2026-04-04T14:45:55.6525338Z #7 5.424 Downloading requests-2.33.1-py3-none-any.whl (64 kB)
General & Infrastructure	UNKNOWN STEP	2026-04-04T14:45:55.6526202Z #7 5.434 Downloading charset_normalizer-3.4.7-cp314-cp314-musllinux_1_2_x86_64.whl (217 kB)
General & Infrastructure	UNKNOWN STEP	2026-04-04T14:45:55.6527035Z #7 5.444 Downloading idna-3.11-py3-none-any.whl (71 kB)
General & Infrastructure	UNKNOWN STEP	2026-04-04T14:45:55.6532469Z #7 5.454 Downloading urllib3-2.6.3-py3-none-any.whl (131 kB)
General & Infrastructure	UNKNOWN STEP	2026-04-04T14:45:55.8696324Z #7 5.473 Downloading certifi-2026.2.25-py3-none-any.whl (153 kB)
General & Infrastructure	UNKNOWN STEP	2026-04-04T14:45:55.8698127Z #7 5.521 Installing collected packages: urllib3, pyyaml, pyahocorasick, idna, charset_normalizer, certifi, requests, detect-secrets
General & Infrastructure	UNKNOWN STEP	2026-04-04T14:45:56.3377961Z #7 6.140 
General & Infrastructure	UNKNOWN STEP	2026-04-04T14:45:56.5322865Z #7 6.142 Successfully installed certifi-2026.2.25 charset_normalizer-3.4.7 detect-secrets-1.5.0 idna-3.11 pyahocorasick-2.3.0 pyyaml-6.0.3 requests-2.33.1 urllib3-2.6.3
General & Infrastructure	UNKNOWN STEP	2026-04-04T14:45:56.5330398Z #7 6.143 WARNING: Running pip as the 'root' user can result in broken permissions and conflicting behaviour with the system package manager, possibly rendering your system unusable. It is recommended to use a virtual environment instead: https://pip.pypa.io/warnings/venv. Use the --root-user-action option if you know what you are doing and want to suppress this warning.
General & Infrastructure	UNKNOWN STEP	2026-04-04T14:45:56.5335980Z #7 6.220 
General & Infrastructure	UNKNOWN STEP	2026-04-04T14:45:56.5336407Z #7 6.220 [notice] A new release of pip is available: 25.2 -> 26.0.1
General & Infrastructure	UNKNOWN STEP	2026-04-04T14:45:56.5337060Z #7 6.220 [notice] To update, run: pip install --upgrade pip
General & Infrastructure	UNKNOWN STEP	2026-04-04T14:45:56.5339662Z #7 DONE 6.3s
General & Infrastructure	UNKNOWN STEP	2026-04-04T14:45:56.7100154Z 
General & Infrastructure	UNKNOWN STEP	2026-04-04T14:45:56.7101266Z #8 [3/4] COPY baseline2rdf.py /usr/local/bin/baseline2rdf
General & Infrastructure	UNKNOWN STEP	2026-04-04T14:45:56.7101817Z #8 DONE 0.0s
General & Infrastructure	UNKNOWN STEP	2026-04-04T14:45:56.7101992Z 
General & Infrastructure	UNKNOWN STEP	2026-04-04T14:45:56.7102155Z #9 [4/4] COPY entrypoint.sh /entrypoint.sh
General & Infrastructure	UNKNOWN STEP	2026-04-04T14:45:56.7102618Z #9 DONE 0.0s
General & Infrastructure	UNKNOWN STEP	2026-04-04T14:45:56.7102780Z 
General & Infrastructure	UNKNOWN STEP	2026-04-04T14:45:56.7103083Z #10 exporting to image
General & Infrastructure	UNKNOWN STEP	2026-04-04T14:45:56.7103423Z #10 exporting layers
General & Infrastructure	UNKNOWN STEP	2026-04-04T14:45:57.3017453Z #10 exporting layers 0.7s done
General & Infrastructure	UNKNOWN STEP	2026-04-04T14:45:57.3240827Z #10 writing image sha256:2da384862c88acd3663ea04a9d5290adeaeaacbf31a74525273ed2063329ee2f done
General & Infrastructure	UNKNOWN STEP	2026-04-04T14:45:57.3241676Z #10 naming to docker.io/library/242d65:d525e471c8414d59a6f77c5fe293967b done
General & Infrastructure	UNKNOWN STEP	2026-04-04T14:45:57.3242350Z #10 DONE 0.8s
General & Infrastructure	UNKNOWN STEP	2026-04-04T14:45:57.3291894Z ##[endgroup]
General & Infrastructure	UNKNOWN STEP	2026-04-04T14:45:57.3304163Z ##[group]Build container for action use: '/home/runner/work/_actions/reviewdog/action-misspell/v1/Dockerfile'.
General & Infrastructure	UNKNOWN STEP	2026-04-04T14:45:57.3305939Z ##[command]/usr/bin/docker build -t 242d65:e82ef704026b4d6cb0569e9bb5793a88 -f "/home/runner/work/_actions/reviewdog/action-misspell/v1/Dockerfile" "/home/runner/work/_actions/reviewdog/action-misspell/v1"
General & Infrastructure	UNKNOWN STEP	2026-04-04T14:45:57.6081655Z #0 building with "default" instance using docker driver
General & Infrastructure	UNKNOWN STEP	2026-04-04T14:45:57.6082424Z 
General & Infrastructure	UNKNOWN STEP	2026-04-04T14:45:57.6082658Z #1 [internal] load build definition from Dockerfile
General & Infrastructure	UNKNOWN STEP	2026-04-04T14:45:57.6083048Z #1 transferring dockerfile: 649B done
General & Infrastructure	UNKNOWN STEP	2026-04-04T14:45:57.6083351Z #1 DONE 0.0s
General & Infrastructure	UNKNOWN STEP	2026-04-04T14:45:57.6083475Z 
General & Infrastructure	UNKNOWN STEP	2026-04-04T14:45:57.6083655Z #2 [auth] library/debian:pull token for registry-1.docker.io
General & Infrastructure	UNKNOWN STEP	2026-04-04T14:45:57.6084037Z #2 DONE 0.0s
General & Infrastructure	UNKNOWN STEP	2026-04-04T14:45:57.6084156Z 
General & Infrastructure	UNKNOWN STEP	2026-04-04T14:45:57.6084378Z #3 [internal] load metadata for docker.io/library/debian:bullseye-slim
General & Infrastructure	UNKNOWN STEP	2026-04-04T14:45:57.7219801Z #3 DONE 0.3s
General & Infrastructure	UNKNOWN STEP	2026-04-04T14:45:57.8385506Z 
General & Infrastructure	UNKNOWN STEP	2026-04-04T14:45:57.8386132Z #4 [internal] load .dockerignore
General & Infrastructure	UNKNOWN STEP	2026-04-04T14:45:57.8386589Z #4 transferring context: 2B done
General & Infrastructure	UNKNOWN STEP	2026-04-04T14:45:57.8386969Z #4 DONE 0.0s
General & Infrastructure	UNKNOWN STEP	2026-04-04T14:45:57.8387309Z 
General & Infrastructure	UNKNOWN STEP	2026-04-04T14:45:57.8387460Z #5 [internal] load build context
General & Infrastructure	UNKNOWN STEP	2026-04-04T14:45:57.8387810Z #5 transferring context: 1.18kB done
General & Infrastructure	UNKNOWN STEP	2026-04-04T14:45:57.8388041Z #5 DONE 0.0s
General & Infrastructure	UNKNOWN STEP	2026-04-04T14:45:57.8388141Z 
General & Infrastructure	UNKNOWN STEP	2026-04-04T14:45:57.8388520Z #6 [1/5] FROM docker.io/library/debian:bullseye-slim@sha256:95a3884fee36b8f33bf32a6bbffa8dffe6cab6089b841cec45fb47c581a2709d
General & Infrastructure	UNKNOWN STEP	2026-04-04T14:45:57.8389504Z #6 resolve docker.io/library/debian:bullseye-slim@sha256:95a3884fee36b8f33bf32a6bbffa8dffe6cab6089b841cec45fb47c581a2709d done
General & Infrastructure	UNKNOWN STEP	2026-04-04T14:45:57.8390375Z #6 sha256:95a3884fee36b8f33bf32a6bbffa8dffe6cab6089b841cec45fb47c581a2709d 4.54kB / 4.54kB done
General & Infrastructure	UNKNOWN STEP	2026-04-04T14:45:57.8390974Z #6 sha256:040964add8da2d945de53cd2b29aa3fd2aa402b6d6de437aca2edbeb9d1cf3f4 1.02kB / 1.02kB done
General & Infrastructure	UNKNOWN STEP	2026-04-04T14:45:57.8391715Z #6 sha256:fa549c2c1e9dc41640ca6b8cc341cb54b21800e7a8824ab3ee0765ed52b65bfb 453B / 453B done
General & Infrastructure	UNKNOWN STEP	2026-04-04T14:45:57.8392322Z #6 sha256:2def39ba61d018877eab029bb49f5312188fcf3f564be382981f921d932f625f 0B / 30.26MB 0.1s
General & Infrastructure	UNKNOWN STEP	2026-04-04T14:45:57.9401122Z #6 sha256:2def39ba61d018877eab029bb49f5312188fcf3f564be382981f921d932f625f 22.02MB / 30.26MB 0.2s
General & Infrastructure	UNKNOWN STEP	2026-04-04T14:45:58.0793779Z #6 sha256:2def39ba61d018877eab029bb49f5312188fcf3f564be382981f921d932f625f 30.26MB / 30.26MB 0.2s done
General & Infrastructure	UNKNOWN STEP	2026-04-04T14:45:58.0794993Z #6 extracting sha256:2def39ba61d018877eab029bb49f5312188fcf3f564be382981f921d932f625f 0.1s
General & Infrastructure	UNKNOWN STEP	2026-04-04T14:45:59.1470930Z #6 extracting sha256:2def39ba61d018877eab029bb49f5312188fcf3f564be382981f921d932f625f 1.2s done
General & Infrastructure	UNKNOWN STEP	2026-04-04T14:45:59.3216203Z #6 DONE 1.4s
General & Infrastructure	UNKNOWN STEP	2026-04-04T14:45:59.3216395Z 
General & Infrastructure	UNKNOWN STEP	2026-04-04T14:45:59.3217005Z #7 [2/5] RUN apt-get update     && apt-get install -y --no-install-recommends         ca-certificates         git         wget     && apt-get clean     && rm -rf /var/lib/apt/lists/*
General & Infrastructure	UNKNOWN STEP	2026-04-04T14:45:59.3272638Z #7 0.156 Get:1 http://deb.debian.org/debian bullseye InRelease [75.1 kB]
General & Infrastructure	UNKNOWN STEP	2026-04-04T14:45:59.5114894Z #7 0.168 Get:2 http://deb.debian.org/debian-security bullseye-security InRelease [27.2 kB]
General & Infrastructure	UNKNOWN STEP	2026-04-04T14:45:59.5116183Z #7 0.174 Get:3 http://deb.debian.org/debian bullseye-updates InRelease [44.0 kB]
General & Infrastructure	UNKNOWN STEP	2026-04-04T14:45:59.5118630Z #7 0.255 Get:4 http://deb.debian.org/debian bullseye/main amd64 Packages [8066 kB]
General & Infrastructure	UNKNOWN STEP	2026-04-04T14:45:59.5119617Z #7 0.340 Get:5 http://deb.debian.org/debian-security bullseye-security/main amd64 Packages [446 kB]
General & Infrastructure	UNKNOWN STEP	2026-04-04T14:45:59.7412838Z #7 0.420 Get:6 http://deb.debian.org/debian bullseye-updates/main amd64 Packages [18.8 kB]
General & Infrastructure	UNKNOWN STEP	2026-04-04T14:46:00.3309229Z #7 1.160 Fetched 8677 kB in 1s (8534 kB/s)
General & Infrastructure	UNKNOWN STEP	2026-04-04T14:46:00.6629717Z #7 1.160 Reading package lists...
General & Infrastructure	UNKNOWN STEP	2026-04-04T14:46:01.0091922Z #7 1.510 Reading package lists...
General & Infrastructure	UNKNOWN STEP	2026-04-04T14:46:01.1665531Z #7 1.847 Building dependency tree...
General & Infrastructure	UNKNOWN STEP	2026-04-04T14:46:01.1666331Z #7 1.916 Reading state information...
General & Infrastructure	UNKNOWN STEP	2026-04-04T14:46:01.1668190Z #7 1.996 The following additional packages will be installed:
General & Infrastructure	UNKNOWN STEP	2026-04-04T14:46:01.1669452Z #7 1.996   git-man libbrotli1 libcurl3-gnutls liberror-perl libexpat1 libgdbm-compat4
General & Infrastructure	UNKNOWN STEP	2026-04-04T14:46:01.3203607Z #7 1.996   libgdbm6 libldap-2.4-2 libnghttp2-14 libperl5.32 libpsl5 librtmp1 libsasl2-2
General & Infrastructure	UNKNOWN STEP	2026-04-04T14:46:01.3205508Z #7 1.996   libsasl2-modules-db libssh2-1 openssl perl perl-modules-5.32
General & Infrastructure	UNKNOWN STEP	2026-04-04T14:46:01.3206310Z #7 1.997 Suggested packages:
General & Infrastructure	UNKNOWN STEP	2026-04-04T14:46:01.3207672Z #7 1.997   gettext-base git-daemon-run | git-daemon-sysvinit git-doc git-el git-email
General & Infrastructure	UNKNOWN STEP	2026-04-04T14:46:01.3208935Z #7 1.997   git-gui gitk gitweb git-cvs git-mediawiki git-svn gdbm-l10n sensible-utils
General & Infrastructure	UNKNOWN STEP	2026-04-04T14:46:01.3210190Z #7 1.997   perl-doc libterm-readline-gnu-perl | libterm-readline-perl-perl make
General & Infrastructure	UNKNOWN STEP	2026-04-04T14:46:01.3211144Z #7 1.997   libtap-harness-archive-perl
General & Infrastructure	UNKNOWN STEP	2026-04-04T14:46:01.3211737Z #7 1.997 Recommended packages:
General & Infrastructure	UNKNOWN STEP	2026-04-04T14:46:01.3212614Z #7 1.997   patch less ssh-client libldap-common publicsuffix libsasl2-modules netbase
General & Infrastructure	UNKNOWN STEP	2026-04-04T14:46:01.3213713Z #7 2.058 The following NEW packages will be installed:
General & Infrastructure	UNKNOWN STEP	2026-04-04T14:46:01.3214666Z #7 2.059   ca-certificates git git-man libbrotli1 libcurl3-gnutls liberror-perl
General & Infrastructure	UNKNOWN STEP	2026-04-04T14:46:01.3215915Z #7 2.059   libexpat1 libgdbm-compat4 libgdbm6 libldap-2.4-2 libnghttp2-14 libperl5.32
General & Infrastructure	UNKNOWN STEP	2026-04-04T14:46:01.3217038Z #7 2.059   libpsl5 librtmp1 libsasl2-2 libsasl2-modules-db libssh2-1 openssl perl
General & Infrastructure	UNKNOWN STEP	2026-04-04T14:46:01.3218099Z #7 2.059   perl-modules-5.32 wget
General & Infrastructure	UNKNOWN STEP	2026-04-04T14:46:01.3218987Z #7 2.093 0 upgraded, 21 newly installed, 0 to remove and 0 not upgraded.
General & Infrastructure	UNKNOWN STEP	2026-04-04T14:46:01.3219663Z #7 2.093 Need to get 18.3 MB of archives.
General & Infrastructure	UNKNOWN STEP	2026-04-04T14:46:01.3220245Z #7 2.093 After this operation, 94.5 MB of additional disk space will be used.
General & Infrastructure	UNKNOWN STEP	2026-04-04T14:46:01.3221428Z #7 2.093 Get:1 http://deb.debian.org/debian-security bullseye-security/main amd64 perl-modules-5.32 all 5.32.1-4+deb11u4 [2824 kB]
General & Infrastructure	UNKNOWN STEP	2026-04-04T14:46:01.3222668Z #7 2.150 Get:2 http://deb.debian.org/debian bullseye/main amd64 libgdbm6 amd64 1.19-2 [64.9 kB]
General & Infrastructure	UNKNOWN STEP	2026-04-04T14:46:01.4716206Z #7 2.151 Get:3 http://deb.debian.org/debian bullseye/main amd64 libgdbm-compat4 amd64 1.19-2 [44.7 kB]
General & Infrastructure	UNKNOWN STEP	2026-04-04T14:46:01.4717926Z #7 2.152 Get:4 http://deb.debian.org/debian-security bullseye-security/main amd64 libperl5.32 amd64 5.32.1-4+deb11u4 [4132 kB]
General & Infrastructure	UNKNOWN STEP	2026-04-04T14:46:01.4719172Z #7 2.172 Get:5 http://deb.debian.org/debian-security bullseye-security/main amd64 perl amd64 5.32.1-4+deb11u4 [293 kB]
General & Infrastructure	UNKNOWN STEP	2026-04-04T14:46:01.4720288Z #7 2.173 Get:6 http://deb.debian.org/debian-security bullseye-security/main amd64 openssl amd64 1.1.1w-0+deb11u5 [859 kB]
General & Infrastructure	UNKNOWN STEP	2026-04-04T14:46:01.4721457Z #7 2.177 Get:7 http://deb.debian.org/debian-security bullseye-security/main amd64 ca-certificates all 20230311+deb12u1~deb11u1 [169 kB]
General & Infrastructure	UNKNOWN STEP	2026-04-04T14:46:01.4722494Z #7 2.178 Get:8 http://deb.debian.org/debian bullseye/main amd64 libpsl5 amd64 0.21.0-1.2 [57.3 kB]
General & Infrastructure	UNKNOWN STEP	2026-04-04T14:46:01.4723482Z #7 2.179 Get:9 http://deb.debian.org/debian-security bullseye-security/main amd64 wget amd64 1.21-1+deb11u2 [964 kB]
General & Infrastructure	UNKNOWN STEP	2026-04-04T14:46:01.4725132Z #7 2.183 Get:10 http://deb.debian.org/debian bullseye/main amd64 libbrotli1 amd64 1.0.9-2+b2 [279 kB]
General & Infrastructure	UNKNOWN STEP	2026-04-04T14:46:01.4726139Z #7 2.185 Get:11 http://deb.debian.org/debian bullseye/main amd64 libsasl2-modules-db amd64 2.1.27+dfsg-2.1+deb11u1 [69.1 kB]
General & Infrastructure	UNKNOWN STEP	2026-04-04T14:46:01.4727434Z #7 2.186 Get:12 http://deb.debian.org/debian bullseye/main amd64 libsasl2-2 amd64 2.1.27+dfsg-2.1+deb11u1 [106 kB]
General & Infrastructure	UNKNOWN STEP	2026-04-04T14:46:01.4728484Z #7 2.186 Get:13 http://deb.debian.org/debian bullseye/main amd64 libldap-2.4-2 amd64 2.4.57+dfsg-3+deb11u1 [232 kB]
General & Infrastructure	UNKNOWN STEP	2026-04-04T14:46:01.4729582Z #7 2.188 Get:14 http://deb.debian.org/debian-security bullseye-security/main amd64 libnghttp2-14 amd64 1.43.0-1+deb11u2 [77.0 kB]
General & Infrastructure	UNKNOWN STEP	2026-04-04T14:46:01.4730345Z #7 2.189 Get:15 http://deb.debian.org/debian bullseye/main amd64 librtmp1 amd64 2.4+20151223.gitfa8646d.1-2+b2 [60.8 kB]
General & Infrastructure	UNKNOWN STEP	2026-04-04T14:46:01.4731313Z #7 2.189 Get:16 http://deb.debian.org/debian bullseye/main amd64 libssh2-1 amd64 1.9.0-2+deb11u1 [156 kB]
General & Infrastructure	UNKNOWN STEP	2026-04-04T14:46:01.4732497Z #7 2.190 Get:17 http://deb.debian.org/debian-security bullseye-security/main amd64 libcurl3-gnutls amd64 7.74.0-1.3+deb11u16 [344 kB]
General & Infrastructure	UNKNOWN STEP	2026-04-04T14:46:01.4733322Z #7 2.192 Get:18 http://deb.debian.org/debian-security bullseye-security/main amd64 libexpat1 amd64 2.2.10-2+deb11u7 [99.2 kB]
General & Infrastructure	UNKNOWN STEP	2026-04-04T14:46:01.4733991Z #7 2.194 Get:19 http://deb.debian.org/debian bullseye/main amd64 liberror-perl all 0.17029-1 [31.0 kB]
General & Infrastructure	UNKNOWN STEP	2026-04-04T14:46:01.4734797Z #7 2.194 Get:20 http://deb.debian.org/debian-security bullseye-security/main amd64 git-man all 1:2.30.2-1+deb11u5 [1831 kB]
General & Infrastructure	UNKNOWN STEP	2026-04-04T14:46:01.4735514Z #7 2.201 Get:21 http://deb.debian.org/debian-security bullseye-security/main amd64 git amd64 1:2.30.2-1+deb11u5 [5568 kB]
General & Infrastructure	UNKNOWN STEP	2026-04-04T14:46:01.4736122Z #7 2.301 debconf: delaying package configuration, since apt-utils is not installed
General & Infrastructure	UNKNOWN STEP	2026-04-04T14:46:01.6547294Z #7 2.316 Fetched 18.3 MB in 0s (114 MB/s)
General & Infrastructure	UNKNOWN STEP	2026-04-04T14:46:01.6548143Z #7 2.327 Selecting previously unselected package perl-modules-5.32.
General & Infrastructure	UNKNOWN STEP	2026-04-04T14:46:01.6548746Z #7 2.327 (Reading database ... 
General & Infrastructure	UNKNOWN STEP	2026-04-04T14:46:01.6549128Z (Reading database ... 5%
General & Infrastructure	UNKNOWN STEP	2026-04-04T14:46:01.6549472Z (Reading database ... 10%
General & Infrastructure	UNKNOWN STEP	2026-04-04T14:46:01.6549818Z (Reading database ... 15%
General & Infrastructure	UNKNOWN STEP	2026-04-04T14:46:01.6550146Z (Reading database ... 20%
General & Infrastructure	UNKNOWN STEP	2026-04-04T14:46:01.6550485Z (Reading database ... 25%
General & Infrastructure	UNKNOWN STEP	2026-04-04T14:46:01.6550814Z (Reading database ... 30%
General & Infrastructure	UNKNOWN STEP	2026-04-04T14:46:01.6551162Z (Reading database ... 35%
General & Infrastructure	UNKNOWN STEP	2026-04-04T14:46:01.6551491Z (Reading database ... 40%
General & Infrastructure	UNKNOWN STEP	2026-04-04T14:46:01.6551827Z (Reading database ... 45%
General & Infrastructure	UNKNOWN STEP	2026-04-04T14:46:01.6552164Z (Reading database ... 50%
General & Infrastructure	UNKNOWN STEP	2026-04-04T14:46:01.6552499Z (Reading database ... 55%
General & Infrastructure	UNKNOWN STEP	2026-04-04T14:46:01.6552834Z (Reading database ... 60%
General & Infrastructure	UNKNOWN STEP	2026-04-04T14:46:01.6553164Z (Reading database ... 65%
General & Infrastructure	UNKNOWN STEP	2026-04-04T14:46:01.6553502Z (Reading database ... 70%
General & Infrastructure	UNKNOWN STEP	2026-04-04T14:46:01.6553833Z (Reading database ... 75%
General & Infrastructure	UNKNOWN STEP	2026-04-04T14:46:01.6554170Z (Reading database ... 80%
General & Infrastructure	UNKNOWN STEP	2026-04-04T14:46:01.6554500Z (Reading database ... 85%
General & Infrastructure	UNKNOWN STEP	2026-04-04T14:46:01.6554851Z (Reading database ... 90%
General & Infrastructure	UNKNOWN STEP	2026-04-04T14:46:01.6555180Z (Reading database ... 95%
General & Infrastructure	UNKNOWN STEP	2026-04-04T14:46:01.6555517Z (Reading database ... 100%
General & Infrastructure	UNKNOWN STEP	2026-04-04T14:46:01.6556038Z (Reading database ... 6673 files and directories currently installed.)
General & Infrastructure	UNKNOWN STEP	2026-04-04T14:46:01.6556835Z #7 2.332 Preparing to unpack .../00-perl-modules-5.32_5.32.1-4+deb11u4_all.deb ...
General & Infrastructure	UNKNOWN STEP	2026-04-04T14:46:01.6559298Z #7 2.333 Unpacking perl-modules-5.32 (5.32.1-4+deb11u4) ...
General & Infrastructure	UNKNOWN STEP	2026-04-04T14:46:01.8077752Z #7 2.637 Selecting previously unselected package libgdbm6:amd64.
General & Infrastructure	UNKNOWN STEP	2026-04-04T14:46:01.9986793Z #7 2.639 Preparing to unpack .../01-libgdbm6_1.19-2_amd64.deb ...
General & Infrastructure	UNKNOWN STEP	2026-04-04T14:46:01.9987594Z #7 2.641 Unpacking libgdbm6:amd64 (1.19-2) ...
General & Infrastructure	UNKNOWN STEP	2026-04-04T14:46:01.9988227Z #7 2.657 Selecting previously unselected package libgdbm-compat4:amd64.
General & Infrastructure	UNKNOWN STEP	2026-04-04T14:46:01.9988994Z #7 2.659 Preparing to unpack .../02-libgdbm-compat4_1.19-2_amd64.deb ...
General & Infrastructure	UNKNOWN STEP	2026-04-04T14:46:01.9989626Z #7 2.660 Unpacking libgdbm-compat4:amd64 (1.19-2) ...
General & Infrastructure	UNKNOWN STEP	2026-04-04T14:46:01.9990276Z #7 2.675 Selecting previously unselected package libperl5.32:amd64.
General & Infrastructure	UNKNOWN STEP	2026-04-04T14:46:01.9991011Z #7 2.677 Preparing to unpack .../03-libperl5.32_5.32.1-4+deb11u4_amd64.deb ...
General & Infrastructure	UNKNOWN STEP	2026-04-04T14:46:01.9991695Z #7 2.677 Unpacking libperl5.32:amd64 (5.32.1-4+deb11u4) ...
General & Infrastructure	UNKNOWN STEP	2026-04-04T14:46:02.1771387Z #7 3.006 Selecting previously unselected package perl.
General & Infrastructure	UNKNOWN STEP	2026-04-04T14:46:02.3159895Z #7 3.008 Preparing to unpack .../04-perl_5.32.1-4+deb11u4_amd64.deb ...
General & Infrastructure	UNKNOWN STEP	2026-04-04T14:46:02.3161680Z #7 3.013 Unpacking perl (5.32.1-4+deb11u4) ...
General & Infrastructure	UNKNOWN STEP	2026-04-04T14:46:02.3162497Z #7 3.044 Selecting previously unselected package openssl.
General & Infrastructure	UNKNOWN STEP	2026-04-04T14:46:02.3163359Z #7 3.045 Preparing to unpack .../05-openssl_1.1.1w-0+deb11u5_amd64.deb ...
General & Infrastructure	UNKNOWN STEP	2026-04-04T14:46:02.3164289Z #7 3.046 Unpacking openssl (1.1.1w-0+deb11u5) ...
General & Infrastructure	UNKNOWN STEP	2026-04-04T14:46:02.3165204Z #7 3.103 Selecting previously unselected package ca-certificates.
General & Infrastructure	UNKNOWN STEP	2026-04-04T14:46:02.3166847Z #7 3.105 Preparing to unpack .../06-ca-certificates_20230311+deb12u1~deb11u1_all.deb ...
General & Infrastructure	UNKNOWN STEP	2026-04-04T14:46:02.3168413Z #7 3.106 Unpacking ca-certificates (20230311+deb12u1~deb11u1) ...
General & Infrastructure	UNKNOWN STEP	2026-04-04T14:46:02.3169405Z #7 3.145 Selecting previously unselected package libpsl5:amd64.
General & Infrastructure	UNKNOWN STEP	2026-04-04T14:46:02.4336262Z #7 3.147 Preparing to unpack .../07-libpsl5_0.21.0-1.2_amd64.deb ...
General & Infrastructure	UNKNOWN STEP	2026-04-04T14:46:02.4336890Z #7 3.148 Unpacking libpsl5:amd64 (0.21.0-1.2) ...
General & Infrastructure	UNKNOWN STEP	2026-04-04T14:46:02.4337518Z #7 3.163 Selecting previously unselected package wget.
General & Infrastructure	UNKNOWN STEP	2026-04-04T14:46:02.4338158Z #7 3.164 Preparing to unpack .../08-wget_1.21-1+deb11u2_amd64.deb ...
General & Infrastructure	UNKNOWN STEP	2026-04-04T14:46:02.4338525Z #7 3.165 Unpacking wget (1.21-1+deb11u2) ...
General & Infrastructure	UNKNOWN STEP	2026-04-04T14:46:02.4338871Z #7 3.230 Selecting previously unselected package libbrotli1:amd64.
General & Infrastructure	UNKNOWN STEP	2026-04-04T14:46:02.4339310Z #7 3.232 Preparing to unpack .../09-libbrotli1_1.0.9-2+b2_amd64.deb ...
General & Infrastructure	UNKNOWN STEP	2026-04-04T14:46:02.4339687Z #7 3.233 Unpacking libbrotli1:amd64 (1.0.9-2+b2) ...
General & Infrastructure	UNKNOWN STEP	2026-04-04T14:46:02.4340079Z #7 3.263 Selecting previously unselected package libsasl2-modules-db:amd64.
General & Infrastructure	UNKNOWN STEP	2026-04-04T14:46:02.5456642Z #7 3.265 Preparing to unpack .../10-libsasl2-modules-db_2.1.27+dfsg-2.1+deb11u1_amd64.deb ...
General & Infrastructure	UNKNOWN STEP	2026-04-04T14:46:02.5457650Z #7 3.266 Unpacking libsasl2-modules-db:amd64 (2.1.27+dfsg-2.1+deb11u1) ...
General & Infrastructure	UNKNOWN STEP	2026-04-04T14:46:02.5458212Z #7 3.283 Selecting previously unselected package libsasl2-2:amd64.
General & Infrastructure	UNKNOWN STEP	2026-04-04T14:46:02.5458784Z #7 3.284 Preparing to unpack .../11-libsasl2-2_2.1.27+dfsg-2.1+deb11u1_amd64.deb ...
General & Infrastructure	UNKNOWN STEP	2026-04-04T14:46:02.5459385Z #7 3.285 Unpacking libsasl2-2:amd64 (2.1.27+dfsg-2.1+deb11u1) ...
General & Infrastructure	UNKNOWN STEP	2026-04-04T14:46:02.5459910Z #7 3.305 Selecting previously unselected package libldap-2.4-2:amd64.
General & Infrastructure	UNKNOWN STEP	2026-04-04T14:46:02.5460507Z #7 3.307 Preparing to unpack .../12-libldap-2.4-2_2.4.57+dfsg-3+deb11u1_amd64.deb ...
General & Infrastructure	UNKNOWN STEP	2026-04-04T14:46:02.5461094Z #7 3.308 Unpacking libldap-2.4-2:amd64 (2.4.57+dfsg-3+deb11u1) ...
General & Infrastructure	UNKNOWN STEP	2026-04-04T14:46:02.5461618Z #7 3.335 Selecting previously unselected package libnghttp2-14:amd64.
General & Infrastructure	UNKNOWN STEP	2026-04-04T14:46:02.5462203Z #7 3.337 Preparing to unpack .../13-libnghttp2-14_1.43.0-1+deb11u2_amd64.deb ...
General & Infrastructure	UNKNOWN STEP	2026-04-04T14:46:02.5462739Z #7 3.338 Unpacking libnghttp2-14:amd64 (1.43.0-1+deb11u2) ...
General & Infrastructure	UNKNOWN STEP	2026-04-04T14:46:02.5463220Z #7 3.356 Selecting previously unselected package librtmp1:amd64.
General & Infrastructure	UNKNOWN STEP	2026-04-04T14:46:02.5463801Z #7 3.357 Preparing to unpack .../14-librtmp1_2.4+20151223.gitfa8646d.1-2+b2_amd64.deb ...
General & Infrastructure	UNKNOWN STEP	2026-04-04T14:46:02.5464400Z #7 3.358 Unpacking librtmp1:amd64 (2.4+20151223.gitfa8646d.1-2+b2) ...
General & Infrastructure	UNKNOWN STEP	2026-04-04T14:46:02.5464927Z #7 3.375 Selecting previously unselected package libssh2-1:amd64.
General & Infrastructure	UNKNOWN STEP	2026-04-04T14:46:02.6458858Z #7 3.376 Preparing to unpack .../15-libssh2-1_1.9.0-2+deb11u1_amd64.deb ...
General & Infrastructure	UNKNOWN STEP	2026-04-04T14:46:02.6459365Z #7 3.378 Unpacking libssh2-1:amd64 (1.9.0-2+deb11u1) ...
General & Infrastructure	UNKNOWN STEP	2026-04-04T14:46:02.6459794Z #7 3.399 Selecting previously unselected package libcurl3-gnutls:amd64.
General & Infrastructure	UNKNOWN STEP	2026-04-04T14:46:02.6460327Z #7 3.401 Preparing to unpack .../16-libcurl3-gnutls_7.74.0-1.3+deb11u16_amd64.deb ...
General & Infrastructure	UNKNOWN STEP	2026-04-04T14:46:02.6460852Z #7 3.402 Unpacking libcurl3-gnutls:amd64 (7.74.0-1.3+deb11u16) ...
General & Infrastructure	UNKNOWN STEP	2026-04-04T14:46:02.6461317Z #7 3.436 Selecting previously unselected package libexpat1:amd64.
General & Infrastructure	UNKNOWN STEP	2026-04-04T14:46:02.6461781Z #7 3.438 Preparing to unpack .../17-libexpat1_2.2.10-2+deb11u7_amd64.deb ...
General & Infrastructure	UNKNOWN STEP	2026-04-04T14:46:02.6462220Z #7 3.439 Unpacking libexpat1:amd64 (2.2.10-2+deb11u7) ...
General & Infrastructure	UNKNOWN STEP	2026-04-04T14:46:02.6462611Z #7 3.457 Selecting previously unselected package liberror-perl.
General & Infrastructure	UNKNOWN STEP	2026-04-04T14:46:02.6463052Z #7 3.459 Preparing to unpack .../18-liberror-perl_0.17029-1_all.deb ...
General & Infrastructure	UNKNOWN STEP	2026-04-04T14:46:02.6463457Z #7 3.460 Unpacking liberror-perl (0.17029-1) ...
General & Infrastructure	UNKNOWN STEP	2026-04-04T14:46:02.6463804Z #7 3.475 Selecting previously unselected package git-man.
General & Infrastructure	UNKNOWN STEP	2026-04-04T14:46:02.7537743Z #7 3.476 Preparing to unpack .../19-git-man_1%3a2.30.2-1+deb11u5_all.deb ...
General & Infrastructure	UNKNOWN STEP	2026-04-04T14:46:02.7538603Z #7 3.477 Unpacking git-man (1:2.30.2-1+deb11u5) ...
General & Infrastructure	UNKNOWN STEP	2026-04-04T14:46:02.7539380Z #7 3.569 Selecting previously unselected package git.
General & Infrastructure	UNKNOWN STEP	2026-04-04T14:46:02.7540140Z #7 3.570 Preparing to unpack .../20-git_1%3a2.30.2-1+deb11u5_amd64.deb ...
General & Infrastructure	UNKNOWN STEP	2026-04-04T14:46:02.7541092Z #7 3.583 Unpacking git (1:2.30.2-1+deb11u5) ...
General & Infrastructure	UNKNOWN STEP	2026-04-04T14:46:03.1396451Z #7 3.969 Setting up libexpat1:amd64 (2.2.10-2+deb11u7) ...
General & Infrastructure	UNKNOWN STEP	2026-04-04T14:46:03.2487063Z #7 3.972 Setting up libpsl5:amd64 (0.21.0-1.2) ...
General & Infrastructure	UNKNOWN STEP	2026-04-04T14:46:03.2487784Z #7 3.975 Setting up wget (1.21-1+deb11u2) ...
General & Infrastructure	UNKNOWN STEP	2026-04-04T14:46:03.2488308Z #7 3.979 Setting up perl-modules-5.32 (5.32.1-4+deb11u4) ...
General & Infrastructure	UNKNOWN STEP	2026-04-04T14:46:03.2488803Z #7 3.981 Setting up libbrotli1:amd64 (1.0.9-2+b2) ...
General & Infrastructure	UNKNOWN STEP	2026-04-04T14:46:03.2489657Z #7 3.984 Setting up libnghttp2-14:amd64 (1.43.0-1+deb11u2) ...
General & Infrastructure	UNKNOWN STEP	2026-04-04T14:46:03.2490381Z #7 3.987 Setting up libsasl2-modules-db:amd64 (2.1.27+dfsg-2.1+deb11u1) ...
General & Infrastructure	UNKNOWN STEP	2026-04-04T14:46:03.2491142Z #7 3.990 Setting up librtmp1:amd64 (2.4+20151223.gitfa8646d.1-2+b2) ...
General & Infrastructure	UNKNOWN STEP	2026-04-04T14:46:03.2491633Z #7 3.993 Setting up libsasl2-2:amd64 (2.1.27+dfsg-2.1+deb11u1) ...
General & Infrastructure	UNKNOWN STEP	2026-04-04T14:46:03.2492045Z #7 3.996 Setting up git-man (1:2.30.2-1+deb11u5) ...
General & Infrastructure	UNKNOWN STEP	2026-04-04T14:46:03.2492428Z #7 3.999 Setting up libssh2-1:amd64 (1.9.0-2+deb11u1) ...
General & Infrastructure	UNKNOWN STEP	2026-04-04T14:46:03.2492787Z #7 4.001 Setting up openssl (1.1.1w-0+deb11u5) ...
General & Infrastructure	UNKNOWN STEP	2026-04-04T14:46:03.2493096Z #7 4.006 Setting up libgdbm6:amd64 (1.19-2) ...
General & Infrastructure	UNKNOWN STEP	2026-04-04T14:46:03.2493432Z #7 4.009 Setting up libldap-2.4-2:amd64 (2.4.57+dfsg-3+deb11u1) ...
General & Infrastructure	UNKNOWN STEP	2026-04-04T14:46:03.2493832Z #7 4.012 Setting up libcurl3-gnutls:amd64 (7.74.0-1.3+deb11u16) ...
General & Infrastructure	UNKNOWN STEP	2026-04-04T14:46:03.2494241Z #7 4.014 Setting up ca-certificates (20230311+deb12u1~deb11u1) ...
General & Infrastructure	UNKNOWN STEP	2026-04-04T14:46:03.2494608Z #7 4.078 debconf: unable to initialize frontend: Dialog
General & Infrastructure	UNKNOWN STEP	2026-04-04T14:46:03.2494994Z #7 4.078 debconf: (TERM is not set, so the dialog frontend is not usable.)
General & Infrastructure	UNKNOWN STEP	2026-04-04T14:46:03.2495371Z #7 4.078 debconf: falling back to frontend: Readline
General & Infrastructure	UNKNOWN STEP	2026-04-04T14:46:03.5973000Z #7 4.426 Updating certificates in /etc/ssl/certs...
General & Infrastructure	UNKNOWN STEP	2026-04-04T14:46:04.0873929Z #7 4.917 142 added, 0 removed; done.
General & Infrastructure	UNKNOWN STEP	2026-04-04T14:46:04.3012246Z #7 4.933 Setting up libgdbm-compat4:amd64 (1.19-2) ...
General & Infrastructure	UNKNOWN STEP	2026-04-04T14:46:04.3013551Z #7 4.936 Setting up libperl5.32:amd64 (5.32.1-4+deb11u4) ...
General & Infrastructure	UNKNOWN STEP	2026-04-04T14:46:04.3014118Z #7 4.939 Setting up perl (5.32.1-4+deb11u4) ...
General & Infrastructure	UNKNOWN STEP	2026-04-04T14:46:04.3014604Z #7 4.947 Setting up liberror-perl (0.17029-1) ...
General & Infrastructure	UNKNOWN STEP	2026-04-04T14:46:04.3015086Z #7 4.950 Setting up git (1:2.30.2-1+deb11u5) ...
General & Infrastructure	UNKNOWN STEP	2026-04-04T14:46:04.3015628Z #7 4.967 Processing triggers for libc-bin (2.31-13+deb11u13) ...
General & Infrastructure	UNKNOWN STEP	2026-04-04T14:46:04.3016344Z #7 4.976 Processing triggers for ca-certificates (20230311+deb12u1~deb11u1) ...
General & Infrastructure	UNKNOWN STEP	2026-04-04T14:46:04.3017023Z #7 4.980 Updating certificates in /etc/ssl/certs...
General & Infrastructure	UNKNOWN STEP	2026-04-04T14:46:04.5518965Z #7 5.381 0 added, 0 removed; done.
General & Infrastructure	UNKNOWN STEP	2026-04-04T14:46:04.5519730Z #7 5.381 Running hooks in /etc/ca-certificates/update.d...
General & Infrastructure	UNKNOWN STEP	2026-04-04T14:46:04.7034248Z #7 5.382 done.
General & Infrastructure	UNKNOWN STEP	2026-04-04T14:46:04.7459863Z #7 DONE 5.6s
General & Infrastructure	UNKNOWN STEP	2026-04-04T14:46:04.8972883Z 
General & Infrastructure	UNKNOWN STEP	2026-04-04T14:46:04.8974118Z #8 [3/5] RUN wget -O - -q https://raw.githubusercontent.com/reviewdog/reviewdog/fd59714416d6d9a1c0692d872e38e7f8448df4fc/install.sh| sh -s -- -b /usr/local/bin/ v0.21.0
General & Infrastructure	UNKNOWN STEP	2026-04-04T14:46:04.9431436Z #8 0.196 reviewdog/reviewdog info checking GitHub for tag 'v0.21.0'
General & Infrastructure	UNKNOWN STEP	2026-04-04T14:46:05.1841361Z #8 0.287 reviewdog/reviewdog info found version: 0.21.0 for v0.21.0/Linux/x86_64
General & Infrastructure	UNKNOWN STEP	2026-04-04T14:46:05.4544042Z #8 0.708 reviewdog/reviewdog info installed /usr/local/bin//reviewdog
General & Infrastructure	UNKNOWN STEP	2026-04-04T14:46:05.6176070Z #8 DONE 0.7s
General & Infrastructure	UNKNOWN STEP	2026-04-04T14:46:05.6176247Z 
General & Infrastructure	UNKNOWN STEP	2026-04-04T14:46:05.6176785Z #9 [4/5] RUN wget -O - -q https://raw.githubusercontent.com/golangci/misspell/master/install-misspell.sh | sh -s -- -b /usr/local/bin/
General & Infrastructure	UNKNOWN STEP	2026-04-04T14:46:05.6508623Z #9 0.184 golangci/misspell info checking GitHub for latest tag
General & Infrastructure	UNKNOWN STEP	2026-04-04T14:46:05.8901438Z #9 0.423 golangci/misspell info found version: 0.8.0 for v0.8.0/linux/amd64
General & Infrastructure	UNKNOWN STEP	2026-04-04T14:46:06.3736277Z #9 0.907 golangci/misspell info installed /usr/local/bin//misspell
General & Infrastructure	UNKNOWN STEP	2026-04-04T14:46:06.5519305Z #9 DONE 0.9s
General & Infrastructure	UNKNOWN STEP	2026-04-04T14:46:06.5519751Z 
General & Infrastructure	UNKNOWN STEP	2026-04-04T14:46:06.5519934Z #10 [5/5] COPY entrypoint.sh /entrypoint.sh
General & Infrastructure	UNKNOWN STEP	2026-04-04T14:46:06.5520382Z #10 DONE 0.0s
General & Infrastructure	UNKNOWN STEP	2026-04-04T14:46:06.5521206Z 
General & Infrastructure	UNKNOWN STEP	2026-04-04T14:46:06.5521352Z #11 exporting to image
General & Infrastructure	UNKNOWN STEP	2026-04-04T14:46:06.5521700Z #11 exporting layers
General & Infrastructure	UNKNOWN STEP	2026-04-04T14:46:07.0565459Z #11 exporting layers 0.7s done
General & Infrastructure	UNKNOWN STEP	2026-04-04T14:46:07.0566828Z #11 writing image sha256:5d0952d78cebd07eb4fc1793e89dd3d54cab8f56e58e6b82dba12e3849b977af
General & Infrastructure	UNKNOWN STEP	2026-04-04T14:46:07.0718269Z #11 writing image sha256:5d0952d78cebd07eb4fc1793e89dd3d54cab8f56e58e6b82dba12e3849b977af done
General & Infrastructure	UNKNOWN STEP	2026-04-04T14:46:07.0719733Z #11 naming to docker.io/library/242d65:e82ef704026b4d6cb0569e9bb5793a88 done
General & Infrastructure	UNKNOWN STEP	2026-04-04T14:46:07.0720288Z #11 DONE 0.7s
General & Infrastructure	UNKNOWN STEP	2026-04-04T14:46:07.0763086Z ##[endgroup]
General & Infrastructure	UNKNOWN STEP	2026-04-04T14:46:07.1061675Z ##[group]Run actions/checkout@v4
General & Infrastructure	UNKNOWN STEP	2026-04-04T14:46:07.1062203Z with:
General & Infrastructure	UNKNOWN STEP	2026-04-04T14:46:07.1062383Z   fetch-depth: 0
General & Infrastructure	UNKNOWN STEP	2026-04-04T14:46:07.1062641Z   repository: fkcurrie/utba-swarmmap
General & Infrastructure	UNKNOWN STEP	2026-04-04T14:46:07.1063025Z   token: ***
General & Infrastructure	UNKNOWN STEP	2026-04-04T14:46:07.1063206Z   ssh-strict: true
General & Infrastructure	UNKNOWN STEP	2026-04-04T14:46:07.1063379Z   ssh-user: git
General & Infrastructure	UNKNOWN STEP	2026-04-04T14:46:07.1063566Z   persist-credentials: true
General & Infrastructure	UNKNOWN STEP	2026-04-04T14:46:07.1063776Z   clean: true
General & Infrastructure	UNKNOWN STEP	2026-04-04T14:46:07.1063961Z   sparse-checkout-cone-mode: true
General & Infrastructure	UNKNOWN STEP	2026-04-04T14:46:07.1064183Z   fetch-tags: false
General & Infrastructure	UNKNOWN STEP	2026-04-04T14:46:07.1064367Z   show-progress: true
General & Infrastructure	UNKNOWN STEP	2026-04-04T14:46:07.1064538Z   lfs: false
General & Infrastructure	UNKNOWN STEP	2026-04-04T14:46:07.1064699Z   submodules: false
General & Infrastructure	UNKNOWN STEP	2026-04-04T14:46:07.1064881Z   set-safe-directory: true
General & Infrastructure	UNKNOWN STEP	2026-04-04T14:46:07.1065273Z ##[endgroup]
General & Infrastructure	UNKNOWN STEP	2026-04-04T14:46:07.2145310Z Syncing repository: fkcurrie/utba-swarmmap
General & Infrastructure	UNKNOWN STEP	2026-04-04T14:46:07.2147543Z ##[group]Getting Git version info
General & Infrastructure	UNKNOWN STEP	2026-04-04T14:46:07.2148307Z Working directory is '/home/runner/work/utba-swarmmap/utba-swarmmap'
General & Infrastructure	UNKNOWN STEP	2026-04-04T14:46:07.2149332Z [command]/usr/bin/git version
General & Infrastructure	UNKNOWN STEP	2026-04-04T14:46:07.2164322Z git version 2.53.0
General & Infrastructure	UNKNOWN STEP	2026-04-04T14:46:07.2189954Z ##[endgroup]
General & Infrastructure	UNKNOWN STEP	2026-04-04T14:46:07.2202860Z Temporarily overriding HOME='/home/runner/work/_temp/7f63288f-72c8-49bb-b718-12dced0d7056' before making global git config changes
General & Infrastructure	UNKNOWN STEP	2026-04-04T14:46:07.2203767Z Adding repository directory to the temporary git global config as a safe directory
General & Infrastructure	UNKNOWN STEP	2026-04-04T14:46:07.2209394Z [command]/usr/bin/git config --global --add safe.directory /home/runner/work/utba-swarmmap/utba-swarmmap
General & Infrastructure	UNKNOWN STEP	2026-04-04T14:46:07.2240196Z Deleting the contents of '/home/runner/work/utba-swarmmap/utba-swarmmap'
General & Infrastructure	UNKNOWN STEP	2026-04-04T14:46:07.2243583Z ##[group]Initializing the repository
General & Infrastructure	UNKNOWN STEP	2026-04-04T14:46:07.2247700Z [command]/usr/bin/git init /home/runner/work/utba-swarmmap/utba-swarmmap
General & Infrastructure	UNKNOWN STEP	2026-04-04T14:46:07.2351575Z hint: Using 'master' as the name for the initial branch. This default branch name
General & Infrastructure	UNKNOWN STEP	2026-04-04T14:46:07.2352800Z hint: will change to "main" in Git 3.0. To configure the initial branch name
General & Infrastructure	UNKNOWN STEP	2026-04-04T14:46:07.2353953Z hint: to use in all of your new repositories, which will suppress this warning,
General & Infrastructure	UNKNOWN STEP	2026-04-04T14:46:07.2354759Z hint: call:
General & Infrastructure	UNKNOWN STEP	2026-04-04T14:46:07.2355070Z hint:
General & Infrastructure	UNKNOWN STEP	2026-04-04T14:46:07.2355370Z hint: 	git config --global init.defaultBranch <name>
General & Infrastructure	UNKNOWN STEP	2026-04-04T14:46:07.2355745Z hint:
General & Infrastructure	UNKNOWN STEP	2026-04-04T14:46:07.2356102Z hint: Names commonly chosen instead of 'master' are 'main', 'trunk' and
General & Infrastructure	UNKNOWN STEP	2026-04-04T14:46:07.2356746Z hint: 'development'. The just-created branch can be renamed via this command:
General & Infrastructure	UNKNOWN STEP	2026-04-04T14:46:07.2357479Z hint:
General & Infrastructure	UNKNOWN STEP	2026-04-04T14:46:07.2357723Z hint: 	git branch -m <name>
General & Infrastructure	UNKNOWN STEP	2026-04-04T14:46:07.2358002Z hint:
General & Infrastructure	UNKNOWN STEP	2026-04-04T14:46:07.2358395Z hint: Disable this message with "git config set advice.defaultBranchName false"
General & Infrastructure	UNKNOWN STEP	2026-04-04T14:46:07.2359030Z Initialized empty Git repository in /home/runner/work/utba-swarmmap/utba-swarmmap/.git/
General & Infrastructure	UNKNOWN STEP	2026-04-04T14:46:07.2365033Z [command]/usr/bin/git remote add origin https://github.com/fkcurrie/utba-swarmmap
General & Infrastructure	UNKNOWN STEP	2026-04-04T14:46:07.2392804Z ##[endgroup]
General & Infrastructure	UNKNOWN STEP	2026-04-04T14:46:07.2393284Z ##[group]Disabling automatic garbage collection
General & Infrastructure	UNKNOWN STEP	2026-04-04T14:46:07.2396956Z [command]/usr/bin/git config --local gc.auto 0
General & Infrastructure	UNKNOWN STEP	2026-04-04T14:46:07.2423161Z ##[endgroup]
General & Infrastructure	UNKNOWN STEP	2026-04-04T14:46:07.2423631Z ##[group]Setting up auth
General & Infrastructure	UNKNOWN STEP	2026-04-04T14:46:07.2430355Z [command]/usr/bin/git config --local --name-only --get-regexp core\.sshCommand
General & Infrastructure	UNKNOWN STEP	2026-04-04T14:46:07.2459593Z [command]/usr/bin/git submodule foreach --recursive sh -c "git config --local --name-only --get-regexp 'core\.sshCommand' && git config --local --unset-all 'core.sshCommand' || :"
General & Infrastructure	UNKNOWN STEP	2026-04-04T14:46:07.2735427Z [command]/usr/bin/git config --local --name-only --get-regexp http\.https\:\/\/github\.com\/\.extraheader
General & Infrastructure	UNKNOWN STEP	2026-04-04T14:46:07.2764194Z [command]/usr/bin/git submodule foreach --recursive sh -c "git config --local --name-only --get-regexp 'http\.https\:\/\/github\.com\/\.extraheader' && git config --local --unset-all 'http.https://github.com/.extraheader' || :"
General & Infrastructure	UNKNOWN STEP	2026-04-04T14:46:07.2974583Z [command]/usr/bin/git config --local --name-only --get-regexp ^includeIf\.gitdir:
General & Infrastructure	UNKNOWN STEP	2026-04-04T14:46:07.3011259Z [command]/usr/bin/git submodule foreach --recursive git config --local --show-origin --name-only --get-regexp remote.origin.url
General & Infrastructure	UNKNOWN STEP	2026-04-04T14:46:07.3224622Z [command]/usr/bin/git config --local http.https://github.com/.extraheader AUTHORIZATION: basic ***
General & Infrastructure	UNKNOWN STEP	2026-04-04T14:46:07.3257966Z ##[endgroup]
General & Infrastructure	UNKNOWN STEP	2026-04-04T14:46:07.3258794Z ##[group]Fetching the repository
General & Infrastructure	UNKNOWN STEP	2026-04-04T14:46:07.3267742Z [command]/usr/bin/git -c protocol.version=2 fetch --prune --no-recurse-submodules origin +refs/heads/*:refs/remotes/origin/* +refs/tags/*:refs/tags/* +ffdbb8570cbbaed06d3ce7208cb560fb4d906f73:refs/remotes/pull/11/merge
General & Infrastructure	UNKNOWN STEP	2026-04-04T14:46:07.5867589Z From https://github.com/fkcurrie/utba-swarmmap
General & Infrastructure	UNKNOWN STEP	2026-04-04T14:46:07.5868489Z  * [new branch]      issue-10-qMX0                            -> origin/issue-10-qMX0
General & Infrastructure	UNKNOWN STEP	2026-04-04T14:46:07.5869402Z  * [new branch]      main                                     -> origin/main
General & Infrastructure	UNKNOWN STEP	2026-04-04T14:46:07.5870173Z  * [new tag]         v0.5                                     -> v0.5
General & Infrastructure	UNKNOWN STEP	2026-04-04T14:46:07.5870892Z  * [new tag]         v0.5-alpha                               -> v0.5-alpha
General & Infrastructure	UNKNOWN STEP	2026-04-04T14:46:07.5871741Z  * [new ref]         ffdbb8570cbbaed06d3ce7208cb560fb4d906f73 -> pull/11/merge
General & Infrastructure	UNKNOWN STEP	2026-04-04T14:46:07.5903897Z ##[endgroup]
General & Infrastructure	UNKNOWN STEP	2026-04-04T14:46:07.5904466Z ##[group]Determining the checkout info
General & Infrastructure	UNKNOWN STEP	2026-04-04T14:46:07.5905253Z ##[endgroup]
General & Infrastructure	UNKNOWN STEP	2026-04-04T14:46:07.5910341Z [command]/usr/bin/git sparse-checkout disable
General & Infrastructure	UNKNOWN STEP	2026-04-04T14:46:07.5945354Z [command]/usr/bin/git config --local --unset-all extensions.worktreeConfig
General & Infrastructure	UNKNOWN STEP	2026-04-04T14:46:07.5969512Z ##[group]Checking out the ref
General & Infrastructure	UNKNOWN STEP	2026-04-04T14:46:07.5973146Z [command]/usr/bin/git checkout --progress --force refs/remotes/pull/11/merge
General & Infrastructure	UNKNOWN STEP	2026-04-04T14:46:07.6192712Z Note: switching to 'refs/remotes/pull/11/merge'.
General & Infrastructure	UNKNOWN STEP	2026-04-04T14:46:07.6193164Z 
General & Infrastructure	UNKNOWN STEP	2026-04-04T14:46:07.6193509Z You are in 'detached HEAD' state. You can look around, make experimental
General & Infrastructure	UNKNOWN STEP	2026-04-04T14:46:07.6194353Z changes and commit them, and you can discard any commits you make in this
General & Infrastructure	UNKNOWN STEP	2026-04-04T14:46:07.6195139Z state without impacting any branches by switching back to a branch.
General & Infrastructure	UNKNOWN STEP	2026-04-04T14:46:07.6195596Z 
General & Infrastructure	UNKNOWN STEP	2026-04-04T14:46:07.6195899Z If you want to create a new branch to retain commits you create, you may
General & Infrastructure	UNKNOWN STEP	2026-04-04T14:46:07.6196609Z do so (now or later) by using -c with the switch command. Example:
General & Infrastructure	UNKNOWN STEP	2026-04-04T14:46:07.6197044Z 
General & Infrastructure	UNKNOWN STEP	2026-04-04T14:46:07.6197411Z   git switch -c <new-branch-name>
General & Infrastructure	UNKNOWN STEP	2026-04-04T14:46:07.6197723Z 
General & Infrastructure	UNKNOWN STEP	2026-04-04T14:46:07.6197873Z Or undo this operation with:
General & Infrastructure	UNKNOWN STEP	2026-04-04T14:46:07.6198150Z 
General & Infrastructure	UNKNOWN STEP	2026-04-04T14:46:07.6198281Z   git switch -
General & Infrastructure	UNKNOWN STEP	2026-04-04T14:46:07.6198399Z 
General & Infrastructure	UNKNOWN STEP	2026-04-04T14:46:07.6198608Z Turn off this advice by setting config variable advice.detachedHead to false
General & Infrastructure	UNKNOWN STEP	2026-04-04T14:46:07.6198907Z 
General & Infrastructure	UNKNOWN STEP	2026-04-04T14:46:07.6199252Z HEAD is now at ffdbb85 Merge f837c8ed8532b05d13f87101fbe749b8e1a5669b into ce8c646a1e1a3155ecfdd83f5a8af5e375dad3a3
General & Infrastructure	UNKNOWN STEP	2026-04-04T14:46:07.6203553Z ##[endgroup]
General & Infrastructure	UNKNOWN STEP	2026-04-04T14:46:07.6237444Z [command]/usr/bin/git log -1 --format=%H
General & Infrastructure	UNKNOWN STEP	2026-04-04T14:46:07.6258846Z ffdbb8570cbbaed06d3ce7208cb560fb4d906f73
General & Infrastructure	UNKNOWN STEP	2026-04-04T14:46:07.6462781Z ##[group]Run actions/setup-node@v4
General & Infrastructure	UNKNOWN STEP	2026-04-04T14:46:07.6463052Z with:
General & Infrastructure	UNKNOWN STEP	2026-04-04T14:46:07.6463220Z   node-version: 20
General & Infrastructure	UNKNOWN STEP	2026-04-04T14:46:07.6463400Z   cache: npm
General & Infrastructure	UNKNOWN STEP	2026-04-04T14:46:07.6463565Z   always-auth: false
General & Infrastructure	UNKNOWN STEP	2026-04-04T14:46:07.6463754Z   check-latest: false
General & Infrastructure	UNKNOWN STEP	2026-04-04T14:46:07.6464039Z   token: ***
General & Infrastructure	UNKNOWN STEP	2026-04-04T14:46:07.6464211Z ##[endgroup]
General & Infrastructure	UNKNOWN STEP	2026-04-04T14:46:07.8186084Z Found in cache @ /opt/hostedtoolcache/node/20.20.2/x64
General & Infrastructure	UNKNOWN STEP	2026-04-04T14:46:07.8192416Z ##[group]Environment details
General & Infrastructure	UNKNOWN STEP	2026-04-04T14:46:08.1099336Z node: v20.20.2
General & Infrastructure	UNKNOWN STEP	2026-04-04T14:46:08.1099711Z npm: 10.8.2
General & Infrastructure	UNKNOWN STEP	2026-04-04T14:46:08.1099983Z yarn: 1.22.22
General & Infrastructure	UNKNOWN STEP	2026-04-04T14:46:08.1100667Z ##[endgroup]
General & Infrastructure	UNKNOWN STEP	2026-04-04T14:46:08.1133081Z [command]/opt/hostedtoolcache/node/20.20.2/x64/bin/npm config get cache
General & Infrastructure	UNKNOWN STEP	2026-04-04T14:46:08.2557709Z /home/runner/.npm
General & Infrastructure	UNKNOWN STEP	2026-04-04T14:46:08.3601089Z Cache hit for: node-cache-Linux-x64-npm-6c84bea60747005d4032d9ad1ac33a0328c1a7001d73c6f703872a43e2b231b4
General & Infrastructure	UNKNOWN STEP	2026-04-04T14:46:08.6117735Z Received 25319975 of 25319975 (100.0%), 109.3 MBs/sec
General & Infrastructure	UNKNOWN STEP	2026-04-04T14:46:08.6118322Z Cache Size: ~24 MB (25319975 B)
General & Infrastructure	UNKNOWN STEP	2026-04-04T14:46:08.6146097Z [command]/usr/bin/tar -xf /home/runner/work/_temp/bcc7548d-6035-4717-82c5-0868950cd300/cache.tzst -P -C /home/runner/work/utba-swarmmap/utba-swarmmap --use-compress-program unzstd
General & Infrastructure	UNKNOWN STEP	2026-04-04T14:46:08.7128097Z Cache restored successfully
General & Infrastructure	UNKNOWN STEP	2026-04-04T14:46:08.7144911Z Cache restored from key: node-cache-Linux-x64-npm-6c84bea60747005d4032d9ad1ac33a0328c1a7001d73c6f703872a43e2b231b4
General & Infrastructure	UNKNOWN STEP	2026-04-04T14:46:08.7313986Z ##[group]Run actions/setup-go@v5
General & Infrastructure	UNKNOWN STEP	2026-04-04T14:46:08.7314241Z with:
General & Infrastructure	UNKNOWN STEP	2026-04-04T14:46:08.7314405Z   go-version: 1.22
General & Infrastructure	UNKNOWN STEP	2026-04-04T14:46:08.7314597Z   check-latest: false
General & Infrastructure	UNKNOWN STEP	2026-04-04T14:46:08.7314885Z   token: ***
General & Infrastructure	UNKNOWN STEP	2026-04-04T14:46:08.7315069Z   cache: true
General & Infrastructure	UNKNOWN STEP	2026-04-04T14:46:08.7315244Z ##[endgroup]
General & Infrastructure	UNKNOWN STEP	2026-04-04T14:46:08.8909507Z Setup go version spec 1.22
General & Infrastructure	UNKNOWN STEP	2026-04-04T14:46:08.9253379Z Found in cache @ /opt/hostedtoolcache/go/1.22.12/x64
General & Infrastructure	UNKNOWN STEP	2026-04-04T14:46:08.9257664Z Added go to the path
General & Infrastructure	UNKNOWN STEP	2026-04-04T14:46:08.9261806Z Successfully set up Go version 1.22
General & Infrastructure	UNKNOWN STEP	2026-04-04T14:46:09.1505552Z [command]/opt/hostedtoolcache/go/1.22.12/x64/bin/go env GOMODCACHE
General & Infrastructure	UNKNOWN STEP	2026-04-04T14:46:09.1541177Z [command]/opt/hostedtoolcache/go/1.22.12/x64/bin/go env GOCACHE
General & Infrastructure	UNKNOWN STEP	2026-04-04T14:46:09.1564778Z /home/runner/go/pkg/mod
General & Infrastructure	UNKNOWN STEP	2026-04-04T14:46:09.1593260Z /home/runner/.cache/go-build
General & Infrastructure	UNKNOWN STEP	2026-04-04T14:46:09.1621051Z ##[warning]Restore cache failed: Dependencies file is not found in /home/runner/work/utba-swarmmap/utba-swarmmap. Supported file pattern: go.sum
General & Infrastructure	UNKNOWN STEP	2026-04-04T14:46:09.1631564Z go version go1.22.12 linux/amd64
General & Infrastructure	UNKNOWN STEP	2026-04-04T14:46:09.1631765Z 
General & Infrastructure	UNKNOWN STEP	2026-04-04T14:46:09.1632026Z ##[group]go env
General & Infrastructure	UNKNOWN STEP	2026-04-04T14:46:09.2768077Z GO111MODULE=''
General & Infrastructure	UNKNOWN STEP	2026-04-04T14:46:09.2768529Z GOARCH='amd64'
General & Infrastructure	UNKNOWN STEP	2026-04-04T14:46:09.2768841Z GOBIN=''
General & Infrastructure	UNKNOWN STEP	2026-04-04T14:46:09.2769270Z GOCACHE='/home/runner/.cache/go-build'
General & Infrastructure	UNKNOWN STEP	2026-04-04T14:46:09.2769813Z GOENV='/home/runner/.config/go/env'
General & Infrastructure	UNKNOWN STEP	2026-04-04T14:46:09.2770201Z GOEXE=''
General & Infrastructure	UNKNOWN STEP	2026-04-04T14:46:09.2770477Z GOEXPERIMENT=''
General & Infrastructure	UNKNOWN STEP	2026-04-04T14:46:09.2770796Z GOFLAGS=''
General & Infrastructure	UNKNOWN STEP	2026-04-04T14:46:09.2771281Z GOHOSTARCH='amd64'
General & Infrastructure	UNKNOWN STEP	2026-04-04T14:46:09.2771678Z GOHOSTOS='linux'
General & Infrastructure	UNKNOWN STEP	2026-04-04T14:46:09.2772030Z GOINSECURE=''
General & Infrastructure	UNKNOWN STEP	2026-04-04T14:46:09.2772468Z GOMODCACHE='/home/runner/go/pkg/mod'
General & Infrastructure	UNKNOWN STEP	2026-04-04T14:46:09.2772869Z GONOPROXY=''
General & Infrastructure	UNKNOWN STEP	2026-04-04T14:46:09.2773235Z GONOSUMDB=''
General & Infrastructure	UNKNOWN STEP	2026-04-04T14:46:09.2773581Z GOOS='linux'
General & Infrastructure	UNKNOWN STEP	2026-04-04T14:46:09.2773990Z GOPATH='/home/runner/go'
General & Infrastructure	UNKNOWN STEP	2026-04-04T14:46:09.2774442Z GOPRIVATE=''
General & Infrastructure	UNKNOWN STEP	2026-04-04T14:46:09.2775030Z GOPROXY='https://proxy.golang.org,direct'
General & Infrastructure	UNKNOWN STEP	2026-04-04T14:46:09.2775794Z GOROOT='/opt/hostedtoolcache/go/1.22.12/x64'
General & Infrastructure	UNKNOWN STEP	2026-04-04T14:46:09.2776419Z GOSUMDB='sum.golang.org'
General & Infrastructure	UNKNOWN STEP	2026-04-04T14:46:09.2776849Z GOTMPDIR=''
General & Infrastructure	UNKNOWN STEP	2026-04-04T14:46:09.2777440Z GOTOOLCHAIN='auto'
General & Infrastructure	UNKNOWN STEP	2026-04-04T14:46:09.2778216Z GOTOOLDIR='/opt/hostedtoolcache/go/1.22.12/x64/pkg/tool/linux_amd64'
General & Infrastructure	UNKNOWN STEP	2026-04-04T14:46:09.2778891Z GOVCS=''
General & Infrastructure	UNKNOWN STEP	2026-04-04T14:46:09.2779350Z GOVERSION='go1.22.12'
General & Infrastructure	UNKNOWN STEP	2026-04-04T14:46:09.2779771Z GCCGO='gccgo'
General & Infrastructure	UNKNOWN STEP	2026-04-04T14:46:09.2780108Z GOAMD64='v1'
General & Infrastructure	UNKNOWN STEP	2026-04-04T14:46:09.2780446Z AR='ar'
General & Infrastructure	UNKNOWN STEP	2026-04-04T14:46:09.2780725Z CC='gcc'
General & Infrastructure	UNKNOWN STEP	2026-04-04T14:46:09.2781044Z CXX='g++'
General & Infrastructure	UNKNOWN STEP	2026-04-04T14:46:09.2781365Z CGO_ENABLED='1'
General & Infrastructure	UNKNOWN STEP	2026-04-04T14:46:09.2781732Z GOMOD='/dev/null'
General & Infrastructure	UNKNOWN STEP	2026-04-04T14:46:09.2782079Z GOWORK=''
General & Infrastructure	UNKNOWN STEP	2026-04-04T14:46:09.2782436Z CGO_CFLAGS='-O2 -g'
General & Infrastructure	UNKNOWN STEP	2026-04-04T14:46:09.2782804Z CGO_CPPFLAGS=''
General & Infrastructure	UNKNOWN STEP	2026-04-04T14:46:09.2783188Z CGO_CXXFLAGS='-O2 -g'
General & Infrastructure	UNKNOWN STEP	2026-04-04T14:46:09.2783599Z CGO_FFLAGS='-O2 -g'
General & Infrastructure	UNKNOWN STEP	2026-04-04T14:46:09.2783997Z CGO_LDFLAGS='-O2 -g'
General & Infrastructure	UNKNOWN STEP	2026-04-04T14:46:09.2784419Z PKG_CONFIG='pkg-config'
General & Infrastructure	UNKNOWN STEP	2026-04-04T14:46:09.2785827Z GOGCCFLAGS='-fPIC -m64 -pthread -Wl,--no-gc-sections -fmessage-length=0 -ffile-prefix-map=/tmp/go-build286548636=/tmp/go-build -gno-record-gcc-switches'
General & Infrastructure	UNKNOWN STEP	2026-04-04T14:46:09.2787068Z 
General & Infrastructure	UNKNOWN STEP	2026-04-04T14:46:09.2787704Z ##[endgroup]
General & Infrastructure	UNKNOWN STEP	2026-04-04T14:46:09.2879908Z ##[group]Run npm ci
General & Infrastructure	UNKNOWN STEP	2026-04-04T14:46:09.2880177Z [36;1mnpm ci[0m
General & Infrastructure	UNKNOWN STEP	2026-04-04T14:46:09.2917697Z shell: /usr/bin/bash -e {0}
General & Infrastructure	UNKNOWN STEP	2026-04-04T14:46:09.2917947Z ##[endgroup]
General & Infrastructure	UNKNOWN STEP	2026-04-04T14:46:11.4319304Z npm warn deprecated popper.js@1.16.1: You can find the new Popper v2 at @popperjs/core, this package is dedicated to the legacy v1
General & Infrastructure	UNKNOWN STEP	2026-04-04T14:46:12.0231006Z 
General & Infrastructure	UNKNOWN STEP	2026-04-04T14:46:12.0231953Z added 337 packages, and audited 338 packages in 3s
General & Infrastructure	UNKNOWN STEP	2026-04-04T14:46:12.0232538Z 
General & Infrastructure	UNKNOWN STEP	2026-04-04T14:46:12.0233238Z 116 packages are looking for funding
General & Infrastructure	UNKNOWN STEP	2026-04-04T14:46:12.0235906Z   run `npm fund` for details
General & Infrastructure	UNKNOWN STEP	2026-04-04T14:46:12.0255682Z 
General & Infrastructure	UNKNOWN STEP	2026-04-04T14:46:12.0262549Z found 0 vulnerabilities
General & Infrastructure	UNKNOWN STEP	2026-04-04T14:46:12.0555560Z ##[group]Run reviewdog/action-detect-secrets@v0
General & Infrastructure	UNKNOWN STEP	2026-04-04T14:46:12.0555868Z with:
General & Infrastructure	UNKNOWN STEP	2026-04-04T14:46:12.0556254Z   github_token: ***
General & Infrastructure	UNKNOWN STEP	2026-04-04T14:46:12.0556471Z   reporter: github-pr-review
General & Infrastructure	UNKNOWN STEP	2026-04-04T14:46:12.0556701Z   name: detect-secrets
General & Infrastructure	UNKNOWN STEP	2026-04-04T14:46:12.0556903Z   workdir: .
General & Infrastructure	UNKNOWN STEP	2026-04-04T14:46:12.0557073Z   filter_mode: added
General & Infrastructure	UNKNOWN STEP	2026-04-04T14:46:12.0557574Z   fail_level: none
General & Infrastructure	UNKNOWN STEP	2026-04-04T14:46:12.0557753Z   fail_on_error: false
General & Infrastructure	UNKNOWN STEP	2026-04-04T14:46:12.0557940Z   level: error
General & Infrastructure	UNKNOWN STEP	2026-04-04T14:46:12.0558214Z   detect_secrets_flags: --all-files --force-use-all-plugins
General & Infrastructure	UNKNOWN STEP	2026-04-04T14:46:12.0558527Z   skip_audited: false
General & Infrastructure	UNKNOWN STEP	2026-04-04T14:46:12.0558716Z   verbose: false
General & Infrastructure	UNKNOWN STEP	2026-04-04T14:46:12.0558894Z ##[endgroup]
General & Infrastructure	UNKNOWN STEP	2026-04-04T14:46:12.0655723Z ##[command]/usr/bin/docker run --name d65d525e471c8414d59a6f77c5fe293967b_3c9560 --label 242d65 --workdir /github/workspace --rm -e "INPUT_GITHUB_TOKEN" -e "INPUT_REPORTER" -e "INPUT_NAME" -e "INPUT_WORKDIR" -e "INPUT_FILTER_MODE" -e "INPUT_FAIL_LEVEL" -e "INPUT_FAIL_ON_ERROR" -e "INPUT_LEVEL" -e "INPUT_REVIEWDOG_FLAGS" -e "INPUT_DETECT_SECRETS_FLAGS" -e "INPUT_BASELINE_PATH" -e "INPUT_SKIP_AUDITED" -e "INPUT_VERBOSE" -e "HOME" -e "GITHUB_JOB" -e "GITHUB_REF" -e "GITHUB_SHA" -e "GITHUB_REPOSITORY" -e "GITHUB_REPOSITORY_OWNER" -e "GITHUB_REPOSITORY_OWNER_ID" -e "GITHUB_RUN_ID" -e "GITHUB_RUN_NUMBER" -e "GITHUB_RETENTION_DAYS" -e "GITHUB_RUN_ATTEMPT" -e "GITHUB_ACTOR_ID" -e "GITHUB_ACTOR" -e "GITHUB_WORKFLOW" -e "GITHUB_HEAD_REF" -e "GITHUB_BASE_REF" -e "GITHUB_EVENT_NAME" -e "GITHUB_SERVER_URL" -e "GITHUB_API_URL" -e "GITHUB_GRAPHQL_URL" -e "GITHUB_REF_NAME" -e "GITHUB_REF_PROTECTED" -e "GITHUB_REF_TYPE" -e "GITHUB_WORKFLOW_REF" -e "GITHUB_WORKFLOW_SHA" -e "GITHUB_REPOSITORY_ID" -e "GITHUB_TRIGGERING_ACTOR" -e "GITHUB_WORKSPACE" -e "GITHUB_ACTION" -e "GITHUB_EVENT_PATH" -e "GITHUB_ACTION_REPOSITORY" -e "GITHUB_ACTION_REF" -e "GITHUB_PATH" -e "GITHUB_ENV" -e "GITHUB_STEP_SUMMARY" -e "GITHUB_STATE" -e "GITHUB_OUTPUT" -e "RUNNER_OS" -e "RUNNER_ARCH" -e "RUNNER_NAME" -e "RUNNER_ENVIRONMENT" -e "RUNNER_TOOL_CACHE" -e "RUNNER_TEMP" -e "RUNNER_WORKSPACE" -e "ACTIONS_RUNTIME_URL" -e "ACTIONS_RUNTIME_TOKEN" -e "ACTIONS_CACHE_URL" -e "ACTIONS_RESULTS_URL" -e "ACTIONS_ORCHESTRATION_ID" -e GITHUB_ACTIONS=true -e CI=true -v "/var/run/docker.sock":"/var/run/docker.sock" -v "/home/runner/work/_temp":"/github/runner_temp" -v "/home/runner/work/_temp/_github_home":"/github/home" -v "/home/runner/work/_temp/_github_workflow":"/github/workflow" -v "/home/runner/work/_temp/_runner_file_commands":"/github/file_commands" -v "/home/runner/work/utba-swarmmap/utba-swarmmap":"/github/workspace" 242d65:d525e471c8414d59a6f77c5fe293967b
General & Infrastructure	UNKNOWN STEP	2026-04-04T14:46:12.7997075Z 1.5.0
General & Infrastructure	UNKNOWN STEP	2026-04-04T14:49:42.1365664Z ##[group]Run reviewdog/action-actionlint@v1
General & Infrastructure	UNKNOWN STEP	2026-04-04T14:49:42.1365951Z with:
General & Infrastructure	UNKNOWN STEP	2026-04-04T14:49:42.1366298Z   github_token: ***
General & Infrastructure	UNKNOWN STEP	2026-04-04T14:49:42.1366508Z   reporter: github-pr-review
General & Infrastructure	UNKNOWN STEP	2026-04-04T14:49:42.1366727Z   tool_name: actionlint
General & Infrastructure	UNKNOWN STEP	2026-04-04T14:49:42.1366918Z   level: error
General & Infrastructure	UNKNOWN STEP	2026-04-04T14:49:42.1367091Z   filter_mode: file
General & Infrastructure	UNKNOWN STEP	2026-04-04T14:49:42.1367537Z   fail_level: none
General & Infrastructure	UNKNOWN STEP	2026-04-04T14:49:42.1367719Z   fail_on_error: false
General & Infrastructure	UNKNOWN STEP	2026-04-04T14:49:42.1367910Z ##[endgroup]
General & Infrastructure	UNKNOWN STEP	2026-04-04T14:49:42.1380198Z ##[command]/usr/bin/docker run --name ghcrioreviewdogactionactionlintv1720_7069d8 --label 242d65 --workdir /github/workspace --rm -e "INPUT_GITHUB_TOKEN" -e "INPUT_REPORTER" -e "INPUT_TOOL_NAME" -e "INPUT_LEVEL" -e "INPUT_FILTER_MODE" -e "INPUT_FAIL_LEVEL" -e "INPUT_FAIL_ON_ERROR" -e "INPUT_REVIEWDOG_FLAGS" -e "INPUT_ACTIONLINT_FLAGS" -e "HOME" -e "GITHUB_JOB" -e "GITHUB_REF" -e "GITHUB_SHA" -e "GITHUB_REPOSITORY" -e "GITHUB_REPOSITORY_OWNER" -e "GITHUB_REPOSITORY_OWNER_ID" -e "GITHUB_RUN_ID" -e "GITHUB_RUN_NUMBER" -e "GITHUB_RETENTION_DAYS" -e "GITHUB_RUN_ATTEMPT" -e "GITHUB_ACTOR_ID" -e "GITHUB_ACTOR" -e "GITHUB_WORKFLOW" -e "GITHUB_HEAD_REF" -e "GITHUB_BASE_REF" -e "GITHUB_EVENT_NAME" -e "GITHUB_SERVER_URL" -e "GITHUB_API_URL" -e "GITHUB_GRAPHQL_URL" -e "GITHUB_REF_NAME" -e "GITHUB_REF_PROTECTED" -e "GITHUB_REF_TYPE" -e "GITHUB_WORKFLOW_REF" -e "GITHUB_WORKFLOW_SHA" -e "GITHUB_REPOSITORY_ID" -e "GITHUB_TRIGGERING_ACTOR" -e "GITHUB_WORKSPACE" -e "GITHUB_ACTION" -e "GITHUB_EVENT_PATH" -e "GITHUB_ACTION_REPOSITORY" -e "GITHUB_ACTION_REF" -e "GITHUB_PATH" -e "GITHUB_ENV" -e "GITHUB_STEP_SUMMARY" -e "GITHUB_STATE" -e "GITHUB_OUTPUT" -e "RUNNER_OS" -e "RUNNER_ARCH" -e "RUNNER_NAME" -e "RUNNER_ENVIRONMENT" -e "RUNNER_TOOL_CACHE" -e "RUNNER_TEMP" -e "RUNNER_WORKSPACE" -e "ACTIONS_RUNTIME_URL" -e "ACTIONS_RUNTIME_TOKEN" -e "ACTIONS_CACHE_URL" -e "ACTIONS_RESULTS_URL" -e "ACTIONS_ORCHESTRATION_ID" -e GITHUB_ACTIONS=true -e CI=true --entrypoint "/entrypoint.sh" -v "/var/run/docker.sock":"/var/run/docker.sock" -v "/home/runner/work/_temp":"/github/runner_temp" -v "/home/runner/work/_temp/_github_home":"/github/home" -v "/home/runner/work/_temp/_github_workflow":"/github/workflow" -v "/home/runner/work/_temp/_runner_file_commands":"/github/file_commands" -v "/home/runner/work/utba-swarmmap/utba-swarmmap":"/github/workspace" ghcr.io/reviewdog/action-actionlint:v1.72.0
General & Infrastructure	UNKNOWN STEP	2026-04-04T14:49:42.9336419Z ##[group]Run ibiqlik/action-yamllint@v3
General & Infrastructure	UNKNOWN STEP	2026-04-04T14:49:42.9336696Z with:
General & Infrastructure	UNKNOWN STEP	2026-04-04T14:49:42.9336866Z   file_or_dir: .
General & Infrastructure	UNKNOWN STEP	2026-04-04T14:49:42.9337060Z   config_file: .yamllint.yaml
General & Infrastructure	UNKNOWN STEP	2026-04-04T14:49:42.9337671Z   format: parsable
General & Infrastructure	UNKNOWN STEP	2026-04-04T14:49:42.9337857Z   strict: false
General & Infrastructure	UNKNOWN STEP	2026-04-04T14:49:42.9338033Z   no_warnings: false
General & Infrastructure	UNKNOWN STEP	2026-04-04T14:49:42.9338214Z ##[endgroup]
General & Infrastructure	UNKNOWN STEP	2026-04-04T14:49:42.9433280Z ##[group]Run # export LOGFILE=$(mktemp yamllint-XXXXXX)
General & Infrastructure	UNKNOWN STEP	2026-04-04T14:49:42.9433679Z [36;1m# export LOGFILE=$(mktemp yamllint-XXXXXX)[0m
General & Infrastructure	UNKNOWN STEP	2026-04-04T14:49:42.9434096Z [36;1m/home/runner/work/_actions/ibiqlik/action-yamllint/v3/entrypoint.sh[0m
General & Infrastructure	UNKNOWN STEP	2026-04-04T14:49:42.9462379Z shell: /usr/bin/bash --noprofile --norc -e -o pipefail {0}
General & Infrastructure	UNKNOWN STEP	2026-04-04T14:49:42.9462694Z env:
General & Infrastructure	UNKNOWN STEP	2026-04-04T14:49:42.9462865Z   INPUT_FILE_OR_DIR: .
General & Infrastructure	UNKNOWN STEP	2026-04-04T14:49:42.9463082Z   INPUT_CONFIG_FILE: .yamllint.yaml
General & Infrastructure	UNKNOWN STEP	2026-04-04T14:49:42.9463324Z   INPUT_CONFIG_DATA: 
General & Infrastructure	UNKNOWN STEP	2026-04-04T14:49:42.9463526Z   INPUT_FORMAT: parsable
General & Infrastructure	UNKNOWN STEP	2026-04-04T14:49:42.9463763Z   INPUT_STRICT: false
General & Infrastructure	UNKNOWN STEP	2026-04-04T14:49:42.9463959Z   INPUT_NO_WARNINGS: false
General & Infrastructure	UNKNOWN STEP	2026-04-04T14:49:42.9464163Z ##[endgroup]
General & Infrastructure	UNKNOWN STEP	2026-04-04T14:49:43.0948013Z ======================
General & Infrastructure	UNKNOWN STEP	2026-04-04T14:49:43.0948332Z = Linting YAML files =
General & Infrastructure	UNKNOWN STEP	2026-04-04T14:49:43.0948768Z ======================
General & Infrastructure	UNKNOWN STEP	2026-04-04T14:49:43.5722920Z ##[group]Run npx markdownlint "**/*.md" --ignore node_modules
General & Infrastructure	UNKNOWN STEP	2026-04-04T14:49:43.5723405Z [36;1mnpx markdownlint "**/*.md" --ignore node_modules[0m
General & Infrastructure	UNKNOWN STEP	2026-04-04T14:49:43.5750044Z shell: /usr/bin/bash -e {0}
General & Infrastructure	UNKNOWN STEP	2026-04-04T14:49:43.5750281Z ##[endgroup]
General & Infrastructure	UNKNOWN STEP	2026-04-04T14:49:44.2251311Z ##[group]Run ludeeus/action-shellcheck@master
General & Infrastructure	UNKNOWN STEP	2026-04-04T14:49:44.2251606Z with:
General & Infrastructure	UNKNOWN STEP	2026-04-04T14:49:44.2251791Z   ignore_paths: node_modules
General & Infrastructure	UNKNOWN STEP	2026-04-04T14:49:44.2252004Z   scandir: .
General & Infrastructure	UNKNOWN STEP	2026-04-04T14:49:44.2252179Z   disable_matcher: false
General & Infrastructure	UNKNOWN STEP	2026-04-04T14:49:44.2252377Z   format: gcc
General & Infrastructure	UNKNOWN STEP	2026-04-04T14:49:44.2252538Z   version: stable
General & Infrastructure	UNKNOWN STEP	2026-04-04T14:49:44.2252714Z ##[endgroup]
General & Infrastructure	UNKNOWN STEP	2026-04-04T14:49:44.2295497Z ##[group]Run if [[ "Linux" == "macOS" ]]; then
General & Infrastructure	UNKNOWN STEP	2026-04-04T14:49:44.2295819Z [36;1mif [[ "Linux" == "macOS" ]]; then[0m
General & Infrastructure	UNKNOWN STEP	2026-04-04T14:49:44.2296077Z [36;1m  osvariant="darwin"[0m
General & Infrastructure	UNKNOWN STEP	2026-04-04T14:49:44.2296296Z [36;1melse[0m
General & Infrastructure	UNKNOWN STEP	2026-04-04T14:49:44.2296479Z [36;1m  osvariant="linux"[0m
General & Infrastructure	UNKNOWN STEP	2026-04-04T14:49:44.2296874Z [36;1mfi[0m
General & Infrastructure	UNKNOWN STEP	2026-04-04T14:49:44.2297036Z [36;1m[0m
General & Infrastructure	UNKNOWN STEP	2026-04-04T14:49:44.2297602Z [36;1mbaseurl="https://github.com/koalaman/shellcheck/releases/download"[0m
General & Infrastructure	UNKNOWN STEP	2026-04-04T14:49:44.2297957Z [36;1m[0m
General & Infrastructure	UNKNOWN STEP	2026-04-04T14:49:44.2298330Z [36;1mcurl -Lso "/home/runner/work/_actions/ludeeus/action-shellcheck/master/sc.tar.xz" \[0m
General & Infrastructure	UNKNOWN STEP	2026-04-04T14:49:44.2298920Z [36;1m  "${baseurl}/${INPUT_VERSION}/shellcheck-${INPUT_VERSION}.${osvariant}.x86_64.tar.xz"[0m
General & Infrastructure	UNKNOWN STEP	2026-04-04T14:49:44.2299309Z [36;1m[0m
General & Infrastructure	UNKNOWN STEP	2026-04-04T14:49:44.2299837Z [36;1mtar -xf "/home/runner/work/_actions/ludeeus/action-shellcheck/master/sc.tar.xz" -C "/home/runner/work/_actions/ludeeus/action-shellcheck/master"[0m
General & Infrastructure	UNKNOWN STEP	2026-04-04T14:49:44.2300689Z [36;1mmv "/home/runner/work/_actions/ludeeus/action-shellcheck/master/shellcheck-${INPUT_VERSION}/shellcheck" \[0m
General & Infrastructure	UNKNOWN STEP	2026-04-04T14:49:44.2301309Z [36;1m  "/home/runner/work/_actions/ludeeus/action-shellcheck/master/shellcheck"[0m
General & Infrastructure	UNKNOWN STEP	2026-04-04T14:49:44.2327689Z shell: /usr/bin/bash --noprofile --norc -e -o pipefail {0}
General & Infrastructure	UNKNOWN STEP	2026-04-04T14:49:44.2327997Z env:
General & Infrastructure	UNKNOWN STEP	2026-04-04T14:49:44.2328169Z   INPUT_VERSION: stable
General & Infrastructure	UNKNOWN STEP	2026-04-04T14:49:44.2328369Z ##[endgroup]
General & Infrastructure	UNKNOWN STEP	2026-04-04T14:49:44.6214604Z ##[group]Run "/home/runner/work/_actions/ludeeus/action-shellcheck/master/shellcheck" --version
General & Infrastructure	UNKNOWN STEP	2026-04-04T14:49:44.6215807Z [36;1m"/home/runner/work/_actions/ludeeus/action-shellcheck/master/shellcheck" --version[0m
General & Infrastructure	UNKNOWN STEP	2026-04-04T14:49:44.6244942Z shell: /usr/bin/bash --noprofile --norc -e -o pipefail {0}
General & Infrastructure	UNKNOWN STEP	2026-04-04T14:49:44.6245276Z ##[endgroup]
General & Infrastructure	UNKNOWN STEP	2026-04-04T14:49:44.6299001Z ShellCheck - shell script analysis tool
General & Infrastructure	UNKNOWN STEP	2026-04-04T14:49:44.6299520Z version: 0.11.0
General & Infrastructure	UNKNOWN STEP	2026-04-04T14:49:44.6300061Z license: GNU General Public License, version 3
General & Infrastructure	UNKNOWN STEP	2026-04-04T14:49:44.6300756Z website: https://www.shellcheck.net
General & Infrastructure	UNKNOWN STEP	2026-04-04T14:49:44.6332506Z ##[group]Run declare -a options
General & Infrastructure	UNKNOWN STEP	2026-04-04T14:49:44.6332930Z [36;1mdeclare -a options[0m
General & Infrastructure	UNKNOWN STEP	2026-04-04T14:49:44.6333360Z [36;1mif [[ -n "${INPUT_SEVERITY}" ]]; then[0m
General & Infrastructure	UNKNOWN STEP	2026-04-04T14:49:44.6333879Z [36;1m  options+=("-S ${INPUT_SEVERITY}")[0m
General & Infrastructure	UNKNOWN STEP	2026-04-04T14:49:44.6334329Z [36;1mfi[0m
General & Infrastructure	UNKNOWN STEP	2026-04-04T14:49:44.6334666Z [36;1moptions+=("--format=${INPUT_FORMAT}")[0m
General & Infrastructure	UNKNOWN STEP	2026-04-04T14:49:44.6335217Z [36;1mecho "options=${options[@]}" >> $GITHUB_OUTPUT[0m
General & Infrastructure	UNKNOWN STEP	2026-04-04T14:49:44.6370323Z shell: /usr/bin/bash --noprofile --norc -e -o pipefail {0}
General & Infrastructure	UNKNOWN STEP	2026-04-04T14:49:44.6370898Z env:
General & Infrastructure	UNKNOWN STEP	2026-04-04T14:49:44.6371201Z   INPUT_SEVERITY: 
General & Infrastructure	UNKNOWN STEP	2026-04-04T14:49:44.6371541Z   INPUT_FORMAT: gcc
General & Infrastructure	UNKNOWN STEP	2026-04-04T14:49:44.6371858Z ##[endgroup]
General & Infrastructure	UNKNOWN STEP	2026-04-04T14:49:44.6452231Z ##[group]Run declare -a excludes
General & Infrastructure	UNKNOWN STEP	2026-04-04T14:49:44.6452702Z [36;1mdeclare -a excludes[0m
General & Infrastructure	UNKNOWN STEP	2026-04-04T14:49:44.6453367Z [36;1mset -f # temporarily disable globbing so that globs in input aren't expanded[0m
General & Infrastructure	UNKNOWN STEP	2026-04-04T14:49:44.6454086Z [36;1m[0m
General & Infrastructure	UNKNOWN STEP	2026-04-04T14:49:44.6454289Z [36;1mexcludes+=("! -path *./.git/*")[0m
General & Infrastructure	UNKNOWN STEP	2026-04-04T14:49:44.6454561Z [36;1mexcludes+=("! -path *.go")[0m
General & Infrastructure	UNKNOWN STEP	2026-04-04T14:49:44.6454809Z [36;1mexcludes+=("! -path */mvnw")[0m
General & Infrastructure	UNKNOWN STEP	2026-04-04T14:49:44.6455100Z [36;1mif [[ -n "${INPUT_IGNORE}" ]]; then[0m
General & Infrastructure	UNKNOWN STEP	2026-04-04T14:49:44.6455406Z [36;1m  for path in ${INPUT_IGNORE}; do[0m
General & Infrastructure	UNKNOWN STEP	2026-04-04T14:49:44.6455687Z [36;1m    excludes+=("! -path *./$path/*")[0m
General & Infrastructure	UNKNOWN STEP	2026-04-04T14:49:44.6455966Z [36;1m    excludes+=("! -path */$path/*")[0m
General & Infrastructure	UNKNOWN STEP	2026-04-04T14:49:44.6456457Z [36;1m    excludes+=("! -path $path")[0m
General & Infrastructure	UNKNOWN STEP	2026-04-04T14:49:44.6456701Z [36;1m  done[0m
General & Infrastructure	UNKNOWN STEP	2026-04-04T14:49:44.6456874Z [36;1melse[0m
General & Infrastructure	UNKNOWN STEP	2026-04-04T14:49:44.6457074Z [36;1m  for path in ${INPUT_IGNORE_PATHS}; do[0m
General & Infrastructure	UNKNOWN STEP	2026-04-04T14:49:44.6457678Z [36;1m    excludes+=("! -path *./$path/*")[0m
General & Infrastructure	UNKNOWN STEP	2026-04-04T14:49:44.6457956Z [36;1m    excludes+=("! -path */$path/*")[0m
General & Infrastructure	UNKNOWN STEP	2026-04-04T14:49:44.6458220Z [36;1m    excludes+=("! -path $path")[0m
General & Infrastructure	UNKNOWN STEP	2026-04-04T14:49:44.6458456Z [36;1m  done[0m
General & Infrastructure	UNKNOWN STEP	2026-04-04T14:49:44.6458618Z [36;1mfi[0m
General & Infrastructure	UNKNOWN STEP	2026-04-04T14:49:44.6458776Z [36;1m[0m
General & Infrastructure	UNKNOWN STEP	2026-04-04T14:49:44.6458967Z [36;1mfor name in ${INPUT_IGNORE_NAMES}; do[0m
General & Infrastructure	UNKNOWN STEP	2026-04-04T14:49:44.6459228Z [36;1m  excludes+=("! -name $name")[0m
General & Infrastructure	UNKNOWN STEP	2026-04-04T14:49:44.6459617Z [36;1mdone[0m
General & Infrastructure	UNKNOWN STEP	2026-04-04T14:49:44.6459847Z [36;1mecho "excludes=${excludes[@]}" >> $GITHUB_OUTPUT[0m
General & Infrastructure	UNKNOWN STEP	2026-04-04T14:49:44.6460125Z [36;1m[0m
General & Infrastructure	UNKNOWN STEP	2026-04-04T14:49:44.6460291Z [36;1mset +f # re-enable globbing[0m
General & Infrastructure	UNKNOWN STEP	2026-04-04T14:49:44.6494192Z shell: /usr/bin/bash --noprofile --norc -e -o pipefail {0}
General & Infrastructure	UNKNOWN STEP	2026-04-04T14:49:44.6494744Z env:
General & Infrastructure	UNKNOWN STEP	2026-04-04T14:49:44.6495024Z   INPUT_IGNORE: 
General & Infrastructure	UNKNOWN STEP	2026-04-04T14:49:44.6495373Z   INPUT_IGNORE_PATHS: node_modules
General & Infrastructure	UNKNOWN STEP	2026-04-04T14:49:44.6495792Z   INPUT_IGNORE_NAMES: 
General & Infrastructure	UNKNOWN STEP	2026-04-04T14:49:44.6496135Z ##[endgroup]
General & Infrastructure	UNKNOWN STEP	2026-04-04T14:49:44.6565822Z ##[group]Run declare -a files
General & Infrastructure	UNKNOWN STEP	2026-04-04T14:49:44.6566067Z [36;1mdeclare -a files[0m
General & Infrastructure	UNKNOWN STEP	2026-04-04T14:49:44.6566318Z [36;1mfor file in ${INPUT_ADDITIONAL_FILES}; do[0m
General & Infrastructure	UNKNOWN STEP	2026-04-04T14:49:44.6566610Z [36;1m  files+=("-o -name *$file")[0m
General & Infrastructure	UNKNOWN STEP	2026-04-04T14:49:44.6566839Z [36;1mdone[0m
General & Infrastructure	UNKNOWN STEP	2026-04-04T14:49:44.6567050Z [36;1mecho "files=${files[@]}" >> $GITHUB_OUTPUT[0m
General & Infrastructure	UNKNOWN STEP	2026-04-04T14:49:44.6590974Z shell: /usr/bin/bash --noprofile --norc -e -o pipefail {0}
General & Infrastructure	UNKNOWN STEP	2026-04-04T14:49:44.6591288Z env:
General & Infrastructure	UNKNOWN STEP	2026-04-04T14:49:44.6591464Z   INPUT_ADDITIONAL_FILES: 
General & Infrastructure	UNKNOWN STEP	2026-04-04T14:49:44.6591672Z ##[endgroup]
General & Infrastructure	UNKNOWN STEP	2026-04-04T14:49:44.6657462Z ##[group]Run statuscode=0
General & Infrastructure	UNKNOWN STEP	2026-04-04T14:49:44.6657746Z [36;1mstatuscode=0[0m
General & Infrastructure	UNKNOWN STEP	2026-04-04T14:49:44.6657987Z [36;1mdeclare -a filepaths[0m
General & Infrastructure	UNKNOWN STEP	2026-04-04T14:49:44.6658273Z [36;1mshebangregex="^#! */[^ ]*/(env *)?[abk]*sh"[0m
General & Infrastructure	UNKNOWN STEP	2026-04-04T14:49:44.6658545Z [36;1m[0m
General & Infrastructure	UNKNOWN STEP	2026-04-04T14:49:44.6658864Z [36;1mset -f # temporarily disable globbing so that globs in inputs aren't expanded[0m
General & Infrastructure	UNKNOWN STEP	2026-04-04T14:49:44.6659250Z [36;1m[0m
General & Infrastructure	UNKNOWN STEP	2026-04-04T14:49:44.6659441Z [36;1mwhile IFS= read -r -d '' file; do[0m
General & Infrastructure	UNKNOWN STEP	2026-04-04T14:49:44.6659697Z [36;1m  filepaths+=("$file")[0m
General & Infrastructure	UNKNOWN STEP	2026-04-04T14:49:44.6659944Z [36;1mdone < <(find "${INPUT_SCANDIR}" \[0m
General & Infrastructure	UNKNOWN STEP	2026-04-04T14:49:44.6660207Z [36;1m    ${INPUT_EXCLUDE_ARGS} \[0m
General & Infrastructure	UNKNOWN STEP	2026-04-04T14:49:44.6660451Z [36;1m    -type f \[0m
General & Infrastructure	UNKNOWN STEP	2026-04-04T14:49:44.6660643Z [36;1m    '(' \[0m
General & Infrastructure	UNKNOWN STEP	2026-04-04T14:49:44.6660836Z [36;1m    -name '*.bash' \[0m
General & Infrastructure	UNKNOWN STEP	2026-04-04T14:49:44.6661055Z [36;1m    -o -name '.bashrc' \[0m
General & Infrastructure	UNKNOWN STEP	2026-04-04T14:49:44.6661297Z [36;1m    -o -name 'bashrc' \[0m
General & Infrastructure	UNKNOWN STEP	2026-04-04T14:49:44.6661532Z [36;1m    -o -name '.bash_aliases' \[0m
General & Infrastructure	UNKNOWN STEP	2026-04-04T14:49:44.6661802Z [36;1m    -o -name '.bash_completion' \[0m
General & Infrastructure	UNKNOWN STEP	2026-04-04T14:49:44.6662049Z [36;1m    -o -name '.bash_login' \[0m
General & Infrastructure	UNKNOWN STEP	2026-04-04T14:49:44.6662293Z [36;1m    -o -name '.bash_logout' \[0m
General & Infrastructure	UNKNOWN STEP	2026-04-04T14:49:44.6662540Z [36;1m    -o -name '.bash_profile' \[0m
General & Infrastructure	UNKNOWN STEP	2026-04-04T14:49:44.6662787Z [36;1m    -o -name 'bash_profile' \[0m
General & Infrastructure	UNKNOWN STEP	2026-04-04T14:49:44.6663020Z [36;1m    -o -name '*.ksh' \[0m
General & Infrastructure	UNKNOWN STEP	2026-04-04T14:49:44.6663250Z [36;1m    -o -name 'suid_profile' \[0m
General & Infrastructure	UNKNOWN STEP	2026-04-04T14:49:44.6663488Z [36;1m    -o -name '*.zsh' \[0m
General & Infrastructure	UNKNOWN STEP	2026-04-04T14:49:44.6663703Z [36;1m    -o -name '.zlogin' \[0m
General & Infrastructure	UNKNOWN STEP	2026-04-04T14:49:44.6663935Z [36;1m    -o -name 'zlogin' \[0m
General & Infrastructure	UNKNOWN STEP	2026-04-04T14:49:44.6664160Z [36;1m    -o -name '.zlogout' \[0m
General & Infrastructure	UNKNOWN STEP	2026-04-04T14:49:44.6664392Z [36;1m    -o -name 'zlogout' \[0m
General & Infrastructure	UNKNOWN STEP	2026-04-04T14:49:44.6664620Z [36;1m    -o -name '.zprofile' \[0m
General & Infrastructure	UNKNOWN STEP	2026-04-04T14:49:44.6664863Z [36;1m    -o -name 'zprofile' \[0m
General & Infrastructure	UNKNOWN STEP	2026-04-04T14:49:44.6665085Z [36;1m    -o -name '.zsenv' \[0m
General & Infrastructure	UNKNOWN STEP	2026-04-04T14:49:44.6665306Z [36;1m    -o -name 'zsenv' \[0m
General & Infrastructure	UNKNOWN STEP	2026-04-04T14:49:44.6665705Z [36;1m    -o -name '.zshrc' \[0m
General & Infrastructure	UNKNOWN STEP	2026-04-04T14:49:44.6665932Z [36;1m    -o -name 'zshrc' \[0m
General & Infrastructure	UNKNOWN STEP	2026-04-04T14:49:44.6666149Z [36;1m    -o -name '*.sh' \[0m
General & Infrastructure	UNKNOWN STEP	2026-04-04T14:49:44.6666376Z [36;1m    -o -path '*/.profile' \[0m
General & Infrastructure	UNKNOWN STEP	2026-04-04T14:49:44.6666618Z [36;1m    -o -path '*/profile' \[0m
General & Infrastructure	UNKNOWN STEP	2026-04-04T14:49:44.6666845Z [36;1m    -o -name '*.shlib' \[0m
General & Infrastructure	UNKNOWN STEP	2026-04-04T14:49:44.6667090Z [36;1m    ${INPUT_ADDITIONAL_FILE_ARGS} \[0m
General & Infrastructure	UNKNOWN STEP	2026-04-04T14:49:44.6667566Z [36;1m    ')' \[0m
General & Infrastructure	UNKNOWN STEP	2026-04-04T14:49:44.6667747Z [36;1m    -print0)[0m
General & Infrastructure	UNKNOWN STEP	2026-04-04T14:49:44.6667938Z [36;1m[0m
General & Infrastructure	UNKNOWN STEP	2026-04-04T14:49:44.6668119Z [36;1mwhile IFS= read -r -d '' file; do[0m
General & Infrastructure	UNKNOWN STEP	2026-04-04T14:49:44.6668585Z [36;1m  head -n1 "$file" | grep -Eqs "$shebangregex" || continue[0m
General & Infrastructure	UNKNOWN STEP	2026-04-04T14:49:44.6668904Z [36;1m  filepaths+=("$file")[0m
General & Infrastructure	UNKNOWN STEP	2026-04-04T14:49:44.6669146Z [36;1mdone < <(find "${INPUT_SCANDIR}" \[0m
General & Infrastructure	UNKNOWN STEP	2026-04-04T14:49:44.6669400Z [36;1m    ${INPUT_EXCLUDE_ARGS} \[0m
General & Infrastructure	UNKNOWN STEP	2026-04-04T14:49:44.6669658Z [36;1m    -type f ! -name '*.*' -perm /111 \[0m
General & Infrastructure	UNKNOWN STEP	2026-04-04T14:49:44.6669915Z [36;1m    -print0)[0m
General & Infrastructure	UNKNOWN STEP	2026-04-04T14:49:44.6670100Z [36;1m[0m
General & Infrastructure	UNKNOWN STEP	2026-04-04T14:49:44.6670294Z [36;1mif [[ -n "${INPUT_CHECK_TOGETHER}" ]]; then[0m
General & Infrastructure	UNKNOWN STEP	2026-04-04T14:49:44.6670693Z [36;1m  "/home/runner/work/_actions/ludeeus/action-shellcheck/master/shellcheck" \[0m
General & Infrastructure	UNKNOWN STEP	2026-04-04T14:49:44.6671092Z [36;1m    ${INPUT_SHELLCHECK_OPTIONS} \[0m
General & Infrastructure	UNKNOWN STEP	2026-04-04T14:49:44.6671361Z [36;1m    "${filepaths[@]}" || statuscode=$?[0m
General & Infrastructure	UNKNOWN STEP	2026-04-04T14:49:44.6671603Z [36;1melse[0m
General & Infrastructure	UNKNOWN STEP	2026-04-04T14:49:44.6671796Z [36;1m  for file in "${filepaths[@]}"; do[0m
General & Infrastructure	UNKNOWN STEP	2026-04-04T14:49:44.6672181Z [36;1m    "/home/runner/work/_actions/ludeeus/action-shellcheck/master/shellcheck" \[0m
General & Infrastructure	UNKNOWN STEP	2026-04-04T14:49:44.6672579Z [36;1m      ${INPUT_SHELLCHECK_OPTIONS} \[0m
General & Infrastructure	UNKNOWN STEP	2026-04-04T14:49:44.6672835Z [36;1m      "$file" || statuscode=$?[0m
General & Infrastructure	UNKNOWN STEP	2026-04-04T14:49:44.6673059Z [36;1m  done[0m
General & Infrastructure	UNKNOWN STEP	2026-04-04T14:49:44.6673222Z [36;1mfi[0m
General & Infrastructure	UNKNOWN STEP	2026-04-04T14:49:44.6673379Z [36;1m[0m
General & Infrastructure	UNKNOWN STEP	2026-04-04T14:49:44.6673603Z [36;1mecho "filepaths=${filepaths[@]}" >> $GITHUB_OUTPUT[0m
General & Infrastructure	UNKNOWN STEP	2026-04-04T14:49:44.6673951Z [36;1mecho "statuscode=$statuscode" >> $GITHUB_OUTPUT[0m
General & Infrastructure	UNKNOWN STEP	2026-04-04T14:49:44.6674224Z [36;1m[0m
General & Infrastructure	UNKNOWN STEP	2026-04-04T14:49:44.6674388Z [36;1mset +f # re-enable globbing[0m
General & Infrastructure	UNKNOWN STEP	2026-04-04T14:49:44.6697792Z shell: /usr/bin/bash --noprofile --norc -e -o pipefail {0}
General & Infrastructure	UNKNOWN STEP	2026-04-04T14:49:44.6698105Z env:
General & Infrastructure	UNKNOWN STEP	2026-04-04T14:49:44.6698271Z   INPUT_SCANDIR: .
General & Infrastructure	UNKNOWN STEP	2026-04-04T14:49:44.6698467Z   INPUT_CHECK_TOGETHER: 
General & Infrastructure	UNKNOWN STEP	2026-04-04T14:49:44.6698956Z   INPUT_EXCLUDE_ARGS: ! -path *./.git/* ! -path *.go ! -path */mvnw ! -path *./node_modules/* ! -path */node_modules/* ! -path node_modules
General & Infrastructure	UNKNOWN STEP	2026-04-04T14:49:44.6699469Z   INPUT_ADDITIONAL_FILE_ARGS: 
General & Infrastructure	UNKNOWN STEP	2026-04-04T14:49:44.6699718Z   INPUT_SHELLCHECK_OPTIONS: --format=gcc
General & Infrastructure	UNKNOWN STEP	2026-04-04T14:49:44.6699961Z ##[endgroup]
General & Infrastructure	UNKNOWN STEP	2026-04-04T14:49:44.8151765Z ##[group]Run exit 0
General & Infrastructure	UNKNOWN STEP	2026-04-04T14:49:44.8151959Z [36;1mexit 0[0m
General & Infrastructure	UNKNOWN STEP	2026-04-04T14:49:44.8176538Z shell: /usr/bin/bash --noprofile --norc -e -o pipefail {0}
General & Infrastructure	UNKNOWN STEP	2026-04-04T14:49:44.8176873Z ##[endgroup]
General & Infrastructure	UNKNOWN STEP	2026-04-04T14:49:44.8269118Z ##[group]Run reviewdog/action-misspell@v1
General & Infrastructure	UNKNOWN STEP	2026-04-04T14:49:44.8269394Z with:
General & Infrastructure	UNKNOWN STEP	2026-04-04T14:49:44.8269755Z   github_token: ***
General & Infrastructure	UNKNOWN STEP	2026-04-04T14:49:44.8269963Z   reporter: github-pr-review
General & Infrastructure	UNKNOWN STEP	2026-04-04T14:49:44.8270185Z   level: error
General & Infrastructure	UNKNOWN STEP	2026-04-04T14:49:44.8270358Z   path: .
General & Infrastructure	UNKNOWN STEP	2026-04-04T14:49:44.8270511Z   pattern: *
General & Infrastructure	UNKNOWN STEP	2026-04-04T14:49:44.8270681Z   filter_mode: added
General & Infrastructure	UNKNOWN STEP	2026-04-04T14:49:44.8270869Z   fail_level: none
General & Infrastructure	UNKNOWN STEP	2026-04-04T14:49:44.8271042Z   fail_on_error: false
General & Infrastructure	UNKNOWN STEP	2026-04-04T14:49:44.8271233Z ##[endgroup]
General & Infrastructure	UNKNOWN STEP	2026-04-04T14:49:44.8305513Z ##[command]/usr/bin/docker run --name d65e82ef704026b4d6cb0569e9bb5793a88_fcb96f --label 242d65 --workdir /github/workspace --rm -e "INPUT_GITHUB_TOKEN" -e "INPUT_REPORTER" -e "INPUT_LOCALE" -e "INPUT_LEVEL" -e "INPUT_IGNORE" -e "INPUT_PATH" -e "INPUT_PATTERN" -e "INPUT_EXCLUDE" -e "INPUT_FILTER_MODE" -e "INPUT_FAIL_LEVEL" -e "INPUT_FAIL_ON_ERROR" -e "HOME" -e "GITHUB_JOB" -e "GITHUB_REF" -e "GITHUB_SHA" -e "GITHUB_REPOSITORY" -e "GITHUB_REPOSITORY_OWNER" -e "GITHUB_REPOSITORY_OWNER_ID" -e "GITHUB_RUN_ID" -e "GITHUB_RUN_NUMBER" -e "GITHUB_RETENTION_DAYS" -e "GITHUB_RUN_ATTEMPT" -e "GITHUB_ACTOR_ID" -e "GITHUB_ACTOR" -e "GITHUB_WORKFLOW" -e "GITHUB_HEAD_REF" -e "GITHUB_BASE_REF" -e "GITHUB_EVENT_NAME" -e "GITHUB_SERVER_URL" -e "GITHUB_API_URL" -e "GITHUB_GRAPHQL_URL" -e "GITHUB_REF_NAME" -e "GITHUB_REF_PROTECTED" -e "GITHUB_REF_TYPE" -e "GITHUB_WORKFLOW_REF" -e "GITHUB_WORKFLOW_SHA" -e "GITHUB_REPOSITORY_ID" -e "GITHUB_TRIGGERING_ACTOR" -e "GITHUB_WORKSPACE" -e "GITHUB_ACTION" -e "GITHUB_EVENT_PATH" -e "GITHUB_ACTION_REPOSITORY" -e "GITHUB_ACTION_REF" -e "GITHUB_PATH" -e "GITHUB_ENV" -e "GITHUB_STEP_SUMMARY" -e "GITHUB_STATE" -e "GITHUB_OUTPUT" -e "RUNNER_OS" -e "RUNNER_ARCH" -e "RUNNER_NAME" -e "RUNNER_ENVIRONMENT" -e "RUNNER_TOOL_CACHE" -e "RUNNER_TEMP" -e "RUNNER_WORKSPACE" -e "ACTIONS_RUNTIME_URL" -e "ACTIONS_RUNTIME_TOKEN" -e "ACTIONS_CACHE_URL" -e "ACTIONS_RESULTS_URL" -e "ACTIONS_ORCHESTRATION_ID" -e GITHUB_ACTIONS=true -e CI=true -v "/var/run/docker.sock":"/var/run/docker.sock" -v "/home/runner/work/_temp":"/github/runner_temp" -v "/home/runner/work/_temp/_github_home":"/github/home" -v "/home/runner/work/_temp/_github_workflow":"/github/workflow" -v "/home/runner/work/_temp/_runner_file_commands":"/github/file_commands" -v "/home/runner/work/utba-swarmmap/utba-swarmmap":"/github/workspace" 242d65:e82ef704026b4d6cb0569e9bb5793a88
General & Infrastructure	UNKNOWN STEP	2026-04-04T14:49:52.3790122Z ##[group]Run wagoid/commitlint-github-action@v5
General & Infrastructure	UNKNOWN STEP	2026-04-04T14:49:52.3790431Z with:
General & Infrastructure	UNKNOWN STEP	2026-04-04T14:49:52.3790614Z   configFile: ./commitlint.config.js
General & Infrastructure	UNKNOWN STEP	2026-04-04T14:49:52.3790858Z   failOnWarnings: false
General & Infrastructure	UNKNOWN STEP	2026-04-04T14:49:52.3791058Z   failOnErrors: true
General & Infrastructure	UNKNOWN STEP	2026-04-04T14:49:52.3791416Z   helpURL: https://github.com/conventional-changelog/commitlint/#what-is-commitlint
General & Infrastructure	UNKNOWN STEP	2026-04-04T14:49:52.3791925Z   token: ***
General & Infrastructure	UNKNOWN STEP	2026-04-04T14:49:52.3792098Z ##[endgroup]
General & Infrastructure	UNKNOWN STEP	2026-04-04T14:49:52.3803525Z ##[command]/usr/bin/docker run --name wagoidcommitlintgithubaction551_30fb82 --label 242d65 --workdir /github/workspace --rm -e "INPUT_CONFIGFILE" -e "INPUT_FAILONWARNINGS" -e "INPUT_FAILONERRORS" -e "INPUT_HELPURL" -e "INPUT_COMMITDEPTH" -e "INPUT_TOKEN" -e "HOME" -e "GITHUB_JOB" -e "GITHUB_REF" -e "GITHUB_SHA" -e "GITHUB_REPOSITORY" -e "GITHUB_REPOSITORY_OWNER" -e "GITHUB_REPOSITORY_OWNER_ID" -e "GITHUB_RUN_ID" -e "GITHUB_RUN_NUMBER" -e "GITHUB_RETENTION_DAYS" -e "GITHUB_RUN_ATTEMPT" -e "GITHUB_ACTOR_ID" -e "GITHUB_ACTOR" -e "GITHUB_WORKFLOW" -e "GITHUB_HEAD_REF" -e "GITHUB_BASE_REF" -e "GITHUB_EVENT_NAME" -e "GITHUB_SERVER_URL" -e "GITHUB_API_URL" -e "GITHUB_GRAPHQL_URL" -e "GITHUB_REF_NAME" -e "GITHUB_REF_PROTECTED" -e "GITHUB_REF_TYPE" -e "GITHUB_WORKFLOW_REF" -e "GITHUB_WORKFLOW_SHA" -e "GITHUB_REPOSITORY_ID" -e "GITHUB_TRIGGERING_ACTOR" -e "GITHUB_WORKSPACE" -e "GITHUB_ACTION" -e "GITHUB_EVENT_PATH" -e "GITHUB_ACTION_REPOSITORY" -e "GITHUB_ACTION_REF" -e "GITHUB_PATH" -e "GITHUB_ENV" -e "GITHUB_STEP_SUMMARY" -e "GITHUB_STATE" -e "GITHUB_OUTPUT" -e "RUNNER_OS" -e "RUNNER_ARCH" -e "RUNNER_NAME" -e "RUNNER_ENVIRONMENT" -e "RUNNER_TOOL_CACHE" -e "RUNNER_TEMP" -e "RUNNER_WORKSPACE" -e "ACTIONS_RUNTIME_URL" -e "ACTIONS_RUNTIME_TOKEN" -e "ACTIONS_CACHE_URL" -e "ACTIONS_RESULTS_URL" -e "ACTIONS_ORCHESTRATION_ID" -e GITHUB_ACTIONS=true -e CI=true -v "/var/run/docker.sock":"/var/run/docker.sock" -v "/home/runner/work/_temp":"/github/runner_temp" -v "/home/runner/work/_temp/_github_home":"/github/home" -v "/home/runner/work/_temp/_github_workflow":"/github/workflow" -v "/home/runner/work/_temp/_runner_file_commands":"/github/file_commands" -v "/home/runner/work/utba-swarmmap/utba-swarmmap":"/github/workspace" wagoid/commitlint-github-action:5.5.1
General & Infrastructure	UNKNOWN STEP	2026-04-04T14:49:53.1773113Z ##[error]You have commit messages with errors
General & Infrastructure	UNKNOWN STEP	
General & Infrastructure	UNKNOWN STEP	error running commitlint
General & Infrastructure	UNKNOWN STEP	require() of ES Module /github/workspace/node_modules/@commitlint/config-conventional/lib/index.js from /node_modules/@commitlint/resolve-extends/lib/index.js not supported.
General & Infrastructure	UNKNOWN STEP	Instead change the require of /github/workspace/node_modules/@commitlint/config-conventional/lib/index.js in /node_modules/@commitlint/resolve-extends/lib/index.js to a dynamic import() which is available in all CommonJS modules.
General & Infrastructure	UNKNOWN STEP	Error [ERR_REQUIRE_ESM]: require() of ES Module /github/workspace/node_modules/@commitlint/config-conventional/lib/index.js from /node_modules/@commitlint/resolve-extends/lib/index.js not supported.
General & Infrastructure	UNKNOWN STEP	Instead change the require of /github/workspace/node_modules/@commitlint/config-conventional/lib/index.js in /node_modules/@commitlint/resolve-extends/lib/index.js to a dynamic import() which is available in all CommonJS modules.
General & Infrastructure	UNKNOWN STEP	    at /node_modules/@commitlint/resolve-extends/lib/index.js:48:19
General & Infrastructure	UNKNOWN STEP	    at Array.reduce (<anonymous>)
General & Infrastructure	UNKNOWN STEP	    at loadExtends (/node_modules/@commitlint/resolve-extends/lib/index.js:45:16)
General & Infrastructure	UNKNOWN STEP	    at resolveExtends (/node_modules/@commitlint/resolve-extends/lib/index.js:25:22)
General & Infrastructure	UNKNOWN STEP	    at Object.load [as default] (/node_modules/@commitlint/load/lib/load.js:42:52)
General & Infrastructure	UNKNOWN STEP	    at async showLintResults (/run.js:141:46)
General & Infrastructure	UNKNOWN STEP	2026-04-04T14:49:53.2563812Z Post job cleanup.
General & Infrastructure	UNKNOWN STEP	2026-04-04T14:49:53.3501820Z [command]/usr/bin/git version
General & Infrastructure	UNKNOWN STEP	2026-04-04T14:49:53.3537124Z git version 2.53.0
General & Infrastructure	UNKNOWN STEP	2026-04-04T14:49:53.3591809Z Temporarily overriding HOME='/home/runner/work/_temp/a7923f20-3cc2-45b0-be94-e6bba5007d04' before making global git config changes
General & Infrastructure	UNKNOWN STEP	2026-04-04T14:49:53.3592880Z Adding repository directory to the temporary git global config as a safe directory
General & Infrastructure	UNKNOWN STEP	2026-04-04T14:49:53.3598823Z [command]/usr/bin/git config --global --add safe.directory /home/runner/work/utba-swarmmap/utba-swarmmap
General & Infrastructure	UNKNOWN STEP	2026-04-04T14:49:53.3634368Z [command]/usr/bin/git config --local --name-only --get-regexp core\.sshCommand
General & Infrastructure	UNKNOWN STEP	2026-04-04T14:49:53.3666570Z [command]/usr/bin/git submodule foreach --recursive sh -c "git config --local --name-only --get-regexp 'core\.sshCommand' && git config --local --unset-all 'core.sshCommand' || :"
General & Infrastructure	UNKNOWN STEP	2026-04-04T14:49:53.3893128Z [command]/usr/bin/git config --local --name-only --get-regexp http\.https\:\/\/github\.com\/\.extraheader
General & Infrastructure	UNKNOWN STEP	2026-04-04T14:49:53.3916436Z http.https://github.com/.extraheader
General & Infrastructure	UNKNOWN STEP	2026-04-04T14:49:53.3936876Z [command]/usr/bin/git config --local --unset-all http.https://github.com/.extraheader
General & Infrastructure	UNKNOWN STEP	2026-04-04T14:49:53.3966434Z [command]/usr/bin/git submodule foreach --recursive sh -c "git config --local --name-only --get-regexp 'http\.https\:\/\/github\.com\/\.extraheader' && git config --local --unset-all 'http.https://github.com/.extraheader' || :"
General & Infrastructure	UNKNOWN STEP	2026-04-04T14:49:53.4182222Z [command]/usr/bin/git config --local --name-only --get-regexp ^includeIf\.gitdir:
General & Infrastructure	UNKNOWN STEP	2026-04-04T14:49:53.4211004Z [command]/usr/bin/git submodule foreach --recursive git config --local --show-origin --name-only --get-regexp remote.origin.url
General & Infrastructure	UNKNOWN STEP	2026-04-04T14:49:53.4525497Z Cleaning up orphan processes
General & Infrastructure	UNKNOWN STEP	2026-04-04T14:49:53.4892162Z ##[warning]Node.js 20 actions are deprecated. The following actions are running on Node.js 20 and may not work as expected: actions/checkout@v4, actions/setup-go@v5, actions/setup-node@v4. Actions will be forced to run with Node.js 24 by default starting June 2nd, 2026. Node.js 20 will be removed from the runner on September 16th, 2026. Please check if updated versions of these actions are available that support Node.js 24. To opt into Node.js 24 now, set the FORCE_JAVASCRIPT_ACTIONS_TO_NODE24=true environment variable on the runner or in your workflow file. Once Node.js 24 becomes the default, you can temporarily opt out by setting ACTIONS_ALLOW_USE_UNSECURE_NODE_VERSION=true. For more information see: https://github.blog/changelog/2025-09-19-deprecation-of-node-20-on-github-actions-runners/
