General & Infrastructure	UNKNOWN STEP	﻿2026-04-04T13:52:09.3780042Z Current runner version: '2.333.1'
General & Infrastructure	UNKNOWN STEP	2026-04-04T13:52:09.3806533Z ##[group]Runner Image Provisioner
General & Infrastructure	UNKNOWN STEP	2026-04-04T13:52:09.3807385Z Hosted Compute Agent
General & Infrastructure	UNKNOWN STEP	2026-04-04T13:52:09.3807908Z Version: 20260213.493
General & Infrastructure	UNKNOWN STEP	2026-04-04T13:52:09.3808544Z Commit: 5c115507f6dd24b8de37d8bbe0bb4509d0cc0fa3
General & Infrastructure	UNKNOWN STEP	2026-04-04T13:52:09.3809215Z Build Date: 2026-02-13T00:28:41Z
General & Infrastructure	UNKNOWN STEP	2026-04-04T13:52:09.3809860Z Worker ID: {af842ad3-abb4-4836-9f3c-18e746ee7a48}
General & Infrastructure	UNKNOWN STEP	2026-04-04T13:52:09.3810983Z Azure Region: eastus
General & Infrastructure	UNKNOWN STEP	2026-04-04T13:52:09.3811547Z ##[endgroup]
General & Infrastructure	UNKNOWN STEP	2026-04-04T13:52:09.3813113Z ##[group]Operating System
General & Infrastructure	UNKNOWN STEP	2026-04-04T13:52:09.3813711Z Ubuntu
General & Infrastructure	UNKNOWN STEP	2026-04-04T13:52:09.3814273Z 24.04.4
General & Infrastructure	UNKNOWN STEP	2026-04-04T13:52:09.3814702Z LTS
General & Infrastructure	UNKNOWN STEP	2026-04-04T13:52:09.3815143Z ##[endgroup]
General & Infrastructure	UNKNOWN STEP	2026-04-04T13:52:09.3815696Z ##[group]Runner Image
General & Infrastructure	UNKNOWN STEP	2026-04-04T13:52:09.3816258Z Image: ubuntu-24.04
General & Infrastructure	UNKNOWN STEP	2026-04-04T13:52:09.3816772Z Version: 20260329.72.1
General & Infrastructure	UNKNOWN STEP	2026-04-04T13:52:09.3818059Z Included Software: https://github.com/actions/runner-images/blob/ubuntu24/20260329.72/images/ubuntu/Ubuntu2404-Readme.md
General & Infrastructure	UNKNOWN STEP	2026-04-04T13:52:09.3819498Z Image Release: https://github.com/actions/runner-images/releases/tag/ubuntu24%2F20260329.72
General & Infrastructure	UNKNOWN STEP	2026-04-04T13:52:09.3820837Z ##[endgroup]
General & Infrastructure	UNKNOWN STEP	2026-04-04T13:52:09.3821948Z ##[group]GITHUB_TOKEN Permissions
General & Infrastructure	UNKNOWN STEP	2026-04-04T13:52:09.3824210Z Contents: read
General & Infrastructure	UNKNOWN STEP	2026-04-04T13:52:09.3824718Z Metadata: read
General & Infrastructure	UNKNOWN STEP	2026-04-04T13:52:09.3825218Z Packages: read
General & Infrastructure	UNKNOWN STEP	2026-04-04T13:52:09.3825735Z ##[endgroup]
General & Infrastructure	UNKNOWN STEP	2026-04-04T13:52:09.3827869Z Secret source: None
General & Infrastructure	UNKNOWN STEP	2026-04-04T13:52:09.3828794Z Prepare workflow directory
General & Infrastructure	UNKNOWN STEP	2026-04-04T13:52:09.4170499Z Prepare all required actions
General & Infrastructure	UNKNOWN STEP	2026-04-04T13:52:09.4208618Z Getting action download info
General & Infrastructure	UNKNOWN STEP	2026-04-04T13:52:09.9381618Z Download action repository 'actions/checkout@v4' (SHA:34e114876b0b11c390a56381ad16ebd13914f8d5)
General & Infrastructure	UNKNOWN STEP	2026-04-04T13:52:10.0739827Z Download action repository 'actions/setup-node@v4' (SHA:49933ea5288caeca8642d1e84afbd3f7d6820020)
General & Infrastructure	UNKNOWN STEP	2026-04-04T13:52:10.1599123Z Download action repository 'actions/setup-go@v5' (SHA:40f1582b2485089dde7abd97c1529aa768e1baff)
General & Infrastructure	UNKNOWN STEP	2026-04-04T13:52:10.3943581Z Download action repository 'reviewdog/action-detect-secrets@v0' (SHA:53b50179462bbe04af2f25f088b97e55e1dec3a1)
General & Infrastructure	UNKNOWN STEP	2026-04-04T13:52:10.5455730Z Download action repository 'reviewdog/action-actionlint@v1' (SHA:6fb7acc99f4a1008869fa8a0f09cfca740837d9d)
General & Infrastructure	UNKNOWN STEP	2026-04-04T13:52:10.7428330Z Download action repository 'ibiqlik/action-yamllint@v3' (SHA:2576378a8e339169678f9939646ee3ee325e845c)
General & Infrastructure	UNKNOWN STEP	2026-04-04T13:52:10.8857776Z Download action repository 'ludeeus/action-shellcheck@master' (SHA:00b27aa7cb85167568cb48a3838b75f4265f2bca)
General & Infrastructure	UNKNOWN STEP	2026-04-04T13:52:11.0300750Z Download action repository 'reviewdog/action-misspell@v1' (SHA:d6429416b12b09b4e2768307d53bef58d172e962)
General & Infrastructure	UNKNOWN STEP	2026-04-04T13:52:11.1764068Z Download action repository 'wagoid/commitlint-github-action@v5' (SHA:9763196e10f27aef304c9b8b660d31d97fce0f99)
General & Infrastructure	UNKNOWN STEP	2026-04-04T13:52:11.6068294Z Complete job name: General & Infrastructure
General & Infrastructure	UNKNOWN STEP	2026-04-04T13:52:11.6632380Z ##[group]Pull down action image 'ghcr.io/reviewdog/action-actionlint:v1.72.0'
General & Infrastructure	UNKNOWN STEP	2026-04-04T13:52:11.6729024Z ##[command]/usr/bin/docker pull ghcr.io/reviewdog/action-actionlint:v1.72.0
General & Infrastructure	UNKNOWN STEP	2026-04-04T13:52:11.8641368Z v1.72.0: Pulling from reviewdog/action-actionlint
General & Infrastructure	UNKNOWN STEP	2026-04-04T13:52:11.9217634Z 589002ba0eae: Already exists
General & Infrastructure	UNKNOWN STEP	2026-04-04T13:52:11.9251258Z 0805a1082be0: Pulling fs layer
General & Infrastructure	UNKNOWN STEP	2026-04-04T13:52:11.9252872Z 3566efde290b: Pulling fs layer
General & Infrastructure	UNKNOWN STEP	2026-04-04T13:52:11.9254452Z 2800a7aef8b1: Pulling fs layer
General & Infrastructure	UNKNOWN STEP	2026-04-04T13:52:11.9255500Z f420ae9f738c: Pulling fs layer
General & Infrastructure	UNKNOWN STEP	2026-04-04T13:52:11.9256514Z 539ad613ffba: Pulling fs layer
General & Infrastructure	UNKNOWN STEP	2026-04-04T13:52:11.9257568Z 1062eadcdc7d: Pulling fs layer
General & Infrastructure	UNKNOWN STEP	2026-04-04T13:52:11.9258601Z d12341ef4ed7: Pulling fs layer
General & Infrastructure	UNKNOWN STEP	2026-04-04T13:52:11.9259628Z 0180048b5c67: Pulling fs layer
General & Infrastructure	UNKNOWN STEP	2026-04-04T13:52:11.9260851Z 3f242abd9c8e: Pulling fs layer
General & Infrastructure	UNKNOWN STEP	2026-04-04T13:52:11.9261745Z f420ae9f738c: Waiting
General & Infrastructure	UNKNOWN STEP	2026-04-04T13:52:11.9262551Z 539ad613ffba: Waiting
General & Infrastructure	UNKNOWN STEP	2026-04-04T13:52:11.9263453Z 1062eadcdc7d: Waiting
General & Infrastructure	UNKNOWN STEP	2026-04-04T13:52:11.9264361Z d12341ef4ed7: Waiting
General & Infrastructure	UNKNOWN STEP	2026-04-04T13:52:11.9265260Z 0180048b5c67: Waiting
General & Infrastructure	UNKNOWN STEP	2026-04-04T13:52:11.9266131Z 3f242abd9c8e: Waiting
General & Infrastructure	UNKNOWN STEP	2026-04-04T13:52:11.9671135Z 2800a7aef8b1: Verifying Checksum
General & Infrastructure	UNKNOWN STEP	2026-04-04T13:52:11.9672633Z 2800a7aef8b1: Download complete
General & Infrastructure	UNKNOWN STEP	2026-04-04T13:52:11.9793567Z 0805a1082be0: Verifying Checksum
General & Infrastructure	UNKNOWN STEP	2026-04-04T13:52:11.9795509Z 0805a1082be0: Download complete
General & Infrastructure	UNKNOWN STEP	2026-04-04T13:52:12.0452221Z 3566efde290b: Verifying Checksum
General & Infrastructure	UNKNOWN STEP	2026-04-04T13:52:12.0454534Z 3566efde290b: Download complete
General & Infrastructure	UNKNOWN STEP	2026-04-04T13:52:12.0572121Z 539ad613ffba: Verifying Checksum
General & Infrastructure	UNKNOWN STEP	2026-04-04T13:52:12.0573512Z 539ad613ffba: Download complete
General & Infrastructure	UNKNOWN STEP	2026-04-04T13:52:12.0646235Z f420ae9f738c: Verifying Checksum
General & Infrastructure	UNKNOWN STEP	2026-04-04T13:52:12.0647351Z f420ae9f738c: Download complete
General & Infrastructure	UNKNOWN STEP	2026-04-04T13:52:12.1279957Z 1062eadcdc7d: Verifying Checksum
General & Infrastructure	UNKNOWN STEP	2026-04-04T13:52:12.1284736Z 1062eadcdc7d: Download complete
General & Infrastructure	UNKNOWN STEP	2026-04-04T13:52:12.1346892Z d12341ef4ed7: Verifying Checksum
General & Infrastructure	UNKNOWN STEP	2026-04-04T13:52:12.1348011Z d12341ef4ed7: Download complete
General & Infrastructure	UNKNOWN STEP	2026-04-04T13:52:12.1452129Z 0180048b5c67: Verifying Checksum
General & Infrastructure	UNKNOWN STEP	2026-04-04T13:52:12.1453852Z 0180048b5c67: Download complete
General & Infrastructure	UNKNOWN STEP	2026-04-04T13:52:12.1924132Z 3f242abd9c8e: Verifying Checksum
General & Infrastructure	UNKNOWN STEP	2026-04-04T13:52:12.1927455Z 3f242abd9c8e: Download complete
General & Infrastructure	UNKNOWN STEP	2026-04-04T13:52:15.1352873Z 0805a1082be0: Pull complete
General & Infrastructure	UNKNOWN STEP	2026-04-04T13:52:15.7314982Z 3566efde290b: Pull complete
General & Infrastructure	UNKNOWN STEP	2026-04-04T13:52:15.7447921Z 2800a7aef8b1: Pull complete
General & Infrastructure	UNKNOWN STEP	2026-04-04T13:52:16.2610677Z f420ae9f738c: Pull complete
General & Infrastructure	UNKNOWN STEP	2026-04-04T13:52:16.3354139Z 539ad613ffba: Pull complete
General & Infrastructure	UNKNOWN STEP	2026-04-04T13:52:16.4570551Z 1062eadcdc7d: Pull complete
General & Infrastructure	UNKNOWN STEP	2026-04-04T13:52:16.5236458Z d12341ef4ed7: Pull complete
General & Infrastructure	UNKNOWN STEP	2026-04-04T13:52:16.5651674Z 0180048b5c67: Pull complete
General & Infrastructure	UNKNOWN STEP	2026-04-04T13:52:16.5757485Z 3f242abd9c8e: Pull complete
General & Infrastructure	UNKNOWN STEP	2026-04-04T13:52:16.5827477Z Digest: sha256:918481e3b42182d1671c5807d57ed356203e11e96fa679f4f9a8a7b5a65152d9
General & Infrastructure	UNKNOWN STEP	2026-04-04T13:52:16.5844746Z Status: Downloaded newer image for ghcr.io/reviewdog/action-actionlint:v1.72.0
General & Infrastructure	UNKNOWN STEP	2026-04-04T13:52:16.5854625Z ghcr.io/reviewdog/action-actionlint:v1.72.0
General & Infrastructure	UNKNOWN STEP	2026-04-04T13:52:16.5879236Z ##[endgroup]
General & Infrastructure	UNKNOWN STEP	2026-04-04T13:52:16.5940141Z ##[group]Pull down action image 'wagoid/commitlint-github-action:5.5.1'
General & Infrastructure	UNKNOWN STEP	2026-04-04T13:52:16.5941211Z ##[command]/usr/bin/docker pull wagoid/commitlint-github-action:5.5.1
General & Infrastructure	UNKNOWN STEP	2026-04-04T13:52:16.8188076Z 5.5.1: Pulling from wagoid/commitlint-github-action
General & Infrastructure	UNKNOWN STEP	2026-04-04T13:52:16.8188930Z 9398808236ff: Pulling fs layer
General & Infrastructure	UNKNOWN STEP	2026-04-04T13:52:16.8191451Z 68e4fb3bab38: Pulling fs layer
General & Infrastructure	UNKNOWN STEP	2026-04-04T13:52:16.8192019Z 4fbc6a1c66ab: Pulling fs layer
General & Infrastructure	UNKNOWN STEP	2026-04-04T13:52:16.8192487Z 94584f9afe0f: Pulling fs layer
General & Infrastructure	UNKNOWN STEP	2026-04-04T13:52:16.8192953Z 909db87bbd60: Pulling fs layer
General & Infrastructure	UNKNOWN STEP	2026-04-04T13:52:16.8193375Z 689f42122cf4: Pulling fs layer
General & Infrastructure	UNKNOWN STEP	2026-04-04T13:52:16.8193771Z 7ecbb23e6531: Pulling fs layer
General & Infrastructure	UNKNOWN STEP	2026-04-04T13:52:16.8194204Z 4399540f43c1: Pulling fs layer
General & Infrastructure	UNKNOWN STEP	2026-04-04T13:52:16.8194607Z 28ad51cb529b: Pulling fs layer
General & Infrastructure	UNKNOWN STEP	2026-04-04T13:52:16.8195015Z 94584f9afe0f: Waiting
General & Infrastructure	UNKNOWN STEP	2026-04-04T13:52:16.8195395Z 909db87bbd60: Waiting
General & Infrastructure	UNKNOWN STEP	2026-04-04T13:52:16.8195784Z 689f42122cf4: Waiting
General & Infrastructure	UNKNOWN STEP	2026-04-04T13:52:16.8196267Z 7ecbb23e6531: Waiting
General & Infrastructure	UNKNOWN STEP	2026-04-04T13:52:16.8196636Z 4399540f43c1: Waiting
General & Infrastructure	UNKNOWN STEP	2026-04-04T13:52:16.8197154Z 28ad51cb529b: Waiting
General & Infrastructure	UNKNOWN STEP	2026-04-04T13:52:16.9092264Z 4fbc6a1c66ab: Verifying Checksum
General & Infrastructure	UNKNOWN STEP	2026-04-04T13:52:16.9092834Z 4fbc6a1c66ab: Download complete
General & Infrastructure	UNKNOWN STEP	2026-04-04T13:52:16.9109731Z 9398808236ff: Verifying Checksum
General & Infrastructure	UNKNOWN STEP	2026-04-04T13:52:16.9110650Z 9398808236ff: Download complete
General & Infrastructure	UNKNOWN STEP	2026-04-04T13:52:16.9706087Z 94584f9afe0f: Verifying Checksum
General & Infrastructure	UNKNOWN STEP	2026-04-04T13:52:16.9708107Z 94584f9afe0f: Download complete
General & Infrastructure	UNKNOWN STEP	2026-04-04T13:52:17.0312765Z 689f42122cf4: Verifying Checksum
General & Infrastructure	UNKNOWN STEP	2026-04-04T13:52:17.0314244Z 689f42122cf4: Download complete
General & Infrastructure	UNKNOWN STEP	2026-04-04T13:52:17.0546129Z 909db87bbd60: Verifying Checksum
General & Infrastructure	UNKNOWN STEP	2026-04-04T13:52:17.0552641Z 909db87bbd60: Download complete
General & Infrastructure	UNKNOWN STEP	2026-04-04T13:52:17.0583005Z 68e4fb3bab38: Verifying Checksum
General & Infrastructure	UNKNOWN STEP	2026-04-04T13:52:17.0584732Z 68e4fb3bab38: Download complete
General & Infrastructure	UNKNOWN STEP	2026-04-04T13:52:17.0840963Z 9398808236ff: Pull complete
General & Infrastructure	UNKNOWN STEP	2026-04-04T13:52:17.1192378Z 28ad51cb529b: Verifying Checksum
General & Infrastructure	UNKNOWN STEP	2026-04-04T13:52:17.1195467Z 28ad51cb529b: Download complete
General & Infrastructure	UNKNOWN STEP	2026-04-04T13:52:17.1208773Z 7ecbb23e6531: Verifying Checksum
General & Infrastructure	UNKNOWN STEP	2026-04-04T13:52:17.1210659Z 7ecbb23e6531: Download complete
General & Infrastructure	UNKNOWN STEP	2026-04-04T13:52:17.4210990Z 4399540f43c1: Verifying Checksum
General & Infrastructure	UNKNOWN STEP	2026-04-04T13:52:17.4211481Z 4399540f43c1: Download complete
General & Infrastructure	UNKNOWN STEP	2026-04-04T13:52:18.5454776Z 68e4fb3bab38: Pull complete
General & Infrastructure	UNKNOWN STEP	2026-04-04T13:52:18.6043700Z 4fbc6a1c66ab: Pull complete
General & Infrastructure	UNKNOWN STEP	2026-04-04T13:52:18.6201920Z 94584f9afe0f: Pull complete
General & Infrastructure	UNKNOWN STEP	2026-04-04T13:52:18.7931771Z 909db87bbd60: Pull complete
General & Infrastructure	UNKNOWN STEP	2026-04-04T13:52:18.8066241Z 689f42122cf4: Pull complete
General & Infrastructure	UNKNOWN STEP	2026-04-04T13:52:18.8198716Z 7ecbb23e6531: Pull complete
General & Infrastructure	UNKNOWN STEP	2026-04-04T13:52:22.9572973Z 4399540f43c1: Pull complete
General & Infrastructure	UNKNOWN STEP	2026-04-04T13:52:22.9709834Z 28ad51cb529b: Pull complete
General & Infrastructure	UNKNOWN STEP	2026-04-04T13:52:22.9748604Z Digest: sha256:376e134b3f9f4c9674a644253b15b848d954ca7d382d4e1741133a51ab037eca
General & Infrastructure	UNKNOWN STEP	2026-04-04T13:52:22.9762756Z Status: Downloaded newer image for wagoid/commitlint-github-action:5.5.1
General & Infrastructure	UNKNOWN STEP	2026-04-04T13:52:22.9771377Z docker.io/wagoid/commitlint-github-action:5.5.1
General & Infrastructure	UNKNOWN STEP	2026-04-04T13:52:22.9785579Z ##[endgroup]
General & Infrastructure	UNKNOWN STEP	2026-04-04T13:52:22.9809205Z ##[group]Build container for action use: '/home/runner/work/_actions/reviewdog/action-detect-secrets/v0/Dockerfile'.
General & Infrastructure	UNKNOWN STEP	2026-04-04T13:52:22.9815513Z ##[command]/usr/bin/docker build -t c7c37d:afec98b3df5342b3b0811a71d14d624a -f "/home/runner/work/_actions/reviewdog/action-detect-secrets/v0/Dockerfile" "/home/runner/work/_actions/reviewdog/action-detect-secrets/v0"
General & Infrastructure	UNKNOWN STEP	2026-04-04T13:52:23.4097329Z #0 building with "default" instance using docker driver
General & Infrastructure	UNKNOWN STEP	2026-04-04T13:52:23.4097805Z 
General & Infrastructure	UNKNOWN STEP	2026-04-04T13:52:23.4097966Z #1 [internal] load build definition from Dockerfile
General & Infrastructure	UNKNOWN STEP	2026-04-04T13:52:23.4098309Z #1 transferring dockerfile: 473B done
General & Infrastructure	UNKNOWN STEP	2026-04-04T13:52:23.4098579Z #1 DONE 0.0s
General & Infrastructure	UNKNOWN STEP	2026-04-04T13:52:23.4098691Z 
General & Infrastructure	UNKNOWN STEP	2026-04-04T13:52:23.4098877Z #2 [auth] library/python:pull token for registry-1.docker.io
General & Infrastructure	UNKNOWN STEP	2026-04-04T13:52:23.4099232Z #2 DONE 0.0s
General & Infrastructure	UNKNOWN STEP	2026-04-04T13:52:23.4099345Z 
General & Infrastructure	UNKNOWN STEP	2026-04-04T13:52:23.4099536Z #3 [internal] load metadata for docker.io/library/python:3.14.0-alpine
General & Infrastructure	UNKNOWN STEP	2026-04-04T13:52:23.5783068Z #3 DONE 0.3s
General & Infrastructure	UNKNOWN STEP	2026-04-04T13:52:23.6997506Z 
General & Infrastructure	UNKNOWN STEP	2026-04-04T13:52:23.6998520Z #4 [internal] load .dockerignore
General & Infrastructure	UNKNOWN STEP	2026-04-04T13:52:23.6999215Z #4 transferring context: 2B done
General & Infrastructure	UNKNOWN STEP	2026-04-04T13:52:23.6999664Z #4 DONE 0.0s
General & Infrastructure	UNKNOWN STEP	2026-04-04T13:52:23.6999879Z 
General & Infrastructure	UNKNOWN STEP	2026-04-04T13:52:23.7000031Z #5 [internal] load build context
General & Infrastructure	UNKNOWN STEP	2026-04-04T13:52:23.7000891Z #5 transferring context: 3.44kB done
General & Infrastructure	UNKNOWN STEP	2026-04-04T13:52:23.7001427Z #5 DONE 0.0s
General & Infrastructure	UNKNOWN STEP	2026-04-04T13:52:23.7001726Z 
General & Infrastructure	UNKNOWN STEP	2026-04-04T13:52:23.7002575Z #6 [1/4] FROM docker.io/library/python:3.14.0-alpine@sha256:8373231e1e906ddfb457748bfc032c4c06ada8c759b7b62d9c73ec2a3c56e710
General & Infrastructure	UNKNOWN STEP	2026-04-04T13:52:23.7005268Z #6 resolve docker.io/library/python:3.14.0-alpine@sha256:8373231e1e906ddfb457748bfc032c4c06ada8c759b7b62d9c73ec2a3c56e710 done
General & Infrastructure	UNKNOWN STEP	2026-04-04T13:52:23.7007157Z #6 extracting sha256:2d35ebdb57d9971fea0cac1582aa78935adf8058b2cc32db163c98822e5dfa1b
General & Infrastructure	UNKNOWN STEP	2026-04-04T13:52:23.7008806Z #6 sha256:13839c1b2c2fc819a0ebcba5bbfcb61b3d29976827c3c86062f87186660baa70 0B / 250B 0.1s
General & Infrastructure	UNKNOWN STEP	2026-04-04T13:52:23.7010700Z #6 sha256:8373231e1e906ddfb457748bfc032c4c06ada8c759b7b62d9c73ec2a3c56e710 10.29kB / 10.29kB done
General & Infrastructure	UNKNOWN STEP	2026-04-04T13:52:23.7012393Z #6 sha256:da0af7e1f95f7612c15858b627b151edde12a97b6ae60731a82c4849bd9c5b2c 1.73kB / 1.73kB done
General & Infrastructure	UNKNOWN STEP	2026-04-04T13:52:23.7013643Z #6 sha256:24ef78ff5ffe3f0b75661012741566f58f76e8109513be875a237d0a7b19b073 4.62kB / 4.62kB done
General & Infrastructure	UNKNOWN STEP	2026-04-04T13:52:23.7014719Z #6 sha256:2d35ebdb57d9971fea0cac1582aa78935adf8058b2cc32db163c98822e5dfa1b 3.80MB / 3.80MB 0.1s done
General & Infrastructure	UNKNOWN STEP	2026-04-04T13:52:23.7018127Z #6 sha256:86d375910f52b7c453db7c1e2135c1536210eb84825e8505b1c9e5a34faaf57a 456.92kB / 456.92kB 0.1s done
General & Infrastructure	UNKNOWN STEP	2026-04-04T13:52:23.7019293Z #6 sha256:facdf984afd18f7f52714321a1e8915796191dd98798aef5d1f77a85507e830d 3.15MB / 13.23MB 0.1s
General & Infrastructure	UNKNOWN STEP	2026-04-04T13:52:23.8733428Z #6 extracting sha256:2d35ebdb57d9971fea0cac1582aa78935adf8058b2cc32db163c98822e5dfa1b 0.1s done
General & Infrastructure	UNKNOWN STEP	2026-04-04T13:52:23.8735322Z #6 sha256:13839c1b2c2fc819a0ebcba5bbfcb61b3d29976827c3c86062f87186660baa70 250B / 250B 0.1s done
General & Infrastructure	UNKNOWN STEP	2026-04-04T13:52:23.8736314Z #6 sha256:facdf984afd18f7f52714321a1e8915796191dd98798aef5d1f77a85507e830d 13.23MB / 13.23MB 0.2s done
General & Infrastructure	UNKNOWN STEP	2026-04-04T13:52:23.8737547Z #6 extracting sha256:86d375910f52b7c453db7c1e2135c1536210eb84825e8505b1c9e5a34faaf57a 0.1s done
General & Infrastructure	UNKNOWN STEP	2026-04-04T13:52:24.0097313Z #6 extracting sha256:facdf984afd18f7f52714321a1e8915796191dd98798aef5d1f77a85507e830d
General & Infrastructure	UNKNOWN STEP	2026-04-04T13:52:24.6012602Z #6 extracting sha256:facdf984afd18f7f52714321a1e8915796191dd98798aef5d1f77a85507e830d 0.5s done
General & Infrastructure	UNKNOWN STEP	2026-04-04T13:52:24.6013542Z #6 extracting sha256:13839c1b2c2fc819a0ebcba5bbfcb61b3d29976827c3c86062f87186660baa70
General & Infrastructure	UNKNOWN STEP	2026-04-04T13:52:24.7809255Z #6 extracting sha256:13839c1b2c2fc819a0ebcba5bbfcb61b3d29976827c3c86062f87186660baa70 done
General & Infrastructure	UNKNOWN STEP	2026-04-04T13:52:24.7809985Z #6 DONE 1.0s
General & Infrastructure	UNKNOWN STEP	2026-04-04T13:52:24.7810335Z 
General & Infrastructure	UNKNOWN STEP	2026-04-04T13:52:24.7812275Z #7 [2/4] RUN apk --no-cache add git gcc musl-dev   && wget -O - -q https://raw.githubusercontent.com/reviewdog/reviewdog/fd59714416d6d9a1c0692d872e38e7f8448df4fc/install.sh| sh -s -- -b /usr/local/bin/ v0.21.0   && pip install detect-secrets[word_list]
General & Infrastructure	UNKNOWN STEP	2026-04-04T13:52:24.7949957Z #7 0.164 fetch https://dl-cdn.alpinelinux.org/alpine/v3.22/main/x86_64/APKINDEX.tar.gz
General & Infrastructure	UNKNOWN STEP	2026-04-04T13:52:25.0154671Z #7 0.234 fetch https://dl-cdn.alpinelinux.org/alpine/v3.22/community/x86_64/APKINDEX.tar.gz
General & Infrastructure	UNKNOWN STEP	2026-04-04T13:52:25.1845435Z #7 0.554 (1/23) Installing libgcc (14.2.0-r6)
General & Infrastructure	UNKNOWN STEP	2026-04-04T13:52:25.2976017Z #7 0.561 (2/23) Installing jansson (2.14.1-r0)
General & Infrastructure	UNKNOWN STEP	2026-04-04T13:52:25.2976488Z #7 0.565 (3/23) Installing libstdc++ (14.2.0-r6)
General & Infrastructure	UNKNOWN STEP	2026-04-04T13:52:25.2976868Z #7 0.585 (4/23) Installing binutils (2.44-r3)
General & Infrastructure	UNKNOWN STEP	2026-04-04T13:52:25.2977228Z #7 0.667 (5/23) Installing libgomp (14.2.0-r6)
General & Infrastructure	UNKNOWN STEP	2026-04-04T13:52:25.5063734Z #7 0.681 (6/23) Installing libatomic (14.2.0-r6)
General & Infrastructure	UNKNOWN STEP	2026-04-04T13:52:25.5064276Z #7 0.686 (7/23) Installing gmp (6.3.0-r3)
General & Infrastructure	UNKNOWN STEP	2026-04-04T13:52:25.5064716Z #7 0.694 (8/23) Installing isl26 (0.26-r1)
General & Infrastructure	UNKNOWN STEP	2026-04-04T13:52:25.5065163Z #7 0.711 (9/23) Installing mpfr4 (4.2.1_p1-r0)
General & Infrastructure	UNKNOWN STEP	2026-04-04T13:52:25.5065613Z #7 0.720 (10/23) Installing mpc1 (1.3.1-r1)
General & Infrastructure	UNKNOWN STEP	2026-04-04T13:52:25.5066064Z #7 0.725 (11/23) Installing gcc (14.2.0-r6)
General & Infrastructure	UNKNOWN STEP	2026-04-04T13:52:26.3146710Z #7 1.684 (12/23) Installing brotli-libs (1.1.0-r2)
General & Infrastructure	UNKNOWN STEP	2026-04-04T13:52:26.4493004Z #7 1.697 (13/23) Installing c-ares (1.34.6-r0)
General & Infrastructure	UNKNOWN STEP	2026-04-04T13:52:26.4493481Z #7 1.701 (14/23) Installing libunistring (1.3-r0)
General & Infrastructure	UNKNOWN STEP	2026-04-04T13:52:26.4493983Z #7 1.714 (15/23) Installing libidn2 (2.3.7-r0)
General & Infrastructure	UNKNOWN STEP	2026-04-04T13:52:26.4494451Z #7 1.719 (16/23) Installing nghttp2-libs (1.65.0-r0)
General & Infrastructure	UNKNOWN STEP	2026-04-04T13:52:26.4494932Z #7 1.723 (17/23) Installing libpsl (0.21.5-r3)
General & Infrastructure	UNKNOWN STEP	2026-04-04T13:52:26.4495395Z #7 1.727 (18/23) Installing libcurl (8.14.1-r2)
General & Infrastructure	UNKNOWN STEP	2026-04-04T13:52:26.4495838Z #7 1.736 (19/23) Installing libexpat (2.7.5-r0)
General & Infrastructure	UNKNOWN STEP	2026-04-04T13:52:26.4496352Z #7 1.742 (20/23) Installing pcre2 (10.46-r0)
General & Infrastructure	UNKNOWN STEP	2026-04-04T13:52:26.4496799Z #7 1.751 (21/23) Installing git (2.49.1-r0)
General & Infrastructure	UNKNOWN STEP	2026-04-04T13:52:26.4497281Z #7 1.819 (22/23) Installing git-init-template (2.49.1-r0)
General & Infrastructure	UNKNOWN STEP	2026-04-04T13:52:26.6576825Z #7 1.827 (23/23) Installing musl-dev (1.2.5-r10)
General & Infrastructure	UNKNOWN STEP	2026-04-04T13:52:26.6577313Z #7 1.899 Executing busybox-1.37.0-r19.trigger
General & Infrastructure	UNKNOWN STEP	2026-04-04T13:52:26.6577603Z #7 1.907 OK: 186 MiB in 53 packages
General & Infrastructure	UNKNOWN STEP	2026-04-04T13:52:26.6577951Z #7 2.027 reviewdog/reviewdog info checking GitHub for tag 'v0.21.0'
General & Infrastructure	UNKNOWN STEP	2026-04-04T13:52:26.8190430Z #7 2.189 reviewdog/reviewdog info found version: 0.21.0 for v0.21.0/Linux/x86_64
General & Infrastructure	UNKNOWN STEP	2026-04-04T13:52:27.2347222Z #7 2.604 reviewdog/reviewdog info installed /usr/local/bin//reviewdog
General & Infrastructure	UNKNOWN STEP	2026-04-04T13:52:29.8201382Z #7 5.190 Collecting detect-secrets[word_list]
General & Infrastructure	UNKNOWN STEP	2026-04-04T13:52:29.9262338Z #7 5.226   Downloading detect_secrets-1.5.0-py3-none-any.whl.metadata (23 kB)
General & Infrastructure	UNKNOWN STEP	2026-04-04T13:52:29.9263078Z #7 5.289 Collecting pyyaml (from detect-secrets[word_list])
General & Infrastructure	UNKNOWN STEP	2026-04-04T13:52:29.9263636Z #7 5.296   Downloading pyyaml-6.0.3-cp314-cp314-musllinux_1_2_x86_64.whl.metadata (2.4 kB)
General & Infrastructure	UNKNOWN STEP	2026-04-04T13:52:30.1420727Z #7 5.332 Collecting requests (from detect-secrets[word_list])
General & Infrastructure	UNKNOWN STEP	2026-04-04T13:52:30.1422841Z #7 5.337   Downloading requests-2.33.1-py3-none-any.whl.metadata (4.8 kB)
General & Infrastructure	UNKNOWN STEP	2026-04-04T13:52:30.1423643Z #7 5.365 Collecting pyahocorasick (from detect-secrets[word_list])
General & Infrastructure	UNKNOWN STEP	2026-04-04T13:52:30.1424823Z #7 5.371   Downloading pyahocorasick-2.3.0-cp314-cp314-musllinux_1_2_x86_64.whl.metadata (13 kB)
General & Infrastructure	UNKNOWN STEP	2026-04-04T13:52:30.1425815Z #7 5.511 Collecting charset_normalizer<4,>=2 (from requests->detect-secrets[word_list])
General & Infrastructure	UNKNOWN STEP	2026-04-04T13:52:30.2839549Z #7 5.517   Downloading charset_normalizer-3.4.7-cp314-cp314-musllinux_1_2_x86_64.whl.metadata (40 kB)
General & Infrastructure	UNKNOWN STEP	2026-04-04T13:52:30.2840761Z #7 5.653 Collecting idna<4,>=2.5 (from requests->detect-secrets[word_list])
General & Infrastructure	UNKNOWN STEP	2026-04-04T13:52:30.3883259Z #7 5.658   Downloading idna-3.11-py3-none-any.whl.metadata (8.4 kB)
General & Infrastructure	UNKNOWN STEP	2026-04-04T13:52:30.3884405Z #7 5.694 Collecting urllib3<3,>=1.26 (from requests->detect-secrets[word_list])
General & Infrastructure	UNKNOWN STEP	2026-04-04T13:52:30.3885290Z #7 5.699   Downloading urllib3-2.6.3-py3-none-any.whl.metadata (6.9 kB)
General & Infrastructure	UNKNOWN STEP	2026-04-04T13:52:30.3886320Z #7 5.727 Collecting certifi>=2023.5.7 (from requests->detect-secrets[word_list])
General & Infrastructure	UNKNOWN STEP	2026-04-04T13:52:30.3887503Z #7 5.731   Downloading certifi-2026.2.25-py3-none-any.whl.metadata (2.5 kB)
General & Infrastructure	UNKNOWN STEP	2026-04-04T13:52:30.3888317Z #7 5.744 Downloading detect_secrets-1.5.0-py3-none-any.whl (120 kB)
General & Infrastructure	UNKNOWN STEP	2026-04-04T13:52:30.3889211Z #7 5.758 Downloading pyahocorasick-2.3.0-cp314-cp314-musllinux_1_2_x86_64.whl (117 kB)
General & Infrastructure	UNKNOWN STEP	2026-04-04T13:52:30.4898405Z #7 5.767 Downloading pyyaml-6.0.3-cp314-cp314-musllinux_1_2_x86_64.whl (789 kB)
General & Infrastructure	UNKNOWN STEP	2026-04-04T13:52:30.4899284Z #7 5.778    ━━━━━━━━━━━━━━━━━━━━━━━━━━━━━━━━━━━━━━━━ 789.2/789.2 kB 66.6 MB/s  0:00:00
General & Infrastructure	UNKNOWN STEP	2026-04-04T13:52:30.4899978Z #7 5.783 Downloading requests-2.33.1-py3-none-any.whl (64 kB)
General & Infrastructure	UNKNOWN STEP	2026-04-04T13:52:30.4901060Z #7 5.792 Downloading charset_normalizer-3.4.7-cp314-cp314-musllinux_1_2_x86_64.whl (217 kB)
General & Infrastructure	UNKNOWN STEP	2026-04-04T13:52:30.4901892Z #7 5.799 Downloading idna-3.11-py3-none-any.whl (71 kB)
General & Infrastructure	UNKNOWN STEP	2026-04-04T13:52:30.4902634Z #7 5.806 Downloading urllib3-2.6.3-py3-none-any.whl (131 kB)
General & Infrastructure	UNKNOWN STEP	2026-04-04T13:52:30.4903348Z #7 5.814 Downloading certifi-2026.2.25-py3-none-any.whl (153 kB)
General & Infrastructure	UNKNOWN STEP	2026-04-04T13:52:30.4904570Z #7 5.859 Installing collected packages: urllib3, pyyaml, pyahocorasick, idna, charset_normalizer, certifi, requests, detect-secrets
General & Infrastructure	UNKNOWN STEP	2026-04-04T13:52:31.1314468Z #7 6.501 
General & Infrastructure	UNKNOWN STEP	2026-04-04T13:52:31.3581444Z #7 6.504 Successfully installed certifi-2026.2.25 charset_normalizer-3.4.7 detect-secrets-1.5.0 idna-3.11 pyahocorasick-2.3.0 pyyaml-6.0.3 requests-2.33.1 urllib3-2.6.3
General & Infrastructure	UNKNOWN STEP	2026-04-04T13:52:31.3584583Z #7 6.504 WARNING: Running pip as the 'root' user can result in broken permissions and conflicting behaviour with the system package manager, possibly rendering your system unusable. It is recommended to use a virtual environment instead: https://pip.pypa.io/warnings/venv. Use the --root-user-action option if you know what you are doing and want to suppress this warning.
General & Infrastructure	UNKNOWN STEP	2026-04-04T13:52:31.3586978Z #7 6.576 
General & Infrastructure	UNKNOWN STEP	2026-04-04T13:52:31.3587416Z #7 6.576 [notice] A new release of pip is available: 25.2 -> 26.0.1
General & Infrastructure	UNKNOWN STEP	2026-04-04T13:52:31.3588067Z #7 6.576 [notice] To update, run: pip install --upgrade pip
General & Infrastructure	UNKNOWN STEP	2026-04-04T13:52:31.3650071Z #7 DONE 6.7s
General & Infrastructure	UNKNOWN STEP	2026-04-04T13:52:31.5556275Z 
General & Infrastructure	UNKNOWN STEP	2026-04-04T13:52:31.5557492Z #8 [3/4] COPY baseline2rdf.py /usr/local/bin/baseline2rdf
General & Infrastructure	UNKNOWN STEP	2026-04-04T13:52:31.5559233Z #8 DONE 0.0s
General & Infrastructure	UNKNOWN STEP	2026-04-04T13:52:31.5559681Z 
General & Infrastructure	UNKNOWN STEP	2026-04-04T13:52:31.5559934Z #9 [4/4] COPY entrypoint.sh /entrypoint.sh
General & Infrastructure	UNKNOWN STEP	2026-04-04T13:52:31.5560449Z #9 DONE 0.0s
General & Infrastructure	UNKNOWN STEP	2026-04-04T13:52:31.5560987Z 
General & Infrastructure	UNKNOWN STEP	2026-04-04T13:52:31.5561143Z #10 exporting to image
General & Infrastructure	UNKNOWN STEP	2026-04-04T13:52:31.5561511Z #10 exporting layers
General & Infrastructure	UNKNOWN STEP	2026-04-04T13:52:32.1850295Z #10 exporting layers 0.8s done
General & Infrastructure	UNKNOWN STEP	2026-04-04T13:52:32.2084031Z #10 writing image sha256:baeb0fa2709f367509a6bab6c0c33bda313663e2796f3b0e95973d4664c60483 done
General & Infrastructure	UNKNOWN STEP	2026-04-04T13:52:32.2085074Z #10 naming to docker.io/library/c7c37d:afec98b3df5342b3b0811a71d14d624a done
General & Infrastructure	UNKNOWN STEP	2026-04-04T13:52:32.2085853Z #10 DONE 0.8s
General & Infrastructure	UNKNOWN STEP	2026-04-04T13:52:32.2147650Z ##[endgroup]
General & Infrastructure	UNKNOWN STEP	2026-04-04T13:52:32.2165041Z ##[group]Build container for action use: '/home/runner/work/_actions/reviewdog/action-misspell/v1/Dockerfile'.
General & Infrastructure	UNKNOWN STEP	2026-04-04T13:52:32.2167831Z ##[command]/usr/bin/docker build -t c7c37d:5c939e6790cd4580b224503c369146e5 -f "/home/runner/work/_actions/reviewdog/action-misspell/v1/Dockerfile" "/home/runner/work/_actions/reviewdog/action-misspell/v1"
General & Infrastructure	UNKNOWN STEP	2026-04-04T13:52:32.4981484Z #0 building with "default" instance using docker driver
General & Infrastructure	UNKNOWN STEP	2026-04-04T13:52:32.4981927Z 
General & Infrastructure	UNKNOWN STEP	2026-04-04T13:52:32.4982072Z #1 [internal] load build definition from Dockerfile
General & Infrastructure	UNKNOWN STEP	2026-04-04T13:52:32.4982408Z #1 transferring dockerfile: 649B done
General & Infrastructure	UNKNOWN STEP	2026-04-04T13:52:32.4982675Z #1 DONE 0.0s
General & Infrastructure	UNKNOWN STEP	2026-04-04T13:52:32.4982784Z 
General & Infrastructure	UNKNOWN STEP	2026-04-04T13:52:32.4982939Z #2 [auth] library/debian:pull token for registry-1.docker.io
General & Infrastructure	UNKNOWN STEP	2026-04-04T13:52:32.4983273Z #2 DONE 0.0s
General & Infrastructure	UNKNOWN STEP	2026-04-04T13:52:32.4983379Z 
General & Infrastructure	UNKNOWN STEP	2026-04-04T13:52:32.4983576Z #3 [internal] load metadata for docker.io/library/debian:bullseye-slim
General & Infrastructure	UNKNOWN STEP	2026-04-04T13:52:32.5807400Z #3 DONE 0.2s
General & Infrastructure	UNKNOWN STEP	2026-04-04T13:52:32.6972596Z 
General & Infrastructure	UNKNOWN STEP	2026-04-04T13:52:32.6973086Z #4 [internal] load .dockerignore
General & Infrastructure	UNKNOWN STEP	2026-04-04T13:52:32.6973580Z #4 transferring context: 2B done
General & Infrastructure	UNKNOWN STEP	2026-04-04T13:52:32.6973972Z #4 DONE 0.0s
General & Infrastructure	UNKNOWN STEP	2026-04-04T13:52:32.6974122Z 
General & Infrastructure	UNKNOWN STEP	2026-04-04T13:52:32.6974212Z #5 [internal] load build context
General & Infrastructure	UNKNOWN STEP	2026-04-04T13:52:32.6974470Z #5 transferring context: 1.18kB done
General & Infrastructure	UNKNOWN STEP	2026-04-04T13:52:32.6974743Z #5 DONE 0.0s
General & Infrastructure	UNKNOWN STEP	2026-04-04T13:52:32.6974862Z 
General & Infrastructure	UNKNOWN STEP	2026-04-04T13:52:32.6975286Z #6 [1/5] FROM docker.io/library/debian:bullseye-slim@sha256:95a3884fee36b8f33bf32a6bbffa8dffe6cab6089b841cec45fb47c581a2709d
General & Infrastructure	UNKNOWN STEP	2026-04-04T13:52:32.6976232Z #6 resolve docker.io/library/debian:bullseye-slim@sha256:95a3884fee36b8f33bf32a6bbffa8dffe6cab6089b841cec45fb47c581a2709d done
General & Infrastructure	UNKNOWN STEP	2026-04-04T13:52:32.6977089Z #6 sha256:95a3884fee36b8f33bf32a6bbffa8dffe6cab6089b841cec45fb47c581a2709d 4.54kB / 4.54kB done
General & Infrastructure	UNKNOWN STEP	2026-04-04T13:52:32.6977792Z #6 sha256:040964add8da2d945de53cd2b29aa3fd2aa402b6d6de437aca2edbeb9d1cf3f4 1.02kB / 1.02kB done
General & Infrastructure	UNKNOWN STEP	2026-04-04T13:52:32.6978468Z #6 sha256:fa549c2c1e9dc41640ca6b8cc341cb54b21800e7a8824ab3ee0765ed52b65bfb 453B / 453B done
General & Infrastructure	UNKNOWN STEP	2026-04-04T13:52:32.6979192Z #6 sha256:2def39ba61d018877eab029bb49f5312188fcf3f564be382981f921d932f625f 1.05MB / 30.26MB 0.1s
General & Infrastructure	UNKNOWN STEP	2026-04-04T13:52:32.8805470Z #6 sha256:2def39ba61d018877eab029bb49f5312188fcf3f564be382981f921d932f625f 13.63MB / 30.26MB 0.2s
General & Infrastructure	UNKNOWN STEP	2026-04-04T13:52:32.8806354Z #6 extracting sha256:2def39ba61d018877eab029bb49f5312188fcf3f564be382981f921d932f625f
General & Infrastructure	UNKNOWN STEP	2026-04-04T13:52:32.9821711Z #6 sha256:2def39ba61d018877eab029bb49f5312188fcf3f564be382981f921d932f625f 30.26MB / 30.26MB 0.3s done
General & Infrastructure	UNKNOWN STEP	2026-04-04T13:52:34.0724366Z #6 extracting sha256:2def39ba61d018877eab029bb49f5312188fcf3f564be382981f921d932f625f 1.2s done
General & Infrastructure	UNKNOWN STEP	2026-04-04T13:52:34.2515899Z #6 DONE 1.5s
General & Infrastructure	UNKNOWN STEP	2026-04-04T13:52:34.2516088Z 
General & Infrastructure	UNKNOWN STEP	2026-04-04T13:52:34.2516668Z #7 [2/5] RUN apt-get update     && apt-get install -y --no-install-recommends         ca-certificates         git         wget     && apt-get clean     && rm -rf /var/lib/apt/lists/*
General & Infrastructure	UNKNOWN STEP	2026-04-04T13:52:34.4613124Z #7 0.360 Get:1 http://deb.debian.org/debian bullseye InRelease [75.1 kB]
General & Infrastructure	UNKNOWN STEP	2026-04-04T13:52:34.5617672Z #7 0.370 Get:2 http://deb.debian.org/debian-security bullseye-security InRelease [27.2 kB]
General & Infrastructure	UNKNOWN STEP	2026-04-04T13:52:34.5618669Z #7 0.370 Get:3 http://deb.debian.org/debian bullseye-updates InRelease [44.0 kB]
General & Infrastructure	UNKNOWN STEP	2026-04-04T13:52:34.5619476Z #7 0.461 Get:4 http://deb.debian.org/debian bullseye/main amd64 Packages [8066 kB]
General & Infrastructure	UNKNOWN STEP	2026-04-04T13:52:34.6645606Z #7 0.563 Get:5 http://deb.debian.org/debian-security bullseye-security/main amd64 Packages [446 kB]
General & Infrastructure	UNKNOWN STEP	2026-04-04T13:52:34.9136758Z #7 0.662 Get:6 http://deb.debian.org/debian bullseye-updates/main amd64 Packages [18.8 kB]
General & Infrastructure	UNKNOWN STEP	2026-04-04T13:52:35.5150490Z #7 1.414 Fetched 8677 kB in 1s (8094 kB/s)
General & Infrastructure	UNKNOWN STEP	2026-04-04T13:52:35.9355530Z #7 1.414 Reading package lists...
General & Infrastructure	UNKNOWN STEP	2026-04-04T13:52:36.3641350Z #7 1.854 Reading package lists...
General & Infrastructure	UNKNOWN STEP	2026-04-04T13:52:36.4988539Z #7 2.272 Building dependency tree...
General & Infrastructure	UNKNOWN STEP	2026-04-04T13:52:36.4989064Z #7 2.398 Reading state information...
General & Infrastructure	UNKNOWN STEP	2026-04-04T13:52:36.6648831Z #7 2.497 The following additional packages will be installed:
General & Infrastructure	UNKNOWN STEP	2026-04-04T13:52:36.6650449Z #7 2.497   git-man libbrotli1 libcurl3-gnutls liberror-perl libexpat1 libgdbm-compat4
General & Infrastructure	UNKNOWN STEP	2026-04-04T13:52:36.6651396Z #7 2.497   libgdbm6 libldap-2.4-2 libnghttp2-14 libperl5.32 libpsl5 librtmp1 libsasl2-2
General & Infrastructure	UNKNOWN STEP	2026-04-04T13:52:36.6651968Z #7 2.497   libsasl2-modules-db libssh2-1 openssl perl perl-modules-5.32
General & Infrastructure	UNKNOWN STEP	2026-04-04T13:52:36.6652554Z #7 2.498 Suggested packages:
General & Infrastructure	UNKNOWN STEP	2026-04-04T13:52:36.6652919Z #7 2.498   gettext-base git-daemon-run | git-daemon-sysvinit git-doc git-el git-email
General & Infrastructure	UNKNOWN STEP	2026-04-04T13:52:36.6653449Z #7 2.498   git-gui gitk gitweb git-cvs git-mediawiki git-svn gdbm-l10n sensible-utils
General & Infrastructure	UNKNOWN STEP	2026-04-04T13:52:36.6653967Z #7 2.498   perl-doc libterm-readline-gnu-perl | libterm-readline-perl-perl make
General & Infrastructure	UNKNOWN STEP	2026-04-04T13:52:36.6654356Z #7 2.498   libtap-harness-archive-perl
General & Infrastructure	UNKNOWN STEP	2026-04-04T13:52:36.6654616Z #7 2.498 Recommended packages:
General & Infrastructure	UNKNOWN STEP	2026-04-04T13:52:36.6654993Z #7 2.498   patch less ssh-client libldap-common publicsuffix libsasl2-modules netbase
General & Infrastructure	UNKNOWN STEP	2026-04-04T13:52:36.6655424Z #7 2.564 The following NEW packages will be installed:
General & Infrastructure	UNKNOWN STEP	2026-04-04T13:52:36.7657394Z #7 2.564   ca-certificates git git-man libbrotli1 libcurl3-gnutls liberror-perl
General & Infrastructure	UNKNOWN STEP	2026-04-04T13:52:36.7658357Z #7 2.564   libexpat1 libgdbm-compat4 libgdbm6 libldap-2.4-2 libnghttp2-14 libperl5.32
General & Infrastructure	UNKNOWN STEP	2026-04-04T13:52:36.7659276Z #7 2.564   libpsl5 librtmp1 libsasl2-2 libsasl2-modules-db libssh2-1 openssl perl
General & Infrastructure	UNKNOWN STEP	2026-04-04T13:52:36.7661019Z #7 2.564   perl-modules-5.32 wget
General & Infrastructure	UNKNOWN STEP	2026-04-04T13:52:36.7661931Z #7 2.586 0 upgraded, 21 newly installed, 0 to remove and 0 not upgraded.
General & Infrastructure	UNKNOWN STEP	2026-04-04T13:52:36.7662441Z #7 2.586 Need to get 18.3 MB of archives.
General & Infrastructure	UNKNOWN STEP	2026-04-04T13:52:36.7664112Z #7 2.586 After this operation, 94.5 MB of additional disk space will be used.
General & Infrastructure	UNKNOWN STEP	2026-04-04T13:52:36.7665346Z #7 2.586 Get:1 http://deb.debian.org/debian-security bullseye-security/main amd64 perl-modules-5.32 all 5.32.1-4+deb11u4 [2824 kB]
General & Infrastructure	UNKNOWN STEP	2026-04-04T13:52:36.7667443Z #7 2.617 Get:2 http://deb.debian.org/debian bullseye/main amd64 libgdbm6 amd64 1.19-2 [64.9 kB]
General & Infrastructure	UNKNOWN STEP	2026-04-04T13:52:36.7668180Z #7 2.617 Get:3 http://deb.debian.org/debian bullseye/main amd64 libgdbm-compat4 amd64 1.19-2 [44.7 kB]
General & Infrastructure	UNKNOWN STEP	2026-04-04T13:52:36.7668871Z #7 2.618 Get:4 http://deb.debian.org/debian-security bullseye-security/main amd64 libperl5.32 amd64 5.32.1-4+deb11u4 [4132 kB]
General & Infrastructure	UNKNOWN STEP	2026-04-04T13:52:36.7669641Z #7 2.645 Get:5 http://deb.debian.org/debian-security bullseye-security/main amd64 perl amd64 5.32.1-4+deb11u4 [293 kB]
General & Infrastructure	UNKNOWN STEP	2026-04-04T13:52:36.7670648Z #7 2.647 Get:6 http://deb.debian.org/debian-security bullseye-security/main amd64 openssl amd64 1.1.1w-0+deb11u5 [859 kB]
General & Infrastructure	UNKNOWN STEP	2026-04-04T13:52:36.7671437Z #7 2.651 Get:7 http://deb.debian.org/debian-security bullseye-security/main amd64 ca-certificates all 20230311+deb12u1~deb11u1 [169 kB]
General & Infrastructure	UNKNOWN STEP	2026-04-04T13:52:36.7672129Z #7 2.653 Get:8 http://deb.debian.org/debian bullseye/main amd64 libpsl5 amd64 0.21.0-1.2 [57.3 kB]
General & Infrastructure	UNKNOWN STEP	2026-04-04T13:52:36.7672765Z #7 2.656 Get:9 http://deb.debian.org/debian-security bullseye-security/main amd64 wget amd64 1.21-1+deb11u2 [964 kB]
General & Infrastructure	UNKNOWN STEP	2026-04-04T13:52:36.7673402Z #7 2.660 Get:10 http://deb.debian.org/debian bullseye/main amd64 libbrotli1 amd64 1.0.9-2+b2 [279 kB]
General & Infrastructure	UNKNOWN STEP	2026-04-04T13:52:36.7675408Z #7 2.662 Get:11 http://deb.debian.org/debian bullseye/main amd64 libsasl2-modules-db amd64 2.1.27+dfsg-2.1+deb11u1 [69.1 kB]
General & Infrastructure	UNKNOWN STEP	2026-04-04T13:52:36.7676745Z #7 2.662 Get:12 http://deb.debian.org/debian bullseye/main amd64 libsasl2-2 amd64 2.1.27+dfsg-2.1+deb11u1 [106 kB]
General & Infrastructure	UNKNOWN STEP	2026-04-04T13:52:36.7677768Z #7 2.663 Get:13 http://deb.debian.org/debian bullseye/main amd64 libldap-2.4-2 amd64 2.4.57+dfsg-3+deb11u1 [232 kB]
General & Infrastructure	UNKNOWN STEP	2026-04-04T13:52:36.7678743Z #7 2.665 Get:14 http://deb.debian.org/debian-security bullseye-security/main amd64 libnghttp2-14 amd64 1.43.0-1+deb11u2 [77.0 kB]
General & Infrastructure	UNKNOWN STEP	2026-04-04T13:52:36.8887673Z #7 2.666 Get:15 http://deb.debian.org/debian bullseye/main amd64 librtmp1 amd64 2.4+20151223.gitfa8646d.1-2+b2 [60.8 kB]
General & Infrastructure	UNKNOWN STEP	2026-04-04T13:52:36.8889560Z #7 2.666 Get:16 http://deb.debian.org/debian bullseye/main amd64 libssh2-1 amd64 1.9.0-2+deb11u1 [156 kB]
General & Infrastructure	UNKNOWN STEP	2026-04-04T13:52:36.8891130Z #7 2.667 Get:17 http://deb.debian.org/debian-security bullseye-security/main amd64 libcurl3-gnutls amd64 7.74.0-1.3+deb11u16 [344 kB]
General & Infrastructure	UNKNOWN STEP	2026-04-04T13:52:36.8892095Z #7 2.668 Get:18 http://deb.debian.org/debian-security bullseye-security/main amd64 libexpat1 amd64 2.2.10-2+deb11u7 [99.2 kB]
General & Infrastructure	UNKNOWN STEP	2026-04-04T13:52:36.8893092Z #7 2.669 Get:19 http://deb.debian.org/debian bullseye/main amd64 liberror-perl all 0.17029-1 [31.0 kB]
General & Infrastructure	UNKNOWN STEP	2026-04-04T13:52:36.8893880Z #7 2.669 Get:20 http://deb.debian.org/debian-security bullseye-security/main amd64 git-man all 1:2.30.2-1+deb11u5 [1831 kB]
General & Infrastructure	UNKNOWN STEP	2026-04-04T13:52:36.8894688Z #7 2.676 Get:21 http://deb.debian.org/debian-security bullseye-security/main amd64 git amd64 1:2.30.2-1+deb11u5 [5568 kB]
General & Infrastructure	UNKNOWN STEP	2026-04-04T13:52:36.8895346Z #7 2.788 debconf: delaying package configuration, since apt-utils is not installed
General & Infrastructure	UNKNOWN STEP	2026-04-04T13:52:37.0804907Z #7 2.809 Fetched 18.3 MB in 0s (143 MB/s)
General & Infrastructure	UNKNOWN STEP	2026-04-04T13:52:37.0805906Z #7 2.821 Selecting previously unselected package perl-modules-5.32.
General & Infrastructure	UNKNOWN STEP	2026-04-04T13:52:37.0808160Z #7 2.821 (Reading database ... 
General & Infrastructure	UNKNOWN STEP	2026-04-04T13:52:37.0809096Z (Reading database ... 5%
General & Infrastructure	UNKNOWN STEP	2026-04-04T13:52:37.0809979Z (Reading database ... 10%
General & Infrastructure	UNKNOWN STEP	2026-04-04T13:52:37.0811938Z (Reading database ... 15%
General & Infrastructure	UNKNOWN STEP	2026-04-04T13:52:37.0812473Z (Reading database ... 20%
General & Infrastructure	UNKNOWN STEP	2026-04-04T13:52:37.0812945Z (Reading database ... 25%
General & Infrastructure	UNKNOWN STEP	2026-04-04T13:52:37.0813277Z (Reading database ... 30%
General & Infrastructure	UNKNOWN STEP	2026-04-04T13:52:37.0814029Z (Reading database ... 35%
General & Infrastructure	UNKNOWN STEP	2026-04-04T13:52:37.0814601Z (Reading database ... 40%
General & Infrastructure	UNKNOWN STEP	2026-04-04T13:52:37.0815282Z (Reading database ... 45%
General & Infrastructure	UNKNOWN STEP	2026-04-04T13:52:37.0815812Z (Reading database ... 50%
General & Infrastructure	UNKNOWN STEP	2026-04-04T13:52:37.0816620Z (Reading database ... 55%
General & Infrastructure	UNKNOWN STEP	2026-04-04T13:52:37.0817380Z (Reading database ... 60%
General & Infrastructure	UNKNOWN STEP	2026-04-04T13:52:37.0818179Z (Reading database ... 65%
General & Infrastructure	UNKNOWN STEP	2026-04-04T13:52:37.0818803Z (Reading database ... 70%
General & Infrastructure	UNKNOWN STEP	2026-04-04T13:52:37.0819325Z (Reading database ... 75%
General & Infrastructure	UNKNOWN STEP	2026-04-04T13:52:37.0820592Z (Reading database ... 80%
General & Infrastructure	UNKNOWN STEP	2026-04-04T13:52:37.0821303Z (Reading database ... 85%
General & Infrastructure	UNKNOWN STEP	2026-04-04T13:52:37.0821928Z (Reading database ... 90%
General & Infrastructure	UNKNOWN STEP	2026-04-04T13:52:37.0822454Z (Reading database ... 95%
General & Infrastructure	UNKNOWN STEP	2026-04-04T13:52:37.0823371Z (Reading database ... 100%
General & Infrastructure	UNKNOWN STEP	2026-04-04T13:52:37.0824376Z (Reading database ... 6673 files and directories currently installed.)
General & Infrastructure	UNKNOWN STEP	2026-04-04T13:52:37.0826750Z #7 2.828 Preparing to unpack .../00-perl-modules-5.32_5.32.1-4+deb11u4_all.deb ...
General & Infrastructure	UNKNOWN STEP	2026-04-04T13:52:37.0827622Z #7 2.829 Unpacking perl-modules-5.32 (5.32.1-4+deb11u4) ...
General & Infrastructure	UNKNOWN STEP	2026-04-04T13:52:37.2570550Z #7 3.156 Selecting previously unselected package libgdbm6:amd64.
General & Infrastructure	UNKNOWN STEP	2026-04-04T13:52:37.4560743Z #7 3.158 Preparing to unpack .../01-libgdbm6_1.19-2_amd64.deb ...
General & Infrastructure	UNKNOWN STEP	2026-04-04T13:52:37.4561402Z #7 3.163 Unpacking libgdbm6:amd64 (1.19-2) ...
General & Infrastructure	UNKNOWN STEP	2026-04-04T13:52:37.4561855Z #7 3.181 Selecting previously unselected package libgdbm-compat4:amd64.
General & Infrastructure	UNKNOWN STEP	2026-04-04T13:52:37.4562402Z #7 3.183 Preparing to unpack .../02-libgdbm-compat4_1.19-2_amd64.deb ...
General & Infrastructure	UNKNOWN STEP	2026-04-04T13:52:37.4562848Z #7 3.184 Unpacking libgdbm-compat4:amd64 (1.19-2) ...
General & Infrastructure	UNKNOWN STEP	2026-04-04T13:52:37.4563316Z #7 3.201 Selecting previously unselected package libperl5.32:amd64.
General & Infrastructure	UNKNOWN STEP	2026-04-04T13:52:37.4563823Z #7 3.204 Preparing to unpack .../03-libperl5.32_5.32.1-4+deb11u4_amd64.deb ...
General & Infrastructure	UNKNOWN STEP	2026-04-04T13:52:37.4564297Z #7 3.205 Unpacking libperl5.32:amd64 (5.32.1-4+deb11u4) ...
General & Infrastructure	UNKNOWN STEP	2026-04-04T13:52:37.6773776Z #7 3.576 Selecting previously unselected package perl.
General & Infrastructure	UNKNOWN STEP	2026-04-04T13:52:37.7892251Z #7 3.579 Preparing to unpack .../04-perl_5.32.1-4+deb11u4_amd64.deb ...
General & Infrastructure	UNKNOWN STEP	2026-04-04T13:52:37.7892876Z #7 3.584 Unpacking perl (5.32.1-4+deb11u4) ...
General & Infrastructure	UNKNOWN STEP	2026-04-04T13:52:37.7893247Z #7 3.622 Selecting previously unselected package openssl.
General & Infrastructure	UNKNOWN STEP	2026-04-04T13:52:37.7893681Z #7 3.625 Preparing to unpack .../05-openssl_1.1.1w-0+deb11u5_amd64.deb ...
General & Infrastructure	UNKNOWN STEP	2026-04-04T13:52:37.7894086Z #7 3.626 Unpacking openssl (1.1.1w-0+deb11u5) ...
General & Infrastructure	UNKNOWN STEP	2026-04-04T13:52:37.7894453Z #7 3.687 Selecting previously unselected package ca-certificates.
General & Infrastructure	UNKNOWN STEP	2026-04-04T13:52:37.9327397Z #7 3.689 Preparing to unpack .../06-ca-certificates_20230311+deb12u1~deb11u1_all.deb ...
General & Infrastructure	UNKNOWN STEP	2026-04-04T13:52:37.9328040Z #7 3.691 Unpacking ca-certificates (20230311+deb12u1~deb11u1) ...
General & Infrastructure	UNKNOWN STEP	2026-04-04T13:52:37.9328523Z #7 3.732 Selecting previously unselected package libpsl5:amd64.
General & Infrastructure	UNKNOWN STEP	2026-04-04T13:52:37.9329022Z #7 3.734 Preparing to unpack .../07-libpsl5_0.21.0-1.2_amd64.deb ...
General & Infrastructure	UNKNOWN STEP	2026-04-04T13:52:37.9329439Z #7 3.736 Unpacking libpsl5:amd64 (0.21.0-1.2) ...
General & Infrastructure	UNKNOWN STEP	2026-04-04T13:52:37.9329958Z #7 3.754 Selecting previously unselected package wget.
General & Infrastructure	UNKNOWN STEP	2026-04-04T13:52:37.9330640Z #7 3.757 Preparing to unpack .../08-wget_1.21-1+deb11u2_amd64.deb ...
General & Infrastructure	UNKNOWN STEP	2026-04-04T13:52:37.9331048Z #7 3.758 Unpacking wget (1.21-1+deb11u2) ...
General & Infrastructure	UNKNOWN STEP	2026-04-04T13:52:37.9331445Z #7 3.832 Selecting previously unselected package libbrotli1:amd64.
General & Infrastructure	UNKNOWN STEP	2026-04-04T13:52:38.0509305Z #7 3.834 Preparing to unpack .../09-libbrotli1_1.0.9-2+b2_amd64.deb ...
General & Infrastructure	UNKNOWN STEP	2026-04-04T13:52:38.0511336Z #7 3.837 Unpacking libbrotli1:amd64 (1.0.9-2+b2) ...
General & Infrastructure	UNKNOWN STEP	2026-04-04T13:52:38.0511774Z #7 3.870 Selecting previously unselected package libsasl2-modules-db:amd64.
General & Infrastructure	UNKNOWN STEP	2026-04-04T13:52:38.0512352Z #7 3.872 Preparing to unpack .../10-libsasl2-modules-db_2.1.27+dfsg-2.1+deb11u1_amd64.deb ...
General & Infrastructure	UNKNOWN STEP	2026-04-04T13:52:38.0512880Z #7 3.873 Unpacking libsasl2-modules-db:amd64 (2.1.27+dfsg-2.1+deb11u1) ...
General & Infrastructure	UNKNOWN STEP	2026-04-04T13:52:38.0513311Z #7 3.892 Selecting previously unselected package libsasl2-2:amd64.
General & Infrastructure	UNKNOWN STEP	2026-04-04T13:52:38.0513775Z #7 3.894 Preparing to unpack .../11-libsasl2-2_2.1.27+dfsg-2.1+deb11u1_amd64.deb ...
General & Infrastructure	UNKNOWN STEP	2026-04-04T13:52:38.0514215Z #7 3.896 Unpacking libsasl2-2:amd64 (2.1.27+dfsg-2.1+deb11u1) ...
General & Infrastructure	UNKNOWN STEP	2026-04-04T13:52:38.0514620Z #7 3.917 Selecting previously unselected package libldap-2.4-2:amd64.
General & Infrastructure	UNKNOWN STEP	2026-04-04T13:52:38.0515078Z #7 3.920 Preparing to unpack .../12-libldap-2.4-2_2.4.57+dfsg-3+deb11u1_amd64.deb ...
General & Infrastructure	UNKNOWN STEP	2026-04-04T13:52:38.0515521Z #7 3.921 Unpacking libldap-2.4-2:amd64 (2.4.57+dfsg-3+deb11u1) ...
General & Infrastructure	UNKNOWN STEP	2026-04-04T13:52:38.0515927Z #7 3.950 Selecting previously unselected package libnghttp2-14:amd64.
General & Infrastructure	UNKNOWN STEP	2026-04-04T13:52:38.1641589Z #7 3.952 Preparing to unpack .../13-libnghttp2-14_1.43.0-1+deb11u2_amd64.deb ...
General & Infrastructure	UNKNOWN STEP	2026-04-04T13:52:38.1643517Z #7 3.954 Unpacking libnghttp2-14:amd64 (1.43.0-1+deb11u2) ...
General & Infrastructure	UNKNOWN STEP	2026-04-04T13:52:38.1643952Z #7 3.973 Selecting previously unselected package librtmp1:amd64.
General & Infrastructure	UNKNOWN STEP	2026-04-04T13:52:38.1644580Z #7 3.975 Preparing to unpack .../14-librtmp1_2.4+20151223.gitfa8646d.1-2+b2_amd64.deb ...
General & Infrastructure	UNKNOWN STEP	2026-04-04T13:52:38.1645103Z #7 3.977 Unpacking librtmp1:amd64 (2.4+20151223.gitfa8646d.1-2+b2) ...
General & Infrastructure	UNKNOWN STEP	2026-04-04T13:52:38.1645647Z #7 3.996 Selecting previously unselected package libssh2-1:amd64.
General & Infrastructure	UNKNOWN STEP	2026-04-04T13:52:38.1646064Z #7 3.998 Preparing to unpack .../15-libssh2-1_1.9.0-2+deb11u1_amd64.deb ...
General & Infrastructure	UNKNOWN STEP	2026-04-04T13:52:38.1646446Z #7 3.999 Unpacking libssh2-1:amd64 (1.9.0-2+deb11u1) ...
General & Infrastructure	UNKNOWN STEP	2026-04-04T13:52:38.1646979Z #7 4.024 Selecting previously unselected package libcurl3-gnutls:amd64.
General & Infrastructure	UNKNOWN STEP	2026-04-04T13:52:38.1647527Z #7 4.026 Preparing to unpack .../16-libcurl3-gnutls_7.74.0-1.3+deb11u16_amd64.deb ...
General & Infrastructure	UNKNOWN STEP	2026-04-04T13:52:38.1648253Z #7 4.028 Unpacking libcurl3-gnutls:amd64 (7.74.0-1.3+deb11u16) ...
General & Infrastructure	UNKNOWN STEP	2026-04-04T13:52:38.1648899Z #7 4.062 Selecting previously unselected package libexpat1:amd64.
General & Infrastructure	UNKNOWN STEP	2026-04-04T13:52:38.2915256Z #7 4.064 Preparing to unpack .../17-libexpat1_2.2.10-2+deb11u7_amd64.deb ...
General & Infrastructure	UNKNOWN STEP	2026-04-04T13:52:38.2916791Z #7 4.065 Unpacking libexpat1:amd64 (2.2.10-2+deb11u7) ...
General & Infrastructure	UNKNOWN STEP	2026-04-04T13:52:38.2917439Z #7 4.085 Selecting previously unselected package liberror-perl.
General & Infrastructure	UNKNOWN STEP	2026-04-04T13:52:38.2918146Z #7 4.087 Preparing to unpack .../18-liberror-perl_0.17029-1_all.deb ...
General & Infrastructure	UNKNOWN STEP	2026-04-04T13:52:38.2918754Z #7 4.089 Unpacking liberror-perl (0.17029-1) ...
General & Infrastructure	UNKNOWN STEP	2026-04-04T13:52:38.2919284Z #7 4.103 Selecting previously unselected package git-man.
General & Infrastructure	UNKNOWN STEP	2026-04-04T13:52:38.2919939Z #7 4.105 Preparing to unpack .../19-git-man_1%3a2.30.2-1+deb11u5_all.deb ...
General & Infrastructure	UNKNOWN STEP	2026-04-04T13:52:38.2920792Z #7 4.106 Unpacking git-man (1:2.30.2-1+deb11u5) ...
General & Infrastructure	UNKNOWN STEP	2026-04-04T13:52:38.2921321Z #7 4.191 Selecting previously unselected package git.
General & Infrastructure	UNKNOWN STEP	2026-04-04T13:52:38.4589126Z #7 4.193 Preparing to unpack .../20-git_1%3a2.30.2-1+deb11u5_amd64.deb ...
General & Infrastructure	UNKNOWN STEP	2026-04-04T13:52:38.4590338Z #7 4.207 Unpacking git (1:2.30.2-1+deb11u5) ...
General & Infrastructure	UNKNOWN STEP	2026-04-04T13:52:38.7132334Z #7 4.612 Setting up libexpat1:amd64 (2.2.10-2+deb11u7) ...
General & Infrastructure	UNKNOWN STEP	2026-04-04T13:52:38.8285711Z #7 4.615 Setting up libpsl5:amd64 (0.21.0-1.2) ...
General & Infrastructure	UNKNOWN STEP	2026-04-04T13:52:38.8286301Z #7 4.618 Setting up wget (1.21-1+deb11u2) ...
General & Infrastructure	UNKNOWN STEP	2026-04-04T13:52:38.8287209Z #7 4.622 Setting up perl-modules-5.32 (5.32.1-4+deb11u4) ...
General & Infrastructure	UNKNOWN STEP	2026-04-04T13:52:38.8287610Z #7 4.625 Setting up libbrotli1:amd64 (1.0.9-2+b2) ...
General & Infrastructure	UNKNOWN STEP	2026-04-04T13:52:38.8288005Z #7 4.628 Setting up libnghttp2-14:amd64 (1.43.0-1+deb11u2) ...
General & Infrastructure	UNKNOWN STEP	2026-04-04T13:52:38.8288452Z #7 4.630 Setting up libsasl2-modules-db:amd64 (2.1.27+dfsg-2.1+deb11u1) ...
General & Infrastructure	UNKNOWN STEP	2026-04-04T13:52:38.8288918Z #7 4.633 Setting up librtmp1:amd64 (2.4+20151223.gitfa8646d.1-2+b2) ...
General & Infrastructure	UNKNOWN STEP	2026-04-04T13:52:38.8289341Z #7 4.635 Setting up libsasl2-2:amd64 (2.1.27+dfsg-2.1+deb11u1) ...
General & Infrastructure	UNKNOWN STEP	2026-04-04T13:52:38.8289712Z #7 4.638 Setting up git-man (1:2.30.2-1+deb11u5) ...
General & Infrastructure	UNKNOWN STEP	2026-04-04T13:52:38.8290064Z #7 4.641 Setting up libssh2-1:amd64 (1.9.0-2+deb11u1) ...
General & Infrastructure	UNKNOWN STEP	2026-04-04T13:52:38.8290674Z #7 4.644 Setting up openssl (1.1.1w-0+deb11u5) ...
General & Infrastructure	UNKNOWN STEP	2026-04-04T13:52:38.8290990Z #7 4.649 Setting up libgdbm6:amd64 (1.19-2) ...
General & Infrastructure	UNKNOWN STEP	2026-04-04T13:52:38.8291360Z #7 4.652 Setting up libldap-2.4-2:amd64 (2.4.57+dfsg-3+deb11u1) ...
General & Infrastructure	UNKNOWN STEP	2026-04-04T13:52:38.8291787Z #7 4.656 Setting up libcurl3-gnutls:amd64 (7.74.0-1.3+deb11u16) ...
General & Infrastructure	UNKNOWN STEP	2026-04-04T13:52:38.8292215Z #7 4.660 Setting up ca-certificates (20230311+deb12u1~deb11u1) ...
General & Infrastructure	UNKNOWN STEP	2026-04-04T13:52:38.8292605Z #7 4.728 debconf: unable to initialize frontend: Dialog
General & Infrastructure	UNKNOWN STEP	2026-04-04T13:52:38.8293010Z #7 4.728 debconf: (TERM is not set, so the dialog frontend is not usable.)
General & Infrastructure	UNKNOWN STEP	2026-04-04T13:52:38.8293415Z #7 4.728 debconf: falling back to frontend: Readline
General & Infrastructure	UNKNOWN STEP	2026-04-04T13:52:39.1973588Z #7 5.096 Updating certificates in /etc/ssl/certs...
General & Infrastructure	UNKNOWN STEP	2026-04-04T13:52:39.7248008Z #7 5.624 142 added, 0 removed; done.
General & Infrastructure	UNKNOWN STEP	2026-04-04T13:52:39.9431173Z #7 5.639 Setting up libgdbm-compat4:amd64 (1.19-2) ...
General & Infrastructure	UNKNOWN STEP	2026-04-04T13:52:39.9431834Z #7 5.642 Setting up libperl5.32:amd64 (5.32.1-4+deb11u4) ...
General & Infrastructure	UNKNOWN STEP	2026-04-04T13:52:39.9432362Z #7 5.645 Setting up perl (5.32.1-4+deb11u4) ...
General & Infrastructure	UNKNOWN STEP	2026-04-04T13:52:39.9432850Z #7 5.654 Setting up liberror-perl (0.17029-1) ...
General & Infrastructure	UNKNOWN STEP	2026-04-04T13:52:39.9433184Z #7 5.659 Setting up git (1:2.30.2-1+deb11u5) ...
General & Infrastructure	UNKNOWN STEP	2026-04-04T13:52:39.9433528Z #7 5.677 Processing triggers for libc-bin (2.31-13+deb11u13) ...
General & Infrastructure	UNKNOWN STEP	2026-04-04T13:52:39.9433967Z #7 5.688 Processing triggers for ca-certificates (20230311+deb12u1~deb11u1) ...
General & Infrastructure	UNKNOWN STEP	2026-04-04T13:52:39.9434377Z #7 5.692 Updating certificates in /etc/ssl/certs...
General & Infrastructure	UNKNOWN STEP	2026-04-04T13:52:40.2249532Z #7 6.124 0 added, 0 removed; done.
General & Infrastructure	UNKNOWN STEP	2026-04-04T13:52:40.2251120Z #7 6.124 Running hooks in /etc/ca-certificates/update.d...
General & Infrastructure	UNKNOWN STEP	2026-04-04T13:52:40.3765209Z #7 6.125 done.
General & Infrastructure	UNKNOWN STEP	2026-04-04T13:52:40.4449343Z #7 DONE 6.3s
General & Infrastructure	UNKNOWN STEP	2026-04-04T13:52:40.5961807Z 
General & Infrastructure	UNKNOWN STEP	2026-04-04T13:52:40.5963057Z #8 [3/5] RUN wget -O - -q https://raw.githubusercontent.com/reviewdog/reviewdog/fd59714416d6d9a1c0692d872e38e7f8448df4fc/install.sh| sh -s -- -b /usr/local/bin/ v0.21.0
General & Infrastructure	UNKNOWN STEP	2026-04-04T13:52:40.5999407Z #8 0.154 reviewdog/reviewdog info checking GitHub for tag 'v0.21.0'
General & Infrastructure	UNKNOWN STEP	2026-04-04T13:52:40.8084393Z #8 0.363 reviewdog/reviewdog info found version: 0.21.0 for v0.21.0/Linux/x86_64
General & Infrastructure	UNKNOWN STEP	2026-04-04T13:52:41.1301176Z #8 0.684 reviewdog/reviewdog info installed /usr/local/bin//reviewdog
General & Infrastructure	UNKNOWN STEP	2026-04-04T13:52:41.3007240Z #8 DONE 0.7s
General & Infrastructure	UNKNOWN STEP	2026-04-04T13:52:41.3007479Z 
General & Infrastructure	UNKNOWN STEP	2026-04-04T13:52:41.3008092Z #9 [4/5] RUN wget -O - -q https://raw.githubusercontent.com/golangci/misspell/master/install-misspell.sh | sh -s -- -b /usr/local/bin/
General & Infrastructure	UNKNOWN STEP	2026-04-04T13:52:41.3116943Z #9 0.162 golangci/misspell info checking GitHub for latest tag
General & Infrastructure	UNKNOWN STEP	2026-04-04T13:52:41.5455323Z #9 0.395 golangci/misspell info found version: 0.8.0 for v0.8.0/linux/amd64
General & Infrastructure	UNKNOWN STEP	2026-04-04T13:52:41.9468833Z #9 0.797 golangci/misspell info installed /usr/local/bin//misspell
General & Infrastructure	UNKNOWN STEP	2026-04-04T13:52:42.1371812Z #9 DONE 0.8s
General & Infrastructure	UNKNOWN STEP	2026-04-04T13:52:42.1373345Z 
General & Infrastructure	UNKNOWN STEP	2026-04-04T13:52:42.1374089Z #10 [5/5] COPY entrypoint.sh /entrypoint.sh
General & Infrastructure	UNKNOWN STEP	2026-04-04T13:52:42.1375138Z #10 DONE 0.0s
General & Infrastructure	UNKNOWN STEP	2026-04-04T13:52:42.1377512Z 
General & Infrastructure	UNKNOWN STEP	2026-04-04T13:52:42.1377918Z #11 exporting to image
General & Infrastructure	UNKNOWN STEP	2026-04-04T13:52:42.1378511Z #11 exporting layers
General & Infrastructure	UNKNOWN STEP	2026-04-04T13:52:42.7009745Z #11 exporting layers 0.7s done
General & Infrastructure	UNKNOWN STEP	2026-04-04T13:52:42.7252813Z #11 writing image sha256:360704d441e0b0b4d4e05030446c1cbd052d4083dcaefe61b2e78bab9cf1329a done
General & Infrastructure	UNKNOWN STEP	2026-04-04T13:52:42.7254548Z #11 naming to docker.io/library/c7c37d:5c939e6790cd4580b224503c369146e5 done
General & Infrastructure	UNKNOWN STEP	2026-04-04T13:52:42.7255083Z #11 DONE 0.7s
General & Infrastructure	UNKNOWN STEP	2026-04-04T13:52:42.7307055Z ##[endgroup]
General & Infrastructure	UNKNOWN STEP	2026-04-04T13:52:42.7607875Z ##[group]Run actions/checkout@v4
General & Infrastructure	UNKNOWN STEP	2026-04-04T13:52:42.7608459Z with:
General & Infrastructure	UNKNOWN STEP	2026-04-04T13:52:42.7608652Z   fetch-depth: 0
General & Infrastructure	UNKNOWN STEP	2026-04-04T13:52:42.7608878Z   repository: fkcurrie/utba-swarmmap
General & Infrastructure	UNKNOWN STEP	2026-04-04T13:52:42.7609395Z   token: ***
General & Infrastructure	UNKNOWN STEP	2026-04-04T13:52:42.7609594Z   ssh-strict: true
General & Infrastructure	UNKNOWN STEP	2026-04-04T13:52:42.7609788Z   ssh-user: git
General & Infrastructure	UNKNOWN STEP	2026-04-04T13:52:42.7609980Z   persist-credentials: true
General & Infrastructure	UNKNOWN STEP	2026-04-04T13:52:42.7610422Z   clean: true
General & Infrastructure	UNKNOWN STEP	2026-04-04T13:52:42.7610628Z   sparse-checkout-cone-mode: true
General & Infrastructure	UNKNOWN STEP	2026-04-04T13:52:42.7610872Z   fetch-tags: false
General & Infrastructure	UNKNOWN STEP	2026-04-04T13:52:42.7611064Z   show-progress: true
General & Infrastructure	UNKNOWN STEP	2026-04-04T13:52:42.7611266Z   lfs: false
General & Infrastructure	UNKNOWN STEP	2026-04-04T13:52:42.7611444Z   submodules: false
General & Infrastructure	UNKNOWN STEP	2026-04-04T13:52:42.7611635Z   set-safe-directory: true
General & Infrastructure	UNKNOWN STEP	2026-04-04T13:52:42.7612098Z ##[endgroup]
General & Infrastructure	UNKNOWN STEP	2026-04-04T13:52:42.8821825Z Syncing repository: fkcurrie/utba-swarmmap
General & Infrastructure	UNKNOWN STEP	2026-04-04T13:52:42.8824067Z ##[group]Getting Git version info
General & Infrastructure	UNKNOWN STEP	2026-04-04T13:52:42.8824927Z Working directory is '/home/runner/work/utba-swarmmap/utba-swarmmap'
General & Infrastructure	UNKNOWN STEP	2026-04-04T13:52:42.8825999Z [command]/usr/bin/git version
General & Infrastructure	UNKNOWN STEP	2026-04-04T13:52:42.8846598Z git version 2.53.0
General & Infrastructure	UNKNOWN STEP	2026-04-04T13:52:42.8875552Z ##[endgroup]
General & Infrastructure	UNKNOWN STEP	2026-04-04T13:52:42.8890836Z Temporarily overriding HOME='/home/runner/work/_temp/23f9ec68-1119-4060-a316-ea40ac8bb076' before making global git config changes
General & Infrastructure	UNKNOWN STEP	2026-04-04T13:52:42.8891645Z Adding repository directory to the temporary git global config as a safe directory
General & Infrastructure	UNKNOWN STEP	2026-04-04T13:52:42.8898145Z [command]/usr/bin/git config --global --add safe.directory /home/runner/work/utba-swarmmap/utba-swarmmap
General & Infrastructure	UNKNOWN STEP	2026-04-04T13:52:42.8939597Z Deleting the contents of '/home/runner/work/utba-swarmmap/utba-swarmmap'
General & Infrastructure	UNKNOWN STEP	2026-04-04T13:52:42.8944354Z ##[group]Initializing the repository
General & Infrastructure	UNKNOWN STEP	2026-04-04T13:52:42.8951003Z [command]/usr/bin/git init /home/runner/work/utba-swarmmap/utba-swarmmap
General & Infrastructure	UNKNOWN STEP	2026-04-04T13:52:42.9092164Z hint: Using 'master' as the name for the initial branch. This default branch name
General & Infrastructure	UNKNOWN STEP	2026-04-04T13:52:42.9112041Z hint: will change to "main" in Git 3.0. To configure the initial branch name
General & Infrastructure	UNKNOWN STEP	2026-04-04T13:52:42.9112861Z hint: to use in all of your new repositories, which will suppress this warning,
General & Infrastructure	UNKNOWN STEP	2026-04-04T13:52:42.9113559Z hint: call:
General & Infrastructure	UNKNOWN STEP	2026-04-04T13:52:42.9113974Z hint:
General & Infrastructure	UNKNOWN STEP	2026-04-04T13:52:42.9114504Z hint: 	git config --global init.defaultBranch <name>
General & Infrastructure	UNKNOWN STEP	2026-04-04T13:52:42.9114989Z hint:
General & Infrastructure	UNKNOWN STEP	2026-04-04T13:52:42.9115457Z hint: Names commonly chosen instead of 'master' are 'main', 'trunk' and
General & Infrastructure	UNKNOWN STEP	2026-04-04T13:52:42.9116048Z hint: 'development'. The just-created branch can be renamed via this command:
General & Infrastructure	UNKNOWN STEP	2026-04-04T13:52:42.9116424Z hint:
General & Infrastructure	UNKNOWN STEP	2026-04-04T13:52:42.9116624Z hint: 	git branch -m <name>
General & Infrastructure	UNKNOWN STEP	2026-04-04T13:52:42.9116844Z hint:
General & Infrastructure	UNKNOWN STEP	2026-04-04T13:52:42.9117158Z hint: Disable this message with "git config set advice.defaultBranchName false"
General & Infrastructure	UNKNOWN STEP	2026-04-04T13:52:42.9117720Z Initialized empty Git repository in /home/runner/work/utba-swarmmap/utba-swarmmap/.git/
General & Infrastructure	UNKNOWN STEP	2026-04-04T13:52:42.9118854Z [command]/usr/bin/git remote add origin https://github.com/fkcurrie/utba-swarmmap
General & Infrastructure	UNKNOWN STEP	2026-04-04T13:52:42.9149983Z ##[endgroup]
General & Infrastructure	UNKNOWN STEP	2026-04-04T13:52:42.9151521Z ##[group]Disabling automatic garbage collection
General & Infrastructure	UNKNOWN STEP	2026-04-04T13:52:42.9154752Z [command]/usr/bin/git config --local gc.auto 0
General & Infrastructure	UNKNOWN STEP	2026-04-04T13:52:42.9190592Z ##[endgroup]
General & Infrastructure	UNKNOWN STEP	2026-04-04T13:52:42.9191201Z ##[group]Setting up auth
General & Infrastructure	UNKNOWN STEP	2026-04-04T13:52:42.9199050Z [command]/usr/bin/git config --local --name-only --get-regexp core\.sshCommand
General & Infrastructure	UNKNOWN STEP	2026-04-04T13:52:42.9236573Z [command]/usr/bin/git submodule foreach --recursive sh -c "git config --local --name-only --get-regexp 'core\.sshCommand' && git config --local --unset-all 'core.sshCommand' || :"
General & Infrastructure	UNKNOWN STEP	2026-04-04T13:52:42.9574630Z [command]/usr/bin/git config --local --name-only --get-regexp http\.https\:\/\/github\.com\/\.extraheader
General & Infrastructure	UNKNOWN STEP	2026-04-04T13:52:42.9609282Z [command]/usr/bin/git submodule foreach --recursive sh -c "git config --local --name-only --get-regexp 'http\.https\:\/\/github\.com\/\.extraheader' && git config --local --unset-all 'http.https://github.com/.extraheader' || :"
General & Infrastructure	UNKNOWN STEP	2026-04-04T13:52:42.9852999Z [command]/usr/bin/git config --local --name-only --get-regexp ^includeIf\.gitdir:
General & Infrastructure	UNKNOWN STEP	2026-04-04T13:52:42.9898932Z [command]/usr/bin/git submodule foreach --recursive git config --local --show-origin --name-only --get-regexp remote.origin.url
General & Infrastructure	UNKNOWN STEP	2026-04-04T13:52:43.0147461Z [command]/usr/bin/git config --local http.https://github.com/.extraheader AUTHORIZATION: basic ***
General & Infrastructure	UNKNOWN STEP	2026-04-04T13:52:43.0187649Z ##[endgroup]
General & Infrastructure	UNKNOWN STEP	2026-04-04T13:52:43.0188201Z ##[group]Fetching the repository
General & Infrastructure	UNKNOWN STEP	2026-04-04T13:52:43.0198537Z [command]/usr/bin/git -c protocol.version=2 fetch --prune --no-recurse-submodules origin +refs/heads/*:refs/remotes/origin/* +refs/tags/*:refs/tags/* +660d86f796567c5f7e45da699f6e69abe3ad31d6:refs/remotes/pull/11/merge
General & Infrastructure	UNKNOWN STEP	2026-04-04T13:52:43.2817919Z From https://github.com/fkcurrie/utba-swarmmap
General & Infrastructure	UNKNOWN STEP	2026-04-04T13:52:43.2818895Z  * [new branch]      issue-10-qMX0                            -> origin/issue-10-qMX0
General & Infrastructure	UNKNOWN STEP	2026-04-04T13:52:43.2819720Z  * [new branch]      main                                     -> origin/main
General & Infrastructure	UNKNOWN STEP	2026-04-04T13:52:43.2820687Z  * [new tag]         v0.5                                     -> v0.5
General & Infrastructure	UNKNOWN STEP	2026-04-04T13:52:43.2821130Z  * [new tag]         v0.5-alpha                               -> v0.5-alpha
General & Infrastructure	UNKNOWN STEP	2026-04-04T13:52:43.2821582Z  * [new ref]         660d86f796567c5f7e45da699f6e69abe3ad31d6 -> pull/11/merge
General & Infrastructure	UNKNOWN STEP	2026-04-04T13:52:43.2858623Z ##[endgroup]
General & Infrastructure	UNKNOWN STEP	2026-04-04T13:52:43.2859219Z ##[group]Determining the checkout info
General & Infrastructure	UNKNOWN STEP	2026-04-04T13:52:43.2859974Z ##[endgroup]
General & Infrastructure	UNKNOWN STEP	2026-04-04T13:52:43.2865983Z [command]/usr/bin/git sparse-checkout disable
General & Infrastructure	UNKNOWN STEP	2026-04-04T13:52:43.2909267Z [command]/usr/bin/git config --local --unset-all extensions.worktreeConfig
General & Infrastructure	UNKNOWN STEP	2026-04-04T13:52:43.2939891Z ##[group]Checking out the ref
General & Infrastructure	UNKNOWN STEP	2026-04-04T13:52:43.2944720Z [command]/usr/bin/git checkout --progress --force refs/remotes/pull/11/merge
General & Infrastructure	UNKNOWN STEP	2026-04-04T13:52:43.3182140Z Note: switching to 'refs/remotes/pull/11/merge'.
General & Infrastructure	UNKNOWN STEP	2026-04-04T13:52:43.3182709Z 
General & Infrastructure	UNKNOWN STEP	2026-04-04T13:52:43.3183190Z You are in 'detached HEAD' state. You can look around, make experimental
General & Infrastructure	UNKNOWN STEP	2026-04-04T13:52:43.3183957Z changes and commit them, and you can discard any commits you make in this
General & Infrastructure	UNKNOWN STEP	2026-04-04T13:52:43.3184716Z state without impacting any branches by switching back to a branch.
General & Infrastructure	UNKNOWN STEP	2026-04-04T13:52:43.3185151Z 
General & Infrastructure	UNKNOWN STEP	2026-04-04T13:52:43.3185445Z If you want to create a new branch to retain commits you create, you may
General & Infrastructure	UNKNOWN STEP	2026-04-04T13:52:43.3186153Z do so (now or later) by using -c with the switch command. Example:
General & Infrastructure	UNKNOWN STEP	2026-04-04T13:52:43.3186560Z 
General & Infrastructure	UNKNOWN STEP	2026-04-04T13:52:43.3186719Z   git switch -c <new-branch-name>
General & Infrastructure	UNKNOWN STEP	2026-04-04T13:52:43.3187017Z 
General & Infrastructure	UNKNOWN STEP	2026-04-04T13:52:43.3187166Z Or undo this operation with:
General & Infrastructure	UNKNOWN STEP	2026-04-04T13:52:43.3187415Z 
General & Infrastructure	UNKNOWN STEP	2026-04-04T13:52:43.3187562Z   git switch -
General & Infrastructure	UNKNOWN STEP	2026-04-04T13:52:43.3187697Z 
General & Infrastructure	UNKNOWN STEP	2026-04-04T13:52:43.3187915Z Turn off this advice by setting config variable advice.detachedHead to false
General & Infrastructure	UNKNOWN STEP	2026-04-04T13:52:43.3188222Z 
General & Infrastructure	UNKNOWN STEP	2026-04-04T13:52:43.3188555Z HEAD is now at 660d86f Merge 26869667b5adeb1c5033e1154a543368c858cb9f into ce8c646a1e1a3155ecfdd83f5a8af5e375dad3a3
General & Infrastructure	UNKNOWN STEP	2026-04-04T13:52:43.3191857Z ##[endgroup]
General & Infrastructure	UNKNOWN STEP	2026-04-04T13:52:43.3233083Z [command]/usr/bin/git log -1 --format=%H
General & Infrastructure	UNKNOWN STEP	2026-04-04T13:52:43.3259181Z 660d86f796567c5f7e45da699f6e69abe3ad31d6
General & Infrastructure	UNKNOWN STEP	2026-04-04T13:52:43.3490868Z ##[group]Run actions/setup-node@v4
General & Infrastructure	UNKNOWN STEP	2026-04-04T13:52:43.3491174Z with:
General & Infrastructure	UNKNOWN STEP	2026-04-04T13:52:43.3491357Z   node-version: 20
General & Infrastructure	UNKNOWN STEP	2026-04-04T13:52:43.3491558Z   cache: npm
General & Infrastructure	UNKNOWN STEP	2026-04-04T13:52:43.3491740Z   always-auth: false
General & Infrastructure	UNKNOWN STEP	2026-04-04T13:52:43.3491944Z   check-latest: false
General & Infrastructure	UNKNOWN STEP	2026-04-04T13:52:43.3492290Z   token: ***
General & Infrastructure	UNKNOWN STEP	2026-04-04T13:52:43.3492472Z ##[endgroup]
General & Infrastructure	UNKNOWN STEP	2026-04-04T13:52:43.5421346Z Found in cache @ /opt/hostedtoolcache/node/20.20.2/x64
General & Infrastructure	UNKNOWN STEP	2026-04-04T13:52:43.5429074Z ##[group]Environment details
General & Infrastructure	UNKNOWN STEP	2026-04-04T13:52:43.8749332Z node: v20.20.2
General & Infrastructure	UNKNOWN STEP	2026-04-04T13:52:43.8749609Z npm: 10.8.2
General & Infrastructure	UNKNOWN STEP	2026-04-04T13:52:43.8749882Z yarn: 1.22.22
General & Infrastructure	UNKNOWN STEP	2026-04-04T13:52:43.8751514Z ##[endgroup]
General & Infrastructure	UNKNOWN STEP	2026-04-04T13:52:43.8775114Z [command]/opt/hostedtoolcache/node/20.20.2/x64/bin/npm config get cache
General & Infrastructure	UNKNOWN STEP	2026-04-04T13:52:44.0065534Z /home/runner/.npm
General & Infrastructure	UNKNOWN STEP	2026-04-04T13:52:44.1146623Z Cache hit for: node-cache-Linux-x64-npm-6c84bea60747005d4032d9ad1ac33a0328c1a7001d73c6f703872a43e2b231b4
General & Infrastructure	UNKNOWN STEP	2026-04-04T13:52:44.4320627Z Received 25319975 of 25319975 (100.0%), 92.2 MBs/sec
General & Infrastructure	UNKNOWN STEP	2026-04-04T13:52:44.4321229Z Cache Size: ~24 MB (25319975 B)
General & Infrastructure	UNKNOWN STEP	2026-04-04T13:52:44.4350953Z [command]/usr/bin/tar -xf /home/runner/work/_temp/c2d9cc10-d44a-4940-8920-1f2b7001efce/cache.tzst -P -C /home/runner/work/utba-swarmmap/utba-swarmmap --use-compress-program unzstd
General & Infrastructure	UNKNOWN STEP	2026-04-04T13:52:44.5245890Z Cache restored successfully
General & Infrastructure	UNKNOWN STEP	2026-04-04T13:52:44.5263823Z Cache restored from key: node-cache-Linux-x64-npm-6c84bea60747005d4032d9ad1ac33a0328c1a7001d73c6f703872a43e2b231b4
General & Infrastructure	UNKNOWN STEP	2026-04-04T13:52:44.5442393Z ##[group]Run actions/setup-go@v5
General & Infrastructure	UNKNOWN STEP	2026-04-04T13:52:44.5442670Z with:
General & Infrastructure	UNKNOWN STEP	2026-04-04T13:52:44.5442853Z   go-version: 1.22
General & Infrastructure	UNKNOWN STEP	2026-04-04T13:52:44.5443058Z   check-latest: false
General & Infrastructure	UNKNOWN STEP	2026-04-04T13:52:44.5443380Z   token: ***
General & Infrastructure	UNKNOWN STEP	2026-04-04T13:52:44.5443585Z   cache: true
General & Infrastructure	UNKNOWN STEP	2026-04-04T13:52:44.5443776Z ##[endgroup]
General & Infrastructure	UNKNOWN STEP	2026-04-04T13:52:44.7186514Z Setup go version spec 1.22
General & Infrastructure	UNKNOWN STEP	2026-04-04T13:52:44.7251273Z Found in cache @ /opt/hostedtoolcache/go/1.22.12/x64
General & Infrastructure	UNKNOWN STEP	2026-04-04T13:52:44.7256776Z Added go to the path
General & Infrastructure	UNKNOWN STEP	2026-04-04T13:52:44.7261667Z Successfully set up Go version 1.22
General & Infrastructure	UNKNOWN STEP	2026-04-04T13:52:45.1216982Z [command]/opt/hostedtoolcache/go/1.22.12/x64/bin/go env GOMODCACHE
General & Infrastructure	UNKNOWN STEP	2026-04-04T13:52:45.1252473Z [command]/opt/hostedtoolcache/go/1.22.12/x64/bin/go env GOCACHE
General & Infrastructure	UNKNOWN STEP	2026-04-04T13:52:45.1277902Z /home/runner/go/pkg/mod
General & Infrastructure	UNKNOWN STEP	2026-04-04T13:52:45.1306187Z /home/runner/.cache/go-build
General & Infrastructure	UNKNOWN STEP	2026-04-04T13:52:45.1332335Z ##[warning]Restore cache failed: Dependencies file is not found in /home/runner/work/utba-swarmmap/utba-swarmmap. Supported file pattern: go.sum
General & Infrastructure	UNKNOWN STEP	2026-04-04T13:52:45.1343470Z go version go1.22.12 linux/amd64
General & Infrastructure	UNKNOWN STEP	2026-04-04T13:52:45.1343683Z 
General & Infrastructure	UNKNOWN STEP	2026-04-04T13:52:45.1343960Z ##[group]go env
General & Infrastructure	UNKNOWN STEP	2026-04-04T13:52:45.2649923Z GO111MODULE=''
General & Infrastructure	UNKNOWN STEP	2026-04-04T13:52:45.2650554Z GOARCH='amd64'
General & Infrastructure	UNKNOWN STEP	2026-04-04T13:52:45.2650859Z GOBIN=''
General & Infrastructure	UNKNOWN STEP	2026-04-04T13:52:45.2651208Z GOCACHE='/home/runner/.cache/go-build'
General & Infrastructure	UNKNOWN STEP	2026-04-04T13:52:45.2651652Z GOENV='/home/runner/.config/go/env'
General & Infrastructure	UNKNOWN STEP	2026-04-04T13:52:45.2651970Z GOEXE=''
General & Infrastructure	UNKNOWN STEP	2026-04-04T13:52:45.2652218Z GOEXPERIMENT=''
General & Infrastructure	UNKNOWN STEP	2026-04-04T13:52:45.2652481Z GOFLAGS=''
General & Infrastructure	UNKNOWN STEP	2026-04-04T13:52:45.2652840Z GOHOSTARCH='amd64'
General & Infrastructure	UNKNOWN STEP	2026-04-04T13:52:45.2653114Z GOHOSTOS='linux'
General & Infrastructure	UNKNOWN STEP	2026-04-04T13:52:45.2653395Z GOINSECURE=''
General & Infrastructure	UNKNOWN STEP	2026-04-04T13:52:45.2653729Z GOMODCACHE='/home/runner/go/pkg/mod'
General & Infrastructure	UNKNOWN STEP	2026-04-04T13:52:45.2654071Z GONOPROXY=''
General & Infrastructure	UNKNOWN STEP	2026-04-04T13:52:45.2654304Z GONOSUMDB=''
General & Infrastructure	UNKNOWN STEP	2026-04-04T13:52:45.2654536Z GOOS='linux'
General & Infrastructure	UNKNOWN STEP	2026-04-04T13:52:45.2654808Z GOPATH='/home/runner/go'
General & Infrastructure	UNKNOWN STEP	2026-04-04T13:52:45.2655091Z GOPRIVATE=''
General & Infrastructure	UNKNOWN STEP	2026-04-04T13:52:45.2655473Z GOPROXY='https://proxy.golang.org,direct'
General & Infrastructure	UNKNOWN STEP	2026-04-04T13:52:45.2655997Z GOROOT='/opt/hostedtoolcache/go/1.22.12/x64'
General & Infrastructure	UNKNOWN STEP	2026-04-04T13:52:45.2656399Z GOSUMDB='sum.golang.org'
General & Infrastructure	UNKNOWN STEP	2026-04-04T13:52:45.2656682Z GOTMPDIR=''
General & Infrastructure	UNKNOWN STEP	2026-04-04T13:52:45.2656936Z GOTOOLCHAIN='auto'
General & Infrastructure	UNKNOWN STEP	2026-04-04T13:52:45.2657454Z GOTOOLDIR='/opt/hostedtoolcache/go/1.22.12/x64/pkg/tool/linux_amd64'
General & Infrastructure	UNKNOWN STEP	2026-04-04T13:52:45.2657918Z GOVCS=''
General & Infrastructure	UNKNOWN STEP	2026-04-04T13:52:45.2658232Z GOVERSION='go1.22.12'
General & Infrastructure	UNKNOWN STEP	2026-04-04T13:52:45.2658498Z GCCGO='gccgo'
General & Infrastructure	UNKNOWN STEP	2026-04-04T13:52:45.2658738Z GOAMD64='v1'
General & Infrastructure	UNKNOWN STEP	2026-04-04T13:52:45.2658970Z AR='ar'
General & Infrastructure	UNKNOWN STEP	2026-04-04T13:52:45.2659189Z CC='gcc'
General & Infrastructure	UNKNOWN STEP	2026-04-04T13:52:45.2659407Z CXX='g++'
General & Infrastructure	UNKNOWN STEP	2026-04-04T13:52:45.2659642Z CGO_ENABLED='1'
General & Infrastructure	UNKNOWN STEP	2026-04-04T13:52:45.2659905Z GOMOD='/dev/null'
General & Infrastructure	UNKNOWN STEP	2026-04-04T13:52:45.2660392Z GOWORK=''
General & Infrastructure	UNKNOWN STEP	2026-04-04T13:52:45.2660697Z CGO_CFLAGS='-O2 -g'
General & Infrastructure	UNKNOWN STEP	2026-04-04T13:52:45.2660970Z CGO_CPPFLAGS=''
General & Infrastructure	UNKNOWN STEP	2026-04-04T13:52:45.2661247Z CGO_CXXFLAGS='-O2 -g'
General & Infrastructure	UNKNOWN STEP	2026-04-04T13:52:45.2661569Z CGO_FFLAGS='-O2 -g'
General & Infrastructure	UNKNOWN STEP	2026-04-04T13:52:45.2661845Z CGO_LDFLAGS='-O2 -g'
General & Infrastructure	UNKNOWN STEP	2026-04-04T13:52:45.2662183Z PKG_CONFIG='pkg-config'
General & Infrastructure	UNKNOWN STEP	2026-04-04T13:52:45.2663377Z GOGCCFLAGS='-fPIC -m64 -pthread -Wl,--no-gc-sections -fmessage-length=0 -ffile-prefix-map=/tmp/go-build3043837199=/tmp/go-build -gno-record-gcc-switches'
General & Infrastructure	UNKNOWN STEP	2026-04-04T13:52:45.2664413Z 
General & Infrastructure	UNKNOWN STEP	2026-04-04T13:52:45.2664773Z ##[endgroup]
General & Infrastructure	UNKNOWN STEP	2026-04-04T13:52:45.2772882Z ##[group]Run npm ci
General & Infrastructure	UNKNOWN STEP	2026-04-04T13:52:45.2773185Z [36;1mnpm ci[0m
General & Infrastructure	UNKNOWN STEP	2026-04-04T13:52:45.2813037Z shell: /usr/bin/bash -e {0}
General & Infrastructure	UNKNOWN STEP	2026-04-04T13:52:45.2813323Z ##[endgroup]
General & Infrastructure	UNKNOWN STEP	2026-04-04T13:52:47.7569961Z npm warn deprecated popper.js@1.16.1: You can find the new Popper v2 at @popperjs/core, this package is dedicated to the legacy v1
General & Infrastructure	UNKNOWN STEP	2026-04-04T13:52:48.4150143Z 
General & Infrastructure	UNKNOWN STEP	2026-04-04T13:52:48.4152651Z added 337 packages, and audited 338 packages in 3s
General & Infrastructure	UNKNOWN STEP	2026-04-04T13:52:48.4153100Z 
General & Infrastructure	UNKNOWN STEP	2026-04-04T13:52:48.4153396Z 116 packages are looking for funding
General & Infrastructure	UNKNOWN STEP	2026-04-04T13:52:48.4153926Z   run `npm fund` for details
General & Infrastructure	UNKNOWN STEP	2026-04-04T13:52:48.4163982Z 
General & Infrastructure	UNKNOWN STEP	2026-04-04T13:52:48.4164506Z found 0 vulnerabilities
General & Infrastructure	UNKNOWN STEP	2026-04-04T13:52:48.4463232Z ##[group]Run reviewdog/action-detect-secrets@v0
General & Infrastructure	UNKNOWN STEP	2026-04-04T13:52:48.4463566Z with:
General & Infrastructure	UNKNOWN STEP	2026-04-04T13:52:48.4463990Z   github_token: ***
General & Infrastructure	UNKNOWN STEP	2026-04-04T13:52:48.4464216Z   reporter: github-pr-review
General & Infrastructure	UNKNOWN STEP	2026-04-04T13:52:48.4464455Z   name: detect-secrets
General & Infrastructure	UNKNOWN STEP	2026-04-04T13:52:48.4464678Z   workdir: .
General & Infrastructure	UNKNOWN STEP	2026-04-04T13:52:48.4464859Z   filter_mode: added
General & Infrastructure	UNKNOWN STEP	2026-04-04T13:52:48.4465059Z   fail_level: none
General & Infrastructure	UNKNOWN STEP	2026-04-04T13:52:48.4465250Z   fail_on_error: false
General & Infrastructure	UNKNOWN STEP	2026-04-04T13:52:48.4465446Z   level: error
General & Infrastructure	UNKNOWN STEP	2026-04-04T13:52:48.4465726Z   detect_secrets_flags: --all-files --force-use-all-plugins
General & Infrastructure	UNKNOWN STEP	2026-04-04T13:52:48.4466057Z   skip_audited: false
General & Infrastructure	UNKNOWN STEP	2026-04-04T13:52:48.4466262Z   verbose: false
General & Infrastructure	UNKNOWN STEP	2026-04-04T13:52:48.4466442Z ##[endgroup]
General & Infrastructure	UNKNOWN STEP	2026-04-04T13:52:48.4568464Z ##[command]/usr/bin/docker run --name c7c37dafec98b3df5342b3b0811a71d14d624a_ff8c7a --label c7c37d --workdir /github/workspace --rm -e "INPUT_GITHUB_TOKEN" -e "INPUT_REPORTER" -e "INPUT_NAME" -e "INPUT_WORKDIR" -e "INPUT_FILTER_MODE" -e "INPUT_FAIL_LEVEL" -e "INPUT_FAIL_ON_ERROR" -e "INPUT_LEVEL" -e "INPUT_REVIEWDOG_FLAGS" -e "INPUT_DETECT_SECRETS_FLAGS" -e "INPUT_BASELINE_PATH" -e "INPUT_SKIP_AUDITED" -e "INPUT_VERBOSE" -e "HOME" -e "GITHUB_JOB" -e "GITHUB_REF" -e "GITHUB_SHA" -e "GITHUB_REPOSITORY" -e "GITHUB_REPOSITORY_OWNER" -e "GITHUB_REPOSITORY_OWNER_ID" -e "GITHUB_RUN_ID" -e "GITHUB_RUN_NUMBER" -e "GITHUB_RETENTION_DAYS" -e "GITHUB_RUN_ATTEMPT" -e "GITHUB_ACTOR_ID" -e "GITHUB_ACTOR" -e "GITHUB_WORKFLOW" -e "GITHUB_HEAD_REF" -e "GITHUB_BASE_REF" -e "GITHUB_EVENT_NAME" -e "GITHUB_SERVER_URL" -e "GITHUB_API_URL" -e "GITHUB_GRAPHQL_URL" -e "GITHUB_REF_NAME" -e "GITHUB_REF_PROTECTED" -e "GITHUB_REF_TYPE" -e "GITHUB_WORKFLOW_REF" -e "GITHUB_WORKFLOW_SHA" -e "GITHUB_REPOSITORY_ID" -e "GITHUB_TRIGGERING_ACTOR" -e "GITHUB_WORKSPACE" -e "GITHUB_ACTION" -e "GITHUB_EVENT_PATH" -e "GITHUB_ACTION_REPOSITORY" -e "GITHUB_ACTION_REF" -e "GITHUB_PATH" -e "GITHUB_ENV" -e "GITHUB_STEP_SUMMARY" -e "GITHUB_STATE" -e "GITHUB_OUTPUT" -e "RUNNER_OS" -e "RUNNER_ARCH" -e "RUNNER_NAME" -e "RUNNER_ENVIRONMENT" -e "RUNNER_TOOL_CACHE" -e "RUNNER_TEMP" -e "RUNNER_WORKSPACE" -e "ACTIONS_RUNTIME_URL" -e "ACTIONS_RUNTIME_TOKEN" -e "ACTIONS_CACHE_URL" -e "ACTIONS_RESULTS_URL" -e "ACTIONS_ORCHESTRATION_ID" -e GITHUB_ACTIONS=true -e CI=true -v "/var/run/docker.sock":"/var/run/docker.sock" -v "/home/runner/work/_temp":"/github/runner_temp" -v "/home/runner/work/_temp/_github_home":"/github/home" -v "/home/runner/work/_temp/_github_workflow":"/github/workflow" -v "/home/runner/work/_temp/_runner_file_commands":"/github/file_commands" -v "/home/runner/work/utba-swarmmap/utba-swarmmap":"/github/workspace" c7c37d:afec98b3df5342b3b0811a71d14d624a
General & Infrastructure	UNKNOWN STEP	2026-04-04T13:52:49.2575154Z 1.5.0
General & Infrastructure	UNKNOWN STEP	2026-04-04T13:56:17.5034934Z ##[group]Run reviewdog/action-actionlint@v1
General & Infrastructure	UNKNOWN STEP	2026-04-04T13:56:17.5035294Z with:
General & Infrastructure	UNKNOWN STEP	2026-04-04T13:56:17.5035712Z   github_token: ***
General & Infrastructure	UNKNOWN STEP	2026-04-04T13:56:17.5035954Z   reporter: github-pr-review
General & Infrastructure	UNKNOWN STEP	2026-04-04T13:56:17.5036203Z   tool_name: actionlint
General & Infrastructure	UNKNOWN STEP	2026-04-04T13:56:17.5036412Z   level: error
General & Infrastructure	UNKNOWN STEP	2026-04-04T13:56:17.5036601Z   filter_mode: file
General & Infrastructure	UNKNOWN STEP	2026-04-04T13:56:17.5036796Z   fail_level: none
General & Infrastructure	UNKNOWN STEP	2026-04-04T13:56:17.5036996Z   fail_on_error: false
General & Infrastructure	UNKNOWN STEP	2026-04-04T13:56:17.5037200Z ##[endgroup]
General & Infrastructure	UNKNOWN STEP	2026-04-04T13:56:17.5051151Z ##[command]/usr/bin/docker run --name ghcrioreviewdogactionactionlintv1720_87818d --label c7c37d --workdir /github/workspace --rm -e "INPUT_GITHUB_TOKEN" -e "INPUT_REPORTER" -e "INPUT_TOOL_NAME" -e "INPUT_LEVEL" -e "INPUT_FILTER_MODE" -e "INPUT_FAIL_LEVEL" -e "INPUT_FAIL_ON_ERROR" -e "INPUT_REVIEWDOG_FLAGS" -e "INPUT_ACTIONLINT_FLAGS" -e "HOME" -e "GITHUB_JOB" -e "GITHUB_REF" -e "GITHUB_SHA" -e "GITHUB_REPOSITORY" -e "GITHUB_REPOSITORY_OWNER" -e "GITHUB_REPOSITORY_OWNER_ID" -e "GITHUB_RUN_ID" -e "GITHUB_RUN_NUMBER" -e "GITHUB_RETENTION_DAYS" -e "GITHUB_RUN_ATTEMPT" -e "GITHUB_ACTOR_ID" -e "GITHUB_ACTOR" -e "GITHUB_WORKFLOW" -e "GITHUB_HEAD_REF" -e "GITHUB_BASE_REF" -e "GITHUB_EVENT_NAME" -e "GITHUB_SERVER_URL" -e "GITHUB_API_URL" -e "GITHUB_GRAPHQL_URL" -e "GITHUB_REF_NAME" -e "GITHUB_REF_PROTECTED" -e "GITHUB_REF_TYPE" -e "GITHUB_WORKFLOW_REF" -e "GITHUB_WORKFLOW_SHA" -e "GITHUB_REPOSITORY_ID" -e "GITHUB_TRIGGERING_ACTOR" -e "GITHUB_WORKSPACE" -e "GITHUB_ACTION" -e "GITHUB_EVENT_PATH" -e "GITHUB_ACTION_REPOSITORY" -e "GITHUB_ACTION_REF" -e "GITHUB_PATH" -e "GITHUB_ENV" -e "GITHUB_STEP_SUMMARY" -e "GITHUB_STATE" -e "GITHUB_OUTPUT" -e "RUNNER_OS" -e "RUNNER_ARCH" -e "RUNNER_NAME" -e "RUNNER_ENVIRONMENT" -e "RUNNER_TOOL_CACHE" -e "RUNNER_TEMP" -e "RUNNER_WORKSPACE" -e "ACTIONS_RUNTIME_URL" -e "ACTIONS_RUNTIME_TOKEN" -e "ACTIONS_CACHE_URL" -e "ACTIONS_RESULTS_URL" -e "ACTIONS_ORCHESTRATION_ID" -e GITHUB_ACTIONS=true -e CI=true --entrypoint "/entrypoint.sh" -v "/var/run/docker.sock":"/var/run/docker.sock" -v "/home/runner/work/_temp":"/github/runner_temp" -v "/home/runner/work/_temp/_github_home":"/github/home" -v "/home/runner/work/_temp/_github_workflow":"/github/workflow" -v "/home/runner/work/_temp/_runner_file_commands":"/github/file_commands" -v "/home/runner/work/utba-swarmmap/utba-swarmmap":"/github/workspace" ghcr.io/reviewdog/action-actionlint:v1.72.0
General & Infrastructure	UNKNOWN STEP	2026-04-04T13:56:18.1489159Z ##[group]Run ibiqlik/action-yamllint@v3
General & Infrastructure	UNKNOWN STEP	2026-04-04T13:56:18.1489464Z with:
General & Infrastructure	UNKNOWN STEP	2026-04-04T13:56:18.1489647Z   file_or_dir: .
General & Infrastructure	UNKNOWN STEP	2026-04-04T13:56:18.1489857Z   config_file: .yamllint.yaml
General & Infrastructure	UNKNOWN STEP	2026-04-04T13:56:18.1490117Z   format: parsable
General & Infrastructure	UNKNOWN STEP	2026-04-04T13:56:18.1490602Z   strict: false
General & Infrastructure	UNKNOWN STEP	2026-04-04T13:56:18.1490793Z   no_warnings: false
General & Infrastructure	UNKNOWN STEP	2026-04-04T13:56:18.1490998Z ##[endgroup]
General & Infrastructure	UNKNOWN STEP	2026-04-04T13:56:18.1592073Z ##[group]Run # export LOGFILE=$(mktemp yamllint-XXXXXX)
General & Infrastructure	UNKNOWN STEP	2026-04-04T13:56:18.1592503Z [36;1m# export LOGFILE=$(mktemp yamllint-XXXXXX)[0m
General & Infrastructure	UNKNOWN STEP	2026-04-04T13:56:18.1592935Z [36;1m/home/runner/work/_actions/ibiqlik/action-yamllint/v3/entrypoint.sh[0m
General & Infrastructure	UNKNOWN STEP	2026-04-04T13:56:18.1621610Z shell: /usr/bin/bash --noprofile --norc -e -o pipefail {0}
General & Infrastructure	UNKNOWN STEP	2026-04-04T13:56:18.1621941Z env:
General & Infrastructure	UNKNOWN STEP	2026-04-04T13:56:18.1622128Z   INPUT_FILE_OR_DIR: .
General & Infrastructure	UNKNOWN STEP	2026-04-04T13:56:18.1622362Z   INPUT_CONFIG_FILE: .yamllint.yaml
General & Infrastructure	UNKNOWN STEP	2026-04-04T13:56:18.1622614Z   INPUT_CONFIG_DATA: 
General & Infrastructure	UNKNOWN STEP	2026-04-04T13:56:18.1622827Z   INPUT_FORMAT: parsable
General & Infrastructure	UNKNOWN STEP	2026-04-04T13:56:18.1623084Z   INPUT_STRICT: false
General & Infrastructure	UNKNOWN STEP	2026-04-04T13:56:18.1623290Z   INPUT_NO_WARNINGS: false
General & Infrastructure	UNKNOWN STEP	2026-04-04T13:56:18.1623501Z ##[endgroup]
General & Infrastructure	UNKNOWN STEP	2026-04-04T13:56:18.3425338Z ======================
General & Infrastructure	UNKNOWN STEP	2026-04-04T13:56:18.3425845Z = Linting YAML files =
General & Infrastructure	UNKNOWN STEP	2026-04-04T13:56:18.3426358Z ======================
General & Infrastructure	UNKNOWN STEP	2026-04-04T13:56:19.3506005Z ./backend/cloudbuild.yaml:46:161: [error] line too long (172 > 160 characters) (line-length)
General & Infrastructure	UNKNOWN STEP	2026-04-04T13:56:19.3507246Z ./backend/cloudbuild.yaml:74:31: [warning] too few spaces before comment: expected 2 (comments)
General & Infrastructure	UNKNOWN STEP	2026-04-04T13:56:19.3508320Z ./backend/cloudbuild.yaml:75:1: [error] too many blank lines (1 > 0) (empty-lines)
General & Infrastructure	UNKNOWN STEP	2026-04-04T13:56:19.3509504Z ./.github/workflows/pr-checks.yaml:4:1: [warning] truthy value should be one of [false, no, true, yes] (truthy)
General & Infrastructure	UNKNOWN STEP	2026-04-04T13:56:19.3510918Z ./frontend/cloudbuild.yaml:33:1: [error] too many blank lines (1 > 0) (empty-lines)
General & Infrastructure	UNKNOWN STEP	2026-04-04T13:56:19.3649222Z ##[error]Process completed with exit code 1.
General & Infrastructure	UNKNOWN STEP	2026-04-04T13:56:19.3781319Z Post job cleanup.
General & Infrastructure	UNKNOWN STEP	2026-04-04T13:56:19.4768575Z [command]/usr/bin/git version
General & Infrastructure	UNKNOWN STEP	2026-04-04T13:56:19.4807491Z git version 2.53.0
General & Infrastructure	UNKNOWN STEP	2026-04-04T13:56:19.4860738Z Temporarily overriding HOME='/home/runner/work/_temp/2d28ce98-d392-45cd-b906-26070608b19f' before making global git config changes
General & Infrastructure	UNKNOWN STEP	2026-04-04T13:56:19.4862854Z Adding repository directory to the temporary git global config as a safe directory
General & Infrastructure	UNKNOWN STEP	2026-04-04T13:56:19.4866648Z [command]/usr/bin/git config --global --add safe.directory /home/runner/work/utba-swarmmap/utba-swarmmap
General & Infrastructure	UNKNOWN STEP	2026-04-04T13:56:19.4906486Z [command]/usr/bin/git config --local --name-only --get-regexp core\.sshCommand
General & Infrastructure	UNKNOWN STEP	2026-04-04T13:56:19.4940968Z [command]/usr/bin/git submodule foreach --recursive sh -c "git config --local --name-only --get-regexp 'core\.sshCommand' && git config --local --unset-all 'core.sshCommand' || :"
General & Infrastructure	UNKNOWN STEP	2026-04-04T13:56:19.5176710Z [command]/usr/bin/git config --local --name-only --get-regexp http\.https\:\/\/github\.com\/\.extraheader
General & Infrastructure	UNKNOWN STEP	2026-04-04T13:56:19.5199470Z http.https://github.com/.extraheader
General & Infrastructure	UNKNOWN STEP	2026-04-04T13:56:19.5213628Z [command]/usr/bin/git config --local --unset-all http.https://github.com/.extraheader
General & Infrastructure	UNKNOWN STEP	2026-04-04T13:56:19.5247208Z [command]/usr/bin/git submodule foreach --recursive sh -c "git config --local --name-only --get-regexp 'http\.https\:\/\/github\.com\/\.extraheader' && git config --local --unset-all 'http.https://github.com/.extraheader' || :"
General & Infrastructure	UNKNOWN STEP	2026-04-04T13:56:19.5474111Z [command]/usr/bin/git config --local --name-only --get-regexp ^includeIf\.gitdir:
General & Infrastructure	UNKNOWN STEP	2026-04-04T13:56:19.5508724Z [command]/usr/bin/git submodule foreach --recursive git config --local --show-origin --name-only --get-regexp remote.origin.url
General & Infrastructure	UNKNOWN STEP	2026-04-04T13:56:19.5859488Z Cleaning up orphan processes
General & Infrastructure	UNKNOWN STEP	2026-04-04T13:56:19.6329042Z ##[warning]Node.js 20 actions are deprecated. The following actions are running on Node.js 20 and may not work as expected: actions/checkout@v4, actions/setup-go@v5, actions/setup-node@v4. Actions will be forced to run with Node.js 24 by default starting June 2nd, 2026. Node.js 20 will be removed from the runner on September 16th, 2026. Please check if updated versions of these actions are available that support Node.js 24. To opt into Node.js 24 now, set the FORCE_JAVASCRIPT_ACTIONS_TO_NODE24=true environment variable on the runner or in your workflow file. Once Node.js 24 becomes the default, you can temporarily opt out by setting ACTIONS_ALLOW_USE_UNSECURE_NODE_VERSION=true. For more information see: https://github.blog/changelog/2025-09-19-deprecation-of-node-20-on-github-actions-runners/
Frontend (JS/HTML/CSS)	UNKNOWN STEP	﻿2026-04-04T13:52:10.0282932Z Current runner version: '2.333.1'
Frontend (JS/HTML/CSS)	UNKNOWN STEP	2026-04-04T13:52:10.0307468Z ##[group]Runner Image Provisioner
Frontend (JS/HTML/CSS)	UNKNOWN STEP	2026-04-04T13:52:10.0308198Z Hosted Compute Agent
Frontend (JS/HTML/CSS)	UNKNOWN STEP	2026-04-04T13:52:10.0308926Z Version: 20260213.493
Frontend (JS/HTML/CSS)	UNKNOWN STEP	2026-04-04T13:52:10.0309600Z Commit: 5c115507f6dd24b8de37d8bbe0bb4509d0cc0fa3
Frontend (JS/HTML/CSS)	UNKNOWN STEP	2026-04-04T13:52:10.0310190Z Build Date: 2026-02-13T00:28:41Z
Frontend (JS/HTML/CSS)	UNKNOWN STEP	2026-04-04T13:52:10.0310804Z Worker ID: {08c83fe3-4b82-4c72-b124-80fd3c543c46}
Frontend (JS/HTML/CSS)	UNKNOWN STEP	2026-04-04T13:52:10.0311435Z Azure Region: westus3
Frontend (JS/HTML/CSS)	UNKNOWN STEP	2026-04-04T13:52:10.0311940Z ##[endgroup]
Frontend (JS/HTML/CSS)	UNKNOWN STEP	2026-04-04T13:52:10.0313306Z ##[group]Operating System
Frontend (JS/HTML/CSS)	UNKNOWN STEP	2026-04-04T13:52:10.0313844Z Ubuntu
Frontend (JS/HTML/CSS)	UNKNOWN STEP	2026-04-04T13:52:10.0314245Z 24.04.4
Frontend (JS/HTML/CSS)	UNKNOWN STEP	2026-04-04T13:52:10.0314627Z LTS
Frontend (JS/HTML/CSS)	UNKNOWN STEP	2026-04-04T13:52:10.0315059Z ##[endgroup]
Frontend (JS/HTML/CSS)	UNKNOWN STEP	2026-04-04T13:52:10.0315455Z ##[group]Runner Image
Frontend (JS/HTML/CSS)	UNKNOWN STEP	2026-04-04T13:52:10.0315932Z Image: ubuntu-24.04
Frontend (JS/HTML/CSS)	UNKNOWN STEP	2026-04-04T13:52:10.0316388Z Version: 20260329.72.1
Frontend (JS/HTML/CSS)	UNKNOWN STEP	2026-04-04T13:52:10.0317430Z Included Software: https://github.com/actions/runner-images/blob/ubuntu24/20260329.72/images/ubuntu/Ubuntu2404-Readme.md
Frontend (JS/HTML/CSS)	UNKNOWN STEP	2026-04-04T13:52:10.0318834Z Image Release: https://github.com/actions/runner-images/releases/tag/ubuntu24%2F20260329.72
Frontend (JS/HTML/CSS)	UNKNOWN STEP	2026-04-04T13:52:10.0319611Z ##[endgroup]
Frontend (JS/HTML/CSS)	UNKNOWN STEP	2026-04-04T13:52:10.0320560Z ##[group]GITHUB_TOKEN Permissions
Frontend (JS/HTML/CSS)	UNKNOWN STEP	2026-04-04T13:52:10.0322360Z Contents: read
Frontend (JS/HTML/CSS)	UNKNOWN STEP	2026-04-04T13:52:10.0322808Z Metadata: read
Frontend (JS/HTML/CSS)	UNKNOWN STEP	2026-04-04T13:52:10.0323283Z Packages: read
Frontend (JS/HTML/CSS)	UNKNOWN STEP	2026-04-04T13:52:10.0323688Z ##[endgroup]
Frontend (JS/HTML/CSS)	UNKNOWN STEP	2026-04-04T13:52:10.0325621Z Secret source: None
Frontend (JS/HTML/CSS)	UNKNOWN STEP	2026-04-04T13:52:10.0326143Z Prepare workflow directory
Frontend (JS/HTML/CSS)	UNKNOWN STEP	2026-04-04T13:52:10.0664822Z Prepare all required actions
Frontend (JS/HTML/CSS)	UNKNOWN STEP	2026-04-04T13:52:10.0725937Z Getting action download info
Frontend (JS/HTML/CSS)	UNKNOWN STEP	2026-04-04T13:52:10.4638973Z Download action repository 'actions/checkout@v4' (SHA:34e114876b0b11c390a56381ad16ebd13914f8d5)
Frontend (JS/HTML/CSS)	UNKNOWN STEP	2026-04-04T13:52:10.5833213Z Download action repository 'actions/setup-node@v4' (SHA:49933ea5288caeca8642d1e84afbd3f7d6820020)
Frontend (JS/HTML/CSS)	UNKNOWN STEP	2026-04-04T13:52:10.8035164Z Complete job name: Frontend (JS/HTML/CSS)
Frontend (JS/HTML/CSS)	UNKNOWN STEP	2026-04-04T13:52:10.8654488Z ##[group]Run actions/checkout@v4
Frontend (JS/HTML/CSS)	UNKNOWN STEP	2026-04-04T13:52:10.8655422Z with:
Frontend (JS/HTML/CSS)	UNKNOWN STEP	2026-04-04T13:52:10.8655865Z   repository: fkcurrie/utba-swarmmap
Frontend (JS/HTML/CSS)	UNKNOWN STEP	2026-04-04T13:52:10.8656594Z   token: ***
Frontend (JS/HTML/CSS)	UNKNOWN STEP	2026-04-04T13:52:10.8656964Z   ssh-strict: true
Frontend (JS/HTML/CSS)	UNKNOWN STEP	2026-04-04T13:52:10.8657430Z   ssh-user: git
Frontend (JS/HTML/CSS)	UNKNOWN STEP	2026-04-04T13:52:10.8658002Z   persist-credentials: true
Frontend (JS/HTML/CSS)	UNKNOWN STEP	2026-04-04T13:52:10.8658434Z   clean: true
Frontend (JS/HTML/CSS)	UNKNOWN STEP	2026-04-04T13:52:10.8659240Z   sparse-checkout-cone-mode: true
Frontend (JS/HTML/CSS)	UNKNOWN STEP	2026-04-04T13:52:10.8659724Z   fetch-depth: 1
Frontend (JS/HTML/CSS)	UNKNOWN STEP	2026-04-04T13:52:10.8660154Z   fetch-tags: false
Frontend (JS/HTML/CSS)	UNKNOWN STEP	2026-04-04T13:52:10.8660553Z   show-progress: true
Frontend (JS/HTML/CSS)	UNKNOWN STEP	2026-04-04T13:52:10.8661009Z   lfs: false
Frontend (JS/HTML/CSS)	UNKNOWN STEP	2026-04-04T13:52:10.8661367Z   submodules: false
Frontend (JS/HTML/CSS)	UNKNOWN STEP	2026-04-04T13:52:10.8661979Z   set-safe-directory: true
Frontend (JS/HTML/CSS)	UNKNOWN STEP	2026-04-04T13:52:10.8662828Z ##[endgroup]
Frontend (JS/HTML/CSS)	UNKNOWN STEP	2026-04-04T13:52:10.9787936Z Syncing repository: fkcurrie/utba-swarmmap
Frontend (JS/HTML/CSS)	UNKNOWN STEP	2026-04-04T13:52:10.9789843Z ##[group]Getting Git version info
Frontend (JS/HTML/CSS)	UNKNOWN STEP	2026-04-04T13:52:10.9790581Z Working directory is '/home/runner/work/utba-swarmmap/utba-swarmmap'
Frontend (JS/HTML/CSS)	UNKNOWN STEP	2026-04-04T13:52:10.9791450Z [command]/usr/bin/git version
Frontend (JS/HTML/CSS)	UNKNOWN STEP	2026-04-04T13:52:10.9822611Z git version 2.53.0
Frontend (JS/HTML/CSS)	UNKNOWN STEP	2026-04-04T13:52:10.9845750Z ##[endgroup]
Frontend (JS/HTML/CSS)	UNKNOWN STEP	2026-04-04T13:52:10.9859348Z Temporarily overriding HOME='/home/runner/work/_temp/5624c1d0-37ed-41ae-9e1a-c4ecf5bf2326' before making global git config changes
Frontend (JS/HTML/CSS)	UNKNOWN STEP	2026-04-04T13:52:10.9860535Z Adding repository directory to the temporary git global config as a safe directory
Frontend (JS/HTML/CSS)	UNKNOWN STEP	2026-04-04T13:52:10.9865503Z [command]/usr/bin/git config --global --add safe.directory /home/runner/work/utba-swarmmap/utba-swarmmap
Frontend (JS/HTML/CSS)	UNKNOWN STEP	2026-04-04T13:52:10.9893662Z Deleting the contents of '/home/runner/work/utba-swarmmap/utba-swarmmap'
Frontend (JS/HTML/CSS)	UNKNOWN STEP	2026-04-04T13:52:10.9896661Z ##[group]Initializing the repository
Frontend (JS/HTML/CSS)	UNKNOWN STEP	2026-04-04T13:52:10.9900834Z [command]/usr/bin/git init /home/runner/work/utba-swarmmap/utba-swarmmap
Frontend (JS/HTML/CSS)	UNKNOWN STEP	2026-04-04T13:52:10.9954494Z hint: Using 'master' as the name for the initial branch. This default branch name
Frontend (JS/HTML/CSS)	UNKNOWN STEP	2026-04-04T13:52:10.9955439Z hint: will change to "main" in Git 3.0. To configure the initial branch name
Frontend (JS/HTML/CSS)	UNKNOWN STEP	2026-04-04T13:52:10.9956215Z hint: to use in all of your new repositories, which will suppress this warning,
Frontend (JS/HTML/CSS)	UNKNOWN STEP	2026-04-04T13:52:10.9957101Z hint: call:
Frontend (JS/HTML/CSS)	UNKNOWN STEP	2026-04-04T13:52:10.9957621Z hint:
Frontend (JS/HTML/CSS)	UNKNOWN STEP	2026-04-04T13:52:10.9958420Z hint: 	git config --global init.defaultBranch <name>
Frontend (JS/HTML/CSS)	UNKNOWN STEP	2026-04-04T13:52:10.9959086Z hint:
Frontend (JS/HTML/CSS)	UNKNOWN STEP	2026-04-04T13:52:10.9959551Z hint: Names commonly chosen instead of 'master' are 'main', 'trunk' and
Frontend (JS/HTML/CSS)	UNKNOWN STEP	2026-04-04T13:52:10.9960695Z hint: 'development'. The just-created branch can be renamed via this command:
Frontend (JS/HTML/CSS)	UNKNOWN STEP	2026-04-04T13:52:10.9961287Z hint:
Frontend (JS/HTML/CSS)	UNKNOWN STEP	2026-04-04T13:52:10.9961612Z hint: 	git branch -m <name>
Frontend (JS/HTML/CSS)	UNKNOWN STEP	2026-04-04T13:52:10.9961981Z hint:
Frontend (JS/HTML/CSS)	UNKNOWN STEP	2026-04-04T13:52:10.9962489Z hint: Disable this message with "git config set advice.defaultBranchName false"
Frontend (JS/HTML/CSS)	UNKNOWN STEP	2026-04-04T13:52:10.9963373Z Initialized empty Git repository in /home/runner/work/utba-swarmmap/utba-swarmmap/.git/
Frontend (JS/HTML/CSS)	UNKNOWN STEP	2026-04-04T13:52:10.9966122Z [command]/usr/bin/git remote add origin https://github.com/fkcurrie/utba-swarmmap
Frontend (JS/HTML/CSS)	UNKNOWN STEP	2026-04-04T13:52:10.9992839Z ##[endgroup]
Frontend (JS/HTML/CSS)	UNKNOWN STEP	2026-04-04T13:52:10.9993919Z ##[group]Disabling automatic garbage collection
Frontend (JS/HTML/CSS)	UNKNOWN STEP	2026-04-04T13:52:10.9998069Z [command]/usr/bin/git config --local gc.auto 0
Frontend (JS/HTML/CSS)	UNKNOWN STEP	2026-04-04T13:52:11.0024624Z ##[endgroup]
Frontend (JS/HTML/CSS)	UNKNOWN STEP	2026-04-04T13:52:11.0025618Z ##[group]Setting up auth
Frontend (JS/HTML/CSS)	UNKNOWN STEP	2026-04-04T13:52:11.0031982Z [command]/usr/bin/git config --local --name-only --get-regexp core\.sshCommand
Frontend (JS/HTML/CSS)	UNKNOWN STEP	2026-04-04T13:52:11.0059481Z [command]/usr/bin/git submodule foreach --recursive sh -c "git config --local --name-only --get-regexp 'core\.sshCommand' && git config --local --unset-all 'core.sshCommand' || :"
Frontend (JS/HTML/CSS)	UNKNOWN STEP	2026-04-04T13:52:11.0300544Z [command]/usr/bin/git config --local --name-only --get-regexp http\.https\:\/\/github\.com\/\.extraheader
Frontend (JS/HTML/CSS)	UNKNOWN STEP	2026-04-04T13:52:11.0324775Z [command]/usr/bin/git submodule foreach --recursive sh -c "git config --local --name-only --get-regexp 'http\.https\:\/\/github\.com\/\.extraheader' && git config --local --unset-all 'http.https://github.com/.extraheader' || :"
Frontend (JS/HTML/CSS)	UNKNOWN STEP	2026-04-04T13:52:11.0493665Z [command]/usr/bin/git config --local --name-only --get-regexp ^includeIf\.gitdir:
Frontend (JS/HTML/CSS)	UNKNOWN STEP	2026-04-04T13:52:11.0525192Z [command]/usr/bin/git submodule foreach --recursive git config --local --show-origin --name-only --get-regexp remote.origin.url
Frontend (JS/HTML/CSS)	UNKNOWN STEP	2026-04-04T13:52:11.0702375Z [command]/usr/bin/git config --local http.https://github.com/.extraheader AUTHORIZATION: basic ***
Frontend (JS/HTML/CSS)	UNKNOWN STEP	2026-04-04T13:52:11.0735734Z ##[endgroup]
Frontend (JS/HTML/CSS)	UNKNOWN STEP	2026-04-04T13:52:11.0736817Z ##[group]Fetching the repository
Frontend (JS/HTML/CSS)	UNKNOWN STEP	2026-04-04T13:52:11.0744790Z [command]/usr/bin/git -c protocol.version=2 fetch --no-tags --prune --no-recurse-submodules --depth=1 origin +660d86f796567c5f7e45da699f6e69abe3ad31d6:refs/remotes/pull/11/merge
Frontend (JS/HTML/CSS)	UNKNOWN STEP	2026-04-04T13:52:11.8715245Z From https://github.com/fkcurrie/utba-swarmmap
Frontend (JS/HTML/CSS)	UNKNOWN STEP	2026-04-04T13:52:11.8719007Z  * [new ref]         660d86f796567c5f7e45da699f6e69abe3ad31d6 -> pull/11/merge
Frontend (JS/HTML/CSS)	UNKNOWN STEP	2026-04-04T13:52:11.8741617Z ##[endgroup]
Frontend (JS/HTML/CSS)	UNKNOWN STEP	2026-04-04T13:52:11.8743183Z ##[group]Determining the checkout info
Frontend (JS/HTML/CSS)	UNKNOWN STEP	2026-04-04T13:52:11.8744645Z ##[endgroup]
Frontend (JS/HTML/CSS)	UNKNOWN STEP	2026-04-04T13:52:11.8747477Z [command]/usr/bin/git sparse-checkout disable
Frontend (JS/HTML/CSS)	UNKNOWN STEP	2026-04-04T13:52:11.8777485Z [command]/usr/bin/git config --local --unset-all extensions.worktreeConfig
Frontend (JS/HTML/CSS)	UNKNOWN STEP	2026-04-04T13:52:11.8799212Z ##[group]Checking out the ref
Frontend (JS/HTML/CSS)	UNKNOWN STEP	2026-04-04T13:52:11.8802315Z [command]/usr/bin/git checkout --progress --force refs/remotes/pull/11/merge
Frontend (JS/HTML/CSS)	UNKNOWN STEP	2026-04-04T13:52:11.9004614Z Note: switching to 'refs/remotes/pull/11/merge'.
Frontend (JS/HTML/CSS)	UNKNOWN STEP	2026-04-04T13:52:11.9006140Z 
Frontend (JS/HTML/CSS)	UNKNOWN STEP	2026-04-04T13:52:11.9007221Z You are in 'detached HEAD' state. You can look around, make experimental
Frontend (JS/HTML/CSS)	UNKNOWN STEP	2026-04-04T13:52:11.9010094Z changes and commit them, and you can discard any commits you make in this
Frontend (JS/HTML/CSS)	UNKNOWN STEP	2026-04-04T13:52:11.9012874Z state without impacting any branches by switching back to a branch.
Frontend (JS/HTML/CSS)	UNKNOWN STEP	2026-04-04T13:52:11.9014585Z 
Frontend (JS/HTML/CSS)	UNKNOWN STEP	2026-04-04T13:52:11.9015593Z If you want to create a new branch to retain commits you create, you may
Frontend (JS/HTML/CSS)	UNKNOWN STEP	2026-04-04T13:52:11.9018135Z do so (now or later) by using -c with the switch command. Example:
Frontend (JS/HTML/CSS)	UNKNOWN STEP	2026-04-04T13:52:11.9019797Z 
Frontend (JS/HTML/CSS)	UNKNOWN STEP	2026-04-04T13:52:11.9020448Z   git switch -c <new-branch-name>
Frontend (JS/HTML/CSS)	UNKNOWN STEP	2026-04-04T13:52:11.9021501Z 
Frontend (JS/HTML/CSS)	UNKNOWN STEP	2026-04-04T13:52:11.9022082Z Or undo this operation with:
Frontend (JS/HTML/CSS)	UNKNOWN STEP	2026-04-04T13:52:11.9023515Z 
Frontend (JS/HTML/CSS)	UNKNOWN STEP	2026-04-04T13:52:11.9023988Z   git switch -
Frontend (JS/HTML/CSS)	UNKNOWN STEP	2026-04-04T13:52:11.9024476Z 
Frontend (JS/HTML/CSS)	UNKNOWN STEP	2026-04-04T13:52:11.9025221Z Turn off this advice by setting config variable advice.detachedHead to false
Frontend (JS/HTML/CSS)	UNKNOWN STEP	2026-04-04T13:52:11.9026360Z 
Frontend (JS/HTML/CSS)	UNKNOWN STEP	2026-04-04T13:52:11.9027684Z HEAD is now at 660d86f Merge 26869667b5adeb1c5033e1154a543368c858cb9f into ce8c646a1e1a3155ecfdd83f5a8af5e375dad3a3
Frontend (JS/HTML/CSS)	UNKNOWN STEP	2026-04-04T13:52:11.9033535Z ##[endgroup]
Frontend (JS/HTML/CSS)	UNKNOWN STEP	2026-04-04T13:52:11.9049907Z [command]/usr/bin/git log -1 --format=%H
Frontend (JS/HTML/CSS)	UNKNOWN STEP	2026-04-04T13:52:11.9070478Z 660d86f796567c5f7e45da699f6e69abe3ad31d6
Frontend (JS/HTML/CSS)	UNKNOWN STEP	2026-04-04T13:52:11.9380621Z ##[group]Run actions/setup-node@v4
Frontend (JS/HTML/CSS)	UNKNOWN STEP	2026-04-04T13:52:11.9381768Z with:
Frontend (JS/HTML/CSS)	UNKNOWN STEP	2026-04-04T13:52:11.9382534Z   node-version: 20
Frontend (JS/HTML/CSS)	UNKNOWN STEP	2026-04-04T13:52:11.9383333Z   cache: npm
Frontend (JS/HTML/CSS)	UNKNOWN STEP	2026-04-04T13:52:11.9384118Z   always-auth: false
Frontend (JS/HTML/CSS)	UNKNOWN STEP	2026-04-04T13:52:11.9384989Z   check-latest: false
Frontend (JS/HTML/CSS)	UNKNOWN STEP	2026-04-04T13:52:11.9386167Z   token: ***
Frontend (JS/HTML/CSS)	UNKNOWN STEP	2026-04-04T13:52:11.9386936Z ##[endgroup]
Frontend (JS/HTML/CSS)	UNKNOWN STEP	2026-04-04T13:52:12.1059228Z Found in cache @ /opt/hostedtoolcache/node/20.20.2/x64
Frontend (JS/HTML/CSS)	UNKNOWN STEP	2026-04-04T13:52:12.1066800Z ##[group]Environment details
Frontend (JS/HTML/CSS)	UNKNOWN STEP	2026-04-04T13:52:18.5540692Z node: v20.20.2
Frontend (JS/HTML/CSS)	UNKNOWN STEP	2026-04-04T13:52:18.5541562Z npm: 10.8.2
Frontend (JS/HTML/CSS)	UNKNOWN STEP	2026-04-04T13:52:18.5541974Z yarn: 1.22.22
Frontend (JS/HTML/CSS)	UNKNOWN STEP	2026-04-04T13:52:18.5543304Z ##[endgroup]
Frontend (JS/HTML/CSS)	UNKNOWN STEP	2026-04-04T13:52:18.5564192Z [command]/opt/hostedtoolcache/node/20.20.2/x64/bin/npm config get cache
Frontend (JS/HTML/CSS)	UNKNOWN STEP	2026-04-04T13:52:18.7186051Z /home/runner/.npm
Frontend (JS/HTML/CSS)	UNKNOWN STEP	2026-04-04T13:52:19.0004988Z Cache hit for: node-cache-Linux-x64-npm-6c84bea60747005d4032d9ad1ac33a0328c1a7001d73c6f703872a43e2b231b4
Frontend (JS/HTML/CSS)	UNKNOWN STEP	2026-04-04T13:52:20.2106871Z Received 21125671 of 25319975 (83.4%), 20.1 MBs/sec
Frontend (JS/HTML/CSS)	UNKNOWN STEP	2026-04-04T13:52:20.2577613Z Received 25319975 of 25319975 (100.0%), 23.0 MBs/sec
Frontend (JS/HTML/CSS)	UNKNOWN STEP	2026-04-04T13:52:20.2579644Z Cache Size: ~24 MB (25319975 B)
Frontend (JS/HTML/CSS)	UNKNOWN STEP	2026-04-04T13:52:20.2604631Z [command]/usr/bin/tar -xf /home/runner/work/_temp/0dc9b19a-5306-4c87-9431-05df3d8d331d/cache.tzst -P -C /home/runner/work/utba-swarmmap/utba-swarmmap --use-compress-program unzstd
Frontend (JS/HTML/CSS)	UNKNOWN STEP	2026-04-04T13:52:20.3114946Z Cache restored successfully
Frontend (JS/HTML/CSS)	UNKNOWN STEP	2026-04-04T13:52:20.3129112Z Cache restored from key: node-cache-Linux-x64-npm-6c84bea60747005d4032d9ad1ac33a0328c1a7001d73c6f703872a43e2b231b4
Frontend (JS/HTML/CSS)	UNKNOWN STEP	2026-04-04T13:52:20.3239592Z ##[group]Run npm ci
Frontend (JS/HTML/CSS)	UNKNOWN STEP	2026-04-04T13:52:20.3239924Z [36;1mnpm ci[0m
Frontend (JS/HTML/CSS)	UNKNOWN STEP	2026-04-04T13:52:20.3269502Z shell: /usr/bin/bash -e {0}
Frontend (JS/HTML/CSS)	UNKNOWN STEP	2026-04-04T13:52:20.3269785Z ##[endgroup]
Frontend (JS/HTML/CSS)	UNKNOWN STEP	2026-04-04T13:52:22.9650498Z npm warn deprecated popper.js@1.16.1: You can find the new Popper v2 at @popperjs/core, this package is dedicated to the legacy v1
Frontend (JS/HTML/CSS)	UNKNOWN STEP	2026-04-04T13:52:23.4258049Z 
Frontend (JS/HTML/CSS)	UNKNOWN STEP	2026-04-04T13:52:23.4259049Z added 337 packages, and audited 338 packages in 3s
Frontend (JS/HTML/CSS)	UNKNOWN STEP	2026-04-04T13:52:23.4259471Z 
Frontend (JS/HTML/CSS)	UNKNOWN STEP	2026-04-04T13:52:23.4259734Z 116 packages are looking for funding
Frontend (JS/HTML/CSS)	UNKNOWN STEP	2026-04-04T13:52:23.4260193Z   run `npm fund` for details
Frontend (JS/HTML/CSS)	UNKNOWN STEP	2026-04-04T13:52:23.4269893Z 
Frontend (JS/HTML/CSS)	UNKNOWN STEP	2026-04-04T13:52:23.4270404Z found 0 vulnerabilities
Frontend (JS/HTML/CSS)	UNKNOWN STEP	2026-04-04T13:52:23.4414912Z ##[group]Run npx eslint "frontend/static/js/**/*.js"
Frontend (JS/HTML/CSS)	UNKNOWN STEP	2026-04-04T13:52:23.4415298Z [36;1mnpx eslint "frontend/static/js/**/*.js"[0m
Frontend (JS/HTML/CSS)	UNKNOWN STEP	2026-04-04T13:52:23.4432613Z shell: /usr/bin/bash -e {0}
Frontend (JS/HTML/CSS)	UNKNOWN STEP	2026-04-04T13:52:23.4432871Z ##[endgroup]
Frontend (JS/HTML/CSS)	UNKNOWN STEP	2026-04-04T13:52:24.0363888Z ##[group]Run npx prettier --check "frontend/static/**/*.{js,css}" "backend/templates/**/*.html"
Frontend (JS/HTML/CSS)	UNKNOWN STEP	2026-04-04T13:52:24.0364513Z [36;1mnpx prettier --check "frontend/static/**/*.{js,css}" "backend/templates/**/*.html"[0m
Frontend (JS/HTML/CSS)	UNKNOWN STEP	2026-04-04T13:52:24.0381074Z shell: /usr/bin/bash -e {0}
Frontend (JS/HTML/CSS)	UNKNOWN STEP	2026-04-04T13:52:24.0381324Z ##[endgroup]
Frontend (JS/HTML/CSS)	UNKNOWN STEP	2026-04-04T13:52:24.3724458Z Checking formatting...
Frontend (JS/HTML/CSS)	UNKNOWN STEP	2026-04-04T13:52:24.5554612Z All matched files use Prettier code style!
Frontend (JS/HTML/CSS)	UNKNOWN STEP	2026-04-04T13:52:24.5669148Z ##[group]Run npx htmlhint "backend/templates/**/*.html"
Frontend (JS/HTML/CSS)	UNKNOWN STEP	2026-04-04T13:52:24.5669534Z [36;1mnpx htmlhint "backend/templates/**/*.html"[0m
Frontend (JS/HTML/CSS)	UNKNOWN STEP	2026-04-04T13:52:24.5685840Z shell: /usr/bin/bash -e {0}
Frontend (JS/HTML/CSS)	UNKNOWN STEP	2026-04-04T13:52:24.5686086Z ##[endgroup]
Frontend (JS/HTML/CSS)	UNKNOWN STEP	2026-04-04T13:52:24.9149450Z 
Frontend (JS/HTML/CSS)	UNKNOWN STEP	2026-04-04T13:52:24.9165453Z    Config loaded: /home/runner/work/utba-swarmmap/utba-swarmmap/.htmlhintrc
Frontend (JS/HTML/CSS)	UNKNOWN STEP	2026-04-04T13:52:24.9166093Z 
Frontend (JS/HTML/CSS)	UNKNOWN STEP	2026-04-04T13:52:24.9351724Z Scanned 9 files, no errors found (22 ms).
Frontend (JS/HTML/CSS)	UNKNOWN STEP	2026-04-04T13:52:24.9465249Z ##[group]Run npx stylelint "frontend/static/css/**/*.css"
Frontend (JS/HTML/CSS)	UNKNOWN STEP	2026-04-04T13:52:24.9465626Z [36;1mnpx stylelint "frontend/static/css/**/*.css"[0m
Frontend (JS/HTML/CSS)	UNKNOWN STEP	2026-04-04T13:52:24.9481293Z shell: /usr/bin/bash -e {0}
Frontend (JS/HTML/CSS)	UNKNOWN STEP	2026-04-04T13:52:24.9481542Z ##[endgroup]
Frontend (JS/HTML/CSS)	UNKNOWN STEP	2026-04-04T13:52:25.7542717Z 
Frontend (JS/HTML/CSS)	UNKNOWN STEP	2026-04-04T13:52:25.7543598Z frontend/static/css/style.css
Frontend (JS/HTML/CSS)	UNKNOWN STEP	2026-04-04T13:52:25.7567185Z   [2m40:1[22m   [31m[31m✖[39m  Expected empty line before comment                    [2mcomment-empty-line-before[22m
Frontend (JS/HTML/CSS)	UNKNOWN STEP	2026-04-04T13:52:25.7568976Z   [2m64:1[22m   [31m[31m✖[39m  Expected id selector "#mediaViewer" to be kebab-case  [2mselector-id-pattern[22m
Frontend (JS/HTML/CSS)	UNKNOWN STEP	2026-04-04T13:52:25.7570399Z   [2m65:1[22m   [31m[31m✖[39m  Expected id selector "#videoViewer" to be kebab-case  [2mselector-id-pattern[22m
Frontend (JS/HTML/CSS)	UNKNOWN STEP	2026-04-04T13:52:25.7571890Z   [2m75:15[22m  [31m[31m✖[39m  Expected "rgba" to be "rgb"                           [2mcolor-function-alias-notation[22m
Frontend (JS/HTML/CSS)	UNKNOWN STEP	2026-04-04T13:52:25.7573155Z   [2m75:15[22m  [31m[31m✖[39m  Expected modern color-function notation               [2mcolor-function-notation[22m
Frontend (JS/HTML/CSS)	UNKNOWN STEP	2026-04-04T13:52:25.7573919Z   [2m75:35[22m  [31m[31m✖[39m  Expected "0.2" to be "20%"                            [2malpha-value-notation[22m
Frontend (JS/HTML/CSS)	UNKNOWN STEP	2026-04-04T13:52:25.7574637Z   [2m87:15[22m  [31m[31m✖[39m  Expected "rgba" to be "rgb"                           [2mcolor-function-alias-notation[22m
Frontend (JS/HTML/CSS)	UNKNOWN STEP	2026-04-04T13:52:25.7575408Z   [2m87:15[22m  [31m[31m✖[39m  Expected modern color-function notation               [2mcolor-function-notation[22m
Frontend (JS/HTML/CSS)	UNKNOWN STEP	2026-04-04T13:52:25.7576140Z   [2m87:35[22m  [31m[31m✖[39m  Expected "0.4" to be "40%"                            [2malpha-value-notation[22m
Frontend (JS/HTML/CSS)	UNKNOWN STEP	2026-04-04T13:52:25.7576459Z 
Frontend (JS/HTML/CSS)	UNKNOWN STEP	2026-04-04T13:52:25.7576749Z [31m✖[39m 9 problems ([31m9 errors[39m, [33m0 warnings[39m)
Frontend (JS/HTML/CSS)	UNKNOWN STEP	2026-04-04T13:52:25.7577145Z   7 errors potentially fixable with the "--fix" option.
Frontend (JS/HTML/CSS)	UNKNOWN STEP	2026-04-04T13:52:25.7577353Z 
Frontend (JS/HTML/CSS)	UNKNOWN STEP	2026-04-04T13:52:25.7710318Z ##[error]Process completed with exit code 2.
Frontend (JS/HTML/CSS)	UNKNOWN STEP	2026-04-04T13:52:25.7813583Z Post job cleanup.
Frontend (JS/HTML/CSS)	UNKNOWN STEP	2026-04-04T13:52:25.8697793Z [command]/usr/bin/git version
Frontend (JS/HTML/CSS)	UNKNOWN STEP	2026-04-04T13:52:25.8729576Z git version 2.53.0
Frontend (JS/HTML/CSS)	UNKNOWN STEP	2026-04-04T13:52:25.8782589Z Temporarily overriding HOME='/home/runner/work/_temp/85ab43bb-b5c0-47b4-bf3c-6d0f60e439b1' before making global git config changes
Frontend (JS/HTML/CSS)	UNKNOWN STEP	2026-04-04T13:52:25.8783410Z Adding repository directory to the temporary git global config as a safe directory
Frontend (JS/HTML/CSS)	UNKNOWN STEP	2026-04-04T13:52:25.8784098Z [command]/usr/bin/git config --global --add safe.directory /home/runner/work/utba-swarmmap/utba-swarmmap
Frontend (JS/HTML/CSS)	UNKNOWN STEP	2026-04-04T13:52:25.8813026Z [command]/usr/bin/git config --local --name-only --get-regexp core\.sshCommand
Frontend (JS/HTML/CSS)	UNKNOWN STEP	2026-04-04T13:52:25.8841382Z [command]/usr/bin/git submodule foreach --recursive sh -c "git config --local --name-only --get-regexp 'core\.sshCommand' && git config --local --unset-all 'core.sshCommand' || :"
Frontend (JS/HTML/CSS)	UNKNOWN STEP	2026-04-04T13:52:25.9021629Z [command]/usr/bin/git config --local --name-only --get-regexp http\.https\:\/\/github\.com\/\.extraheader
Frontend (JS/HTML/CSS)	UNKNOWN STEP	2026-04-04T13:52:25.9040537Z http.https://github.com/.extraheader
Frontend (JS/HTML/CSS)	UNKNOWN STEP	2026-04-04T13:52:25.9052354Z [command]/usr/bin/git config --local --unset-all http.https://github.com/.extraheader
Frontend (JS/HTML/CSS)	UNKNOWN STEP	2026-04-04T13:52:25.9079205Z [command]/usr/bin/git submodule foreach --recursive sh -c "git config --local --name-only --get-regexp 'http\.https\:\/\/github\.com\/\.extraheader' && git config --local --unset-all 'http.https://github.com/.extraheader' || :"
Frontend (JS/HTML/CSS)	UNKNOWN STEP	2026-04-04T13:52:25.9257037Z [command]/usr/bin/git config --local --name-only --get-regexp ^includeIf\.gitdir:
Frontend (JS/HTML/CSS)	UNKNOWN STEP	2026-04-04T13:52:25.9284329Z [command]/usr/bin/git submodule foreach --recursive git config --local --show-origin --name-only --get-regexp remote.origin.url
Frontend (JS/HTML/CSS)	UNKNOWN STEP	2026-04-04T13:52:25.9552489Z Cleaning up orphan processes
Frontend (JS/HTML/CSS)	UNKNOWN STEP	2026-04-04T13:52:25.9872292Z ##[warning]Node.js 20 actions are deprecated. The following actions are running on Node.js 20 and may not work as expected: actions/checkout@v4, actions/setup-node@v4. Actions will be forced to run with Node.js 24 by default starting June 2nd, 2026. Node.js 20 will be removed from the runner on September 16th, 2026. Please check if updated versions of these actions are available that support Node.js 24. To opt into Node.js 24 now, set the FORCE_JAVASCRIPT_ACTIONS_TO_NODE24=true environment variable on the runner or in your workflow file. Once Node.js 24 becomes the default, you can temporarily opt out by setting ACTIONS_ALLOW_USE_UNSECURE_NODE_VERSION=true. For more information see: https://github.blog/changelog/2025-09-19-deprecation-of-node-20-on-github-actions-runners/
Backend (Go)	UNKNOWN STEP	﻿2026-04-04T13:52:10.3456761Z Current runner version: '2.333.1'
Backend (Go)	UNKNOWN STEP	2026-04-04T13:52:10.3481404Z ##[group]Runner Image Provisioner
Backend (Go)	UNKNOWN STEP	2026-04-04T13:52:10.3482398Z Hosted Compute Agent
Backend (Go)	UNKNOWN STEP	2026-04-04T13:52:10.3483038Z Version: 20260213.493
Backend (Go)	UNKNOWN STEP	2026-04-04T13:52:10.3483658Z Commit: 5c115507f6dd24b8de37d8bbe0bb4509d0cc0fa3
Backend (Go)	UNKNOWN STEP	2026-04-04T13:52:10.3484460Z Build Date: 2026-02-13T00:28:41Z
Backend (Go)	UNKNOWN STEP	2026-04-04T13:52:10.3485192Z Worker ID: {4b979fe7-1da5-4074-90cb-94eba7190901}
Backend (Go)	UNKNOWN STEP	2026-04-04T13:52:10.3485934Z Azure Region: westcentralus
Backend (Go)	UNKNOWN STEP	2026-04-04T13:52:10.3486596Z ##[endgroup]
Backend (Go)	UNKNOWN STEP	2026-04-04T13:52:10.3488081Z ##[group]Operating System
Backend (Go)	UNKNOWN STEP	2026-04-04T13:52:10.3488804Z Ubuntu
Backend (Go)	UNKNOWN STEP	2026-04-04T13:52:10.3489283Z 24.04.4
Backend (Go)	UNKNOWN STEP	2026-04-04T13:52:10.3489938Z LTS
Backend (Go)	UNKNOWN STEP	2026-04-04T13:52:10.3490645Z ##[endgroup]
Backend (Go)	UNKNOWN STEP	2026-04-04T13:52:10.3491197Z ##[group]Runner Image
Backend (Go)	UNKNOWN STEP	2026-04-04T13:52:10.3491873Z Image: ubuntu-24.04
Backend (Go)	UNKNOWN STEP	2026-04-04T13:52:10.3492406Z Version: 20260329.72.1
Backend (Go)	UNKNOWN STEP	2026-04-04T13:52:10.3493672Z Included Software: https://github.com/actions/runner-images/blob/ubuntu24/20260329.72/images/ubuntu/Ubuntu2404-Readme.md
Backend (Go)	UNKNOWN STEP	2026-04-04T13:52:10.3495134Z Image Release: https://github.com/actions/runner-images/releases/tag/ubuntu24%2F20260329.72
Backend (Go)	UNKNOWN STEP	2026-04-04T13:52:10.3496062Z ##[endgroup]
Backend (Go)	UNKNOWN STEP	2026-04-04T13:52:10.3497282Z ##[group]GITHUB_TOKEN Permissions
Backend (Go)	UNKNOWN STEP	2026-04-04T13:52:10.3499371Z Contents: read
Backend (Go)	UNKNOWN STEP	2026-04-04T13:52:10.3500097Z Metadata: read
Backend (Go)	UNKNOWN STEP	2026-04-04T13:52:10.3500833Z Packages: read
Backend (Go)	UNKNOWN STEP	2026-04-04T13:52:10.3501402Z ##[endgroup]
Backend (Go)	UNKNOWN STEP	2026-04-04T13:52:10.3503526Z Secret source: None
Backend (Go)	UNKNOWN STEP	2026-04-04T13:52:10.3504280Z Prepare workflow directory
Backend (Go)	UNKNOWN STEP	2026-04-04T13:52:10.3954138Z Prepare all required actions
Backend (Go)	UNKNOWN STEP	2026-04-04T13:52:10.3992272Z Getting action download info
Backend (Go)	UNKNOWN STEP	2026-04-04T13:52:10.8530883Z Download action repository 'actions/checkout@v4' (SHA:34e114876b0b11c390a56381ad16ebd13914f8d5)
Backend (Go)	UNKNOWN STEP	2026-04-04T13:52:10.9697160Z Download action repository 'actions/setup-go@v5' (SHA:40f1582b2485089dde7abd97c1529aa768e1baff)
Backend (Go)	UNKNOWN STEP	2026-04-04T13:52:11.9015367Z Download action repository 'golangci/golangci-lint-action@v4' (SHA:d6238b002a20823d52840fda27e2d4891c5952dc)
Backend (Go)	UNKNOWN STEP	2026-04-04T13:52:12.9203804Z Download action repository 'securego/gosec@master' (SHA:1af5d582f8fa08ac6621ccc1168b4d3d9d2b2eec)
Backend (Go)	UNKNOWN STEP	2026-04-04T13:52:13.6862115Z Complete job name: Backend (Go)
Backend (Go)	UNKNOWN STEP	2026-04-04T13:52:13.7305848Z ##[group]Pull down action image 'ghcr.io/securego/gosec:2.25.0'
Backend (Go)	UNKNOWN STEP	2026-04-04T13:52:13.7389349Z ##[command]/usr/bin/docker pull ghcr.io/securego/gosec:2.25.0
Backend (Go)	UNKNOWN STEP	2026-04-04T13:52:14.4676243Z 2.25.0: Pulling from securego/gosec
Backend (Go)	UNKNOWN STEP	2026-04-04T13:52:14.6526077Z 589002ba0eae: Already exists
Backend (Go)	UNKNOWN STEP	2026-04-04T13:52:14.6563518Z 644a983862e3: Pulling fs layer
Backend (Go)	UNKNOWN STEP	2026-04-04T13:52:14.6564076Z 6fbff1d4eb7e: Pulling fs layer
Backend (Go)	UNKNOWN STEP	2026-04-04T13:52:14.6564503Z 13ee208a3600: Pulling fs layer
Backend (Go)	UNKNOWN STEP	2026-04-04T13:52:14.6564918Z 4f4fb700ef54: Pulling fs layer
Backend (Go)	UNKNOWN STEP	2026-04-04T13:52:14.6565271Z 8e4ca6825065: Pulling fs layer
Backend (Go)	UNKNOWN STEP	2026-04-04T13:52:14.6565508Z 2de8f3bc93bb: Pulling fs layer
Backend (Go)	UNKNOWN STEP	2026-04-04T13:52:14.6565808Z 19c9efa60884: Pulling fs layer
Backend (Go)	UNKNOWN STEP	2026-04-04T13:52:14.6566136Z 8e4ca6825065: Waiting
Backend (Go)	UNKNOWN STEP	2026-04-04T13:52:14.6566331Z 2de8f3bc93bb: Waiting
Backend (Go)	UNKNOWN STEP	2026-04-04T13:52:14.6566537Z 19c9efa60884: Waiting
Backend (Go)	UNKNOWN STEP	2026-04-04T13:52:14.6566721Z 4f4fb700ef54: Waiting
Backend (Go)	UNKNOWN STEP	2026-04-04T13:52:14.9173017Z 13ee208a3600: Verifying Checksum
Backend (Go)	UNKNOWN STEP	2026-04-04T13:52:14.9173810Z 13ee208a3600: Download complete
Backend (Go)	UNKNOWN STEP	2026-04-04T13:52:14.9748719Z 644a983862e3: Verifying Checksum
Backend (Go)	UNKNOWN STEP	2026-04-04T13:52:14.9749253Z 644a983862e3: Download complete
Backend (Go)	UNKNOWN STEP	2026-04-04T13:52:15.1232329Z 644a983862e3: Pull complete
Backend (Go)	UNKNOWN STEP	2026-04-04T13:52:15.1456731Z 4f4fb700ef54: Verifying Checksum
Backend (Go)	UNKNOWN STEP	2026-04-04T13:52:15.1462535Z 4f4fb700ef54: Download complete
Backend (Go)	UNKNOWN STEP	2026-04-04T13:52:15.3478833Z 6fbff1d4eb7e: Verifying Checksum
Backend (Go)	UNKNOWN STEP	2026-04-04T13:52:15.3479455Z 6fbff1d4eb7e: Download complete
Backend (Go)	UNKNOWN STEP	2026-04-04T13:52:15.6181304Z 19c9efa60884: Verifying Checksum
Backend (Go)	UNKNOWN STEP	2026-04-04T13:52:15.6183655Z 19c9efa60884: Download complete
Backend (Go)	UNKNOWN STEP	2026-04-04T13:52:15.6454364Z 2de8f3bc93bb: Verifying Checksum
Backend (Go)	UNKNOWN STEP	2026-04-04T13:52:16.2155031Z 2de8f3bc93bb: Download complete
Backend (Go)	UNKNOWN STEP	2026-04-04T13:52:16.2155609Z 8e4ca6825065: Verifying Checksum
Backend (Go)	UNKNOWN STEP	2026-04-04T13:52:16.2156008Z 8e4ca6825065: Download complete
Backend (Go)	UNKNOWN STEP	2026-04-04T13:52:20.7972717Z 6fbff1d4eb7e: Pull complete
Backend (Go)	UNKNOWN STEP	2026-04-04T13:52:20.8101376Z 13ee208a3600: Pull complete
Backend (Go)	UNKNOWN STEP	2026-04-04T13:52:20.8185282Z 4f4fb700ef54: Pull complete
Backend (Go)	UNKNOWN STEP	2026-04-04T13:52:22.4076522Z 8e4ca6825065: Pull complete
Backend (Go)	UNKNOWN STEP	2026-04-04T13:52:22.6200664Z 2de8f3bc93bb: Pull complete
Backend (Go)	UNKNOWN STEP	2026-04-04T13:52:22.6297457Z 19c9efa60884: Pull complete
Backend (Go)	UNKNOWN STEP	2026-04-04T13:52:22.6354154Z Digest: sha256:a735b6eedb06d3bc95d196b4320d1f3829caa0ee009e4b4749917cdd070ab026
Backend (Go)	UNKNOWN STEP	2026-04-04T13:52:22.6366588Z Status: Downloaded newer image for ghcr.io/securego/gosec:2.25.0
Backend (Go)	UNKNOWN STEP	2026-04-04T13:52:22.6375603Z ghcr.io/securego/gosec:2.25.0
Backend (Go)	UNKNOWN STEP	2026-04-04T13:52:22.6407667Z ##[endgroup]
Backend (Go)	UNKNOWN STEP	2026-04-04T13:52:22.6688377Z ##[group]Run actions/checkout@v4
Backend (Go)	UNKNOWN STEP	2026-04-04T13:52:22.6688928Z with:
Backend (Go)	UNKNOWN STEP	2026-04-04T13:52:22.6689127Z   repository: fkcurrie/utba-swarmmap
Backend (Go)	UNKNOWN STEP	2026-04-04T13:52:22.6689541Z   token: ***
Backend (Go)	UNKNOWN STEP	2026-04-04T13:52:22.6689723Z   ssh-strict: true
Backend (Go)	UNKNOWN STEP	2026-04-04T13:52:22.6689905Z   ssh-user: git
Backend (Go)	UNKNOWN STEP	2026-04-04T13:52:22.6690105Z   persist-credentials: true
Backend (Go)	UNKNOWN STEP	2026-04-04T13:52:22.6690623Z   clean: true
Backend (Go)	UNKNOWN STEP	2026-04-04T13:52:22.6690842Z   sparse-checkout-cone-mode: true
Backend (Go)	UNKNOWN STEP	2026-04-04T13:52:22.6691082Z   fetch-depth: 1
Backend (Go)	UNKNOWN STEP	2026-04-04T13:52:22.6691273Z   fetch-tags: false
Backend (Go)	UNKNOWN STEP	2026-04-04T13:52:22.6691463Z   show-progress: true
Backend (Go)	UNKNOWN STEP	2026-04-04T13:52:22.6691651Z   lfs: false
Backend (Go)	UNKNOWN STEP	2026-04-04T13:52:22.6691813Z   submodules: false
Backend (Go)	UNKNOWN STEP	2026-04-04T13:52:22.6692006Z   set-safe-directory: true
Backend (Go)	UNKNOWN STEP	2026-04-04T13:52:22.6692496Z ##[endgroup]
Backend (Go)	UNKNOWN STEP	2026-04-04T13:52:22.7759151Z Syncing repository: fkcurrie/utba-swarmmap
Backend (Go)	UNKNOWN STEP	2026-04-04T13:52:22.7760743Z ##[group]Getting Git version info
Backend (Go)	UNKNOWN STEP	2026-04-04T13:52:22.7761241Z Working directory is '/home/runner/work/utba-swarmmap/utba-swarmmap'
Backend (Go)	UNKNOWN STEP	2026-04-04T13:52:22.7761826Z [command]/usr/bin/git version
Backend (Go)	UNKNOWN STEP	2026-04-04T13:52:22.7816381Z git version 2.53.0
Backend (Go)	UNKNOWN STEP	2026-04-04T13:52:22.7842958Z ##[endgroup]
Backend (Go)	UNKNOWN STEP	2026-04-04T13:52:22.7857428Z Temporarily overriding HOME='/home/runner/work/_temp/6ee4dec5-c97c-41c4-a2d2-fb7355daf492' before making global git config changes
Backend (Go)	UNKNOWN STEP	2026-04-04T13:52:22.7858444Z Adding repository directory to the temporary git global config as a safe directory
Backend (Go)	UNKNOWN STEP	2026-04-04T13:52:22.7863045Z [command]/usr/bin/git config --global --add safe.directory /home/runner/work/utba-swarmmap/utba-swarmmap
Backend (Go)	UNKNOWN STEP	2026-04-04T13:52:22.7894765Z Deleting the contents of '/home/runner/work/utba-swarmmap/utba-swarmmap'
Backend (Go)	UNKNOWN STEP	2026-04-04T13:52:22.7898147Z ##[group]Initializing the repository
Backend (Go)	UNKNOWN STEP	2026-04-04T13:52:22.7903083Z [command]/usr/bin/git init /home/runner/work/utba-swarmmap/utba-swarmmap
Backend (Go)	UNKNOWN STEP	2026-04-04T13:52:22.7993599Z hint: Using 'master' as the name for the initial branch. This default branch name
Backend (Go)	UNKNOWN STEP	2026-04-04T13:52:22.7994635Z hint: will change to "main" in Git 3.0. To configure the initial branch name
Backend (Go)	UNKNOWN STEP	2026-04-04T13:52:22.7995685Z hint: to use in all of your new repositories, which will suppress this warning,
Backend (Go)	UNKNOWN STEP	2026-04-04T13:52:22.7996441Z hint: call:
Backend (Go)	UNKNOWN STEP	2026-04-04T13:52:22.7996816Z hint:
Backend (Go)	UNKNOWN STEP	2026-04-04T13:52:22.7997435Z hint: 	git config --global init.defaultBranch <name>
Backend (Go)	UNKNOWN STEP	2026-04-04T13:52:22.7998085Z hint:
Backend (Go)	UNKNOWN STEP	2026-04-04T13:52:22.7998638Z hint: Names commonly chosen instead of 'master' are 'main', 'trunk' and
Backend (Go)	UNKNOWN STEP	2026-04-04T13:52:22.7999671Z hint: 'development'. The just-created branch can be renamed via this command:
Backend (Go)	UNKNOWN STEP	2026-04-04T13:52:22.8000706Z hint:
Backend (Go)	UNKNOWN STEP	2026-04-04T13:52:22.8001096Z hint: 	git branch -m <name>
Backend (Go)	UNKNOWN STEP	2026-04-04T13:52:22.8001519Z hint:
Backend (Go)	UNKNOWN STEP	2026-04-04T13:52:22.8002132Z hint: Disable this message with "git config set advice.defaultBranchName false"
Backend (Go)	UNKNOWN STEP	2026-04-04T13:52:22.8003333Z Initialized empty Git repository in /home/runner/work/utba-swarmmap/utba-swarmmap/.git/
Backend (Go)	UNKNOWN STEP	2026-04-04T13:52:22.8008474Z [command]/usr/bin/git remote add origin https://github.com/fkcurrie/utba-swarmmap
Backend (Go)	UNKNOWN STEP	2026-04-04T13:52:22.8128998Z ##[endgroup]
Backend (Go)	UNKNOWN STEP	2026-04-04T13:52:22.8129738Z ##[group]Disabling automatic garbage collection
Backend (Go)	UNKNOWN STEP	2026-04-04T13:52:22.8132093Z [command]/usr/bin/git config --local gc.auto 0
Backend (Go)	UNKNOWN STEP	2026-04-04T13:52:22.8133490Z ##[endgroup]
Backend (Go)	UNKNOWN STEP	2026-04-04T13:52:22.8134059Z ##[group]Setting up auth
Backend (Go)	UNKNOWN STEP	2026-04-04T13:52:22.8134763Z [command]/usr/bin/git config --local --name-only --get-regexp core\.sshCommand
Backend (Go)	UNKNOWN STEP	2026-04-04T13:52:22.8136831Z [command]/usr/bin/git submodule foreach --recursive sh -c "git config --local --name-only --get-regexp 'core\.sshCommand' && git config --local --unset-all 'core.sshCommand' || :"
Backend (Go)	UNKNOWN STEP	2026-04-04T13:52:22.8413327Z [command]/usr/bin/git config --local --name-only --get-regexp http\.https\:\/\/github\.com\/\.extraheader
Backend (Go)	UNKNOWN STEP	2026-04-04T13:52:22.8442137Z [command]/usr/bin/git submodule foreach --recursive sh -c "git config --local --name-only --get-regexp 'http\.https\:\/\/github\.com\/\.extraheader' && git config --local --unset-all 'http.https://github.com/.extraheader' || :"
Backend (Go)	UNKNOWN STEP	2026-04-04T13:52:22.8661625Z [command]/usr/bin/git config --local --name-only --get-regexp ^includeIf\.gitdir:
Backend (Go)	UNKNOWN STEP	2026-04-04T13:52:22.8699397Z [command]/usr/bin/git submodule foreach --recursive git config --local --show-origin --name-only --get-regexp remote.origin.url
Backend (Go)	UNKNOWN STEP	2026-04-04T13:52:22.8917705Z [command]/usr/bin/git config --local http.https://github.com/.extraheader AUTHORIZATION: basic ***
Backend (Go)	UNKNOWN STEP	2026-04-04T13:52:22.8950804Z ##[endgroup]
Backend (Go)	UNKNOWN STEP	2026-04-04T13:52:22.8951302Z ##[group]Fetching the repository
Backend (Go)	UNKNOWN STEP	2026-04-04T13:52:22.8959488Z [command]/usr/bin/git -c protocol.version=2 fetch --no-tags --prune --no-recurse-submodules --depth=1 origin +660d86f796567c5f7e45da699f6e69abe3ad31d6:refs/remotes/pull/11/merge
Backend (Go)	UNKNOWN STEP	2026-04-04T13:52:23.7056653Z From https://github.com/fkcurrie/utba-swarmmap
Backend (Go)	UNKNOWN STEP	2026-04-04T13:52:23.7057326Z  * [new ref]         660d86f796567c5f7e45da699f6e69abe3ad31d6 -> pull/11/merge
Backend (Go)	UNKNOWN STEP	2026-04-04T13:52:23.7085694Z ##[endgroup]
Backend (Go)	UNKNOWN STEP	2026-04-04T13:52:23.7086312Z ##[group]Determining the checkout info
Backend (Go)	UNKNOWN STEP	2026-04-04T13:52:23.7089002Z ##[endgroup]
Backend (Go)	UNKNOWN STEP	2026-04-04T13:52:23.7094583Z [command]/usr/bin/git sparse-checkout disable
Backend (Go)	UNKNOWN STEP	2026-04-04T13:52:23.7131832Z [command]/usr/bin/git config --local --unset-all extensions.worktreeConfig
Backend (Go)	UNKNOWN STEP	2026-04-04T13:52:23.7156136Z ##[group]Checking out the ref
Backend (Go)	UNKNOWN STEP	2026-04-04T13:52:23.7159843Z [command]/usr/bin/git checkout --progress --force refs/remotes/pull/11/merge
Backend (Go)	UNKNOWN STEP	2026-04-04T13:52:23.7377093Z Note: switching to 'refs/remotes/pull/11/merge'.
Backend (Go)	UNKNOWN STEP	2026-04-04T13:52:23.7377435Z 
Backend (Go)	UNKNOWN STEP	2026-04-04T13:52:23.7377677Z You are in 'detached HEAD' state. You can look around, make experimental
Backend (Go)	UNKNOWN STEP	2026-04-04T13:52:23.7378204Z changes and commit them, and you can discard any commits you make in this
Backend (Go)	UNKNOWN STEP	2026-04-04T13:52:23.7378722Z state without impacting any branches by switching back to a branch.
Backend (Go)	UNKNOWN STEP	2026-04-04T13:52:23.7379027Z 
Backend (Go)	UNKNOWN STEP	2026-04-04T13:52:23.7379249Z If you want to create a new branch to retain commits you create, you may
Backend (Go)	UNKNOWN STEP	2026-04-04T13:52:23.7379726Z do so (now or later) by using -c with the switch command. Example:
Backend (Go)	UNKNOWN STEP	2026-04-04T13:52:23.7380027Z 
Backend (Go)	UNKNOWN STEP	2026-04-04T13:52:23.7380151Z   git switch -c <new-branch-name>
Backend (Go)	UNKNOWN STEP	2026-04-04T13:52:23.7380632Z 
Backend (Go)	UNKNOWN STEP	2026-04-04T13:52:23.7380738Z Or undo this operation with:
Backend (Go)	UNKNOWN STEP	2026-04-04T13:52:23.7380972Z 
Backend (Go)	UNKNOWN STEP	2026-04-04T13:52:23.7381059Z   git switch -
Backend (Go)	UNKNOWN STEP	2026-04-04T13:52:23.7381208Z 
Backend (Go)	UNKNOWN STEP	2026-04-04T13:52:23.7381434Z Turn off this advice by setting config variable advice.detachedHead to false
Backend (Go)	UNKNOWN STEP	2026-04-04T13:52:23.7381894Z 
Backend (Go)	UNKNOWN STEP	2026-04-04T13:52:23.7382549Z HEAD is now at 660d86f Merge 26869667b5adeb1c5033e1154a543368c858cb9f into ce8c646a1e1a3155ecfdd83f5a8af5e375dad3a3
Backend (Go)	UNKNOWN STEP	2026-04-04T13:52:23.7387709Z ##[endgroup]
Backend (Go)	UNKNOWN STEP	2026-04-04T13:52:23.7419330Z [command]/usr/bin/git log -1 --format=%H
Backend (Go)	UNKNOWN STEP	2026-04-04T13:52:23.7440885Z 660d86f796567c5f7e45da699f6e69abe3ad31d6
Backend (Go)	UNKNOWN STEP	2026-04-04T13:52:23.7640192Z ##[group]Run actions/setup-go@v5
Backend (Go)	UNKNOWN STEP	2026-04-04T13:52:23.7640811Z with:
Backend (Go)	UNKNOWN STEP	2026-04-04T13:52:23.7641008Z   go-version: 1.22
Backend (Go)	UNKNOWN STEP	2026-04-04T13:52:23.7641220Z   cache-dependency-path: backend/go.mod
Backend (Go)	UNKNOWN STEP	2026-04-04T13:52:23.7641486Z   check-latest: false
Backend (Go)	UNKNOWN STEP	2026-04-04T13:52:23.7641815Z   token: ***
Backend (Go)	UNKNOWN STEP	2026-04-04T13:52:23.7641988Z   cache: true
Backend (Go)	UNKNOWN STEP	2026-04-04T13:52:23.7642163Z ##[endgroup]
Backend (Go)	UNKNOWN STEP	2026-04-04T13:52:23.9330718Z Setup go version spec 1.22
Backend (Go)	UNKNOWN STEP	2026-04-04T13:52:23.9400010Z Found in cache @ /opt/hostedtoolcache/go/1.22.12/x64
Backend (Go)	UNKNOWN STEP	2026-04-04T13:52:23.9405097Z Added go to the path
Backend (Go)	UNKNOWN STEP	2026-04-04T13:52:23.9409640Z Successfully set up Go version 1.22
Backend (Go)	UNKNOWN STEP	2026-04-04T13:52:24.1572034Z [command]/opt/hostedtoolcache/go/1.22.12/x64/bin/go env GOMODCACHE
Backend (Go)	UNKNOWN STEP	2026-04-04T13:52:24.1604431Z [command]/opt/hostedtoolcache/go/1.22.12/x64/bin/go env GOCACHE
Backend (Go)	UNKNOWN STEP	2026-04-04T13:52:24.1629376Z /home/runner/go/pkg/mod
Backend (Go)	UNKNOWN STEP	2026-04-04T13:52:24.1657553Z /home/runner/.cache/go-build
Backend (Go)	UNKNOWN STEP	2026-04-04T13:52:24.3912113Z Cache is not found
Backend (Go)	UNKNOWN STEP	2026-04-04T13:52:24.3930792Z go version go1.22.12 linux/amd64
Backend (Go)	UNKNOWN STEP	2026-04-04T13:52:24.3931013Z 
Backend (Go)	UNKNOWN STEP	2026-04-04T13:52:24.3931286Z ##[group]go env
Backend (Go)	UNKNOWN STEP	2026-04-04T13:52:24.5110557Z GO111MODULE=''
Backend (Go)	UNKNOWN STEP	2026-04-04T13:52:24.5110940Z GOARCH='amd64'
Backend (Go)	UNKNOWN STEP	2026-04-04T13:52:24.5111447Z GOBIN=''
Backend (Go)	UNKNOWN STEP	2026-04-04T13:52:24.5111895Z GOCACHE='/home/runner/.cache/go-build'
Backend (Go)	UNKNOWN STEP	2026-04-04T13:52:24.5112292Z GOENV='/home/runner/.config/go/env'
Backend (Go)	UNKNOWN STEP	2026-04-04T13:52:24.5112551Z GOEXE=''
Backend (Go)	UNKNOWN STEP	2026-04-04T13:52:24.5112722Z GOEXPERIMENT=''
Backend (Go)	UNKNOWN STEP	2026-04-04T13:52:24.5113059Z GOFLAGS=''
Backend (Go)	UNKNOWN STEP	2026-04-04T13:52:24.5113237Z GOHOSTARCH='amd64'
Backend (Go)	UNKNOWN STEP	2026-04-04T13:52:24.5113431Z GOHOSTOS='linux'
Backend (Go)	UNKNOWN STEP	2026-04-04T13:52:24.5113612Z GOINSECURE=''
Backend (Go)	UNKNOWN STEP	2026-04-04T13:52:24.5113821Z GOMODCACHE='/home/runner/go/pkg/mod'
Backend (Go)	UNKNOWN STEP	2026-04-04T13:52:24.5114065Z GONOPROXY=''
Backend (Go)	UNKNOWN STEP	2026-04-04T13:52:24.5114274Z GONOSUMDB=''
Backend (Go)	UNKNOWN STEP	2026-04-04T13:52:24.5114441Z GOOS='linux'
Backend (Go)	UNKNOWN STEP	2026-04-04T13:52:24.5114617Z GOPATH='/home/runner/go'
Backend (Go)	UNKNOWN STEP	2026-04-04T13:52:24.5114825Z GOPRIVATE=''
Backend (Go)	UNKNOWN STEP	2026-04-04T13:52:24.5115063Z GOPROXY='https://proxy.golang.org,direct'
Backend (Go)	UNKNOWN STEP	2026-04-04T13:52:24.5115406Z GOROOT='/opt/hostedtoolcache/go/1.22.12/x64'
Backend (Go)	UNKNOWN STEP	2026-04-04T13:52:24.5115685Z GOSUMDB='sum.golang.org'
Backend (Go)	UNKNOWN STEP	2026-04-04T13:52:24.5115896Z GOTMPDIR=''
Backend (Go)	UNKNOWN STEP	2026-04-04T13:52:24.5116071Z GOTOOLCHAIN='auto'
Backend (Go)	UNKNOWN STEP	2026-04-04T13:52:24.5116385Z GOTOOLDIR='/opt/hostedtoolcache/go/1.22.12/x64/pkg/tool/linux_amd64'
Backend (Go)	UNKNOWN STEP	2026-04-04T13:52:24.5116732Z GOVCS=''
Backend (Go)	UNKNOWN STEP	2026-04-04T13:52:24.5116902Z GOVERSION='go1.22.12'
Backend (Go)	UNKNOWN STEP	2026-04-04T13:52:24.5117100Z GCCGO='gccgo'
Backend (Go)	UNKNOWN STEP	2026-04-04T13:52:24.5117269Z GOAMD64='v1'
Backend (Go)	UNKNOWN STEP	2026-04-04T13:52:24.5117435Z AR='ar'
Backend (Go)	UNKNOWN STEP	2026-04-04T13:52:24.5117586Z CC='gcc'
Backend (Go)	UNKNOWN STEP	2026-04-04T13:52:24.5117743Z CXX='g++'
Backend (Go)	UNKNOWN STEP	2026-04-04T13:52:24.5117903Z CGO_ENABLED='1'
Backend (Go)	UNKNOWN STEP	2026-04-04T13:52:24.5118081Z GOMOD='/dev/null'
Backend (Go)	UNKNOWN STEP	2026-04-04T13:52:24.5118251Z GOWORK=''
Backend (Go)	UNKNOWN STEP	2026-04-04T13:52:24.5118426Z CGO_CFLAGS='-O2 -g'
Backend (Go)	UNKNOWN STEP	2026-04-04T13:52:24.5118617Z CGO_CPPFLAGS=''
Backend (Go)	UNKNOWN STEP	2026-04-04T13:52:24.5118802Z CGO_CXXFLAGS='-O2 -g'
Backend (Go)	UNKNOWN STEP	2026-04-04T13:52:24.5119009Z CGO_FFLAGS='-O2 -g'
Backend (Go)	UNKNOWN STEP	2026-04-04T13:52:24.5119201Z CGO_LDFLAGS='-O2 -g'
Backend (Go)	UNKNOWN STEP	2026-04-04T13:52:24.5119411Z PKG_CONFIG='pkg-config'
Backend (Go)	UNKNOWN STEP	2026-04-04T13:52:24.5120124Z GOGCCFLAGS='-fPIC -m64 -pthread -Wl,--no-gc-sections -fmessage-length=0 -ffile-prefix-map=/tmp/go-build583278200=/tmp/go-build -gno-record-gcc-switches'
Backend (Go)	UNKNOWN STEP	2026-04-04T13:52:24.5121063Z 
Backend (Go)	UNKNOWN STEP	2026-04-04T13:52:24.5121433Z ##[endgroup]
Backend (Go)	UNKNOWN STEP	2026-04-04T13:52:24.5224891Z ##[group]Run go fmt ./...
Backend (Go)	UNKNOWN STEP	2026-04-04T13:52:24.5225204Z [36;1mgo fmt ./...[0m
Backend (Go)	UNKNOWN STEP	2026-04-04T13:52:24.5256256Z shell: /usr/bin/bash -e {0}
Backend (Go)	UNKNOWN STEP	2026-04-04T13:52:24.5256508Z ##[endgroup]
Backend (Go)	UNKNOWN STEP	2026-04-04T13:52:24.5369744Z go: downloading cloud.google.com/go/firestore v1.14.0
Backend (Go)	UNKNOWN STEP	2026-04-04T13:52:24.5370779Z go: downloading cloud.google.com/go/storage v1.36.0
Backend (Go)	UNKNOWN STEP	2026-04-04T13:52:24.5663781Z go: downloading github.com/google/uuid v1.5.0
Backend (Go)	UNKNOWN STEP	2026-04-04T13:52:24.5866833Z go: downloading google.golang.org/api v0.155.0
Backend (Go)	UNKNOWN STEP	2026-04-04T13:52:24.8033825Z go: downloading google.golang.org/grpc v1.60.1
Backend (Go)	UNKNOWN STEP	2026-04-04T13:52:24.8638825Z go: downloading cloud.google.com/go v0.110.10
Backend (Go)	UNKNOWN STEP	2026-04-04T13:52:25.1458774Z go: downloading golang.org/x/oauth2 v0.15.0
Backend (Go)	UNKNOWN STEP	2026-04-04T13:52:25.6349092Z go: downloading github.com/golang/protobuf v1.5.3
Backend (Go)	UNKNOWN STEP	2026-04-04T13:52:25.7115466Z go: downloading github.com/googleapis/gax-go/v2 v2.12.0
Backend (Go)	UNKNOWN STEP	2026-04-04T13:52:25.7118136Z go: downloading golang.org/x/time v0.5.0
Backend (Go)	UNKNOWN STEP	2026-04-04T13:52:27.4051452Z go: downloading google.golang.org/genproto v0.0.0-20231211222908-989df2bf70f3
Backend (Go)	UNKNOWN STEP	2026-04-04T13:52:27.4052411Z go: downloading google.golang.org/protobuf v1.31.0
Backend (Go)	UNKNOWN STEP	2026-04-04T13:52:27.4067107Z go: downloading cloud.google.com/go/compute/metadata v0.2.3
Backend (Go)	UNKNOWN STEP	2026-04-04T13:52:27.4267979Z go: downloading cloud.google.com/go/iam v1.1.5
Backend (Go)	UNKNOWN STEP	2026-04-04T13:52:27.4432004Z go: downloading cloud.google.com/go/compute v1.23.3
Backend (Go)	UNKNOWN STEP	2026-04-04T13:52:28.0986515Z go: downloading google.golang.org/genproto/googleapis/rpc v0.0.0-20231212172506-995d672761c0
Backend (Go)	UNKNOWN STEP	2026-04-04T13:52:28.9161416Z go: downloading cloud.google.com/go/longrunning v0.5.4
Backend (Go)	UNKNOWN STEP	2026-04-04T13:52:28.9697617Z go: downloading google.golang.org/genproto/googleapis/api v0.0.0-20231211222908-989df2bf70f3
Backend (Go)	UNKNOWN STEP	2026-04-04T13:52:29.0124122Z go: downloading go.opencensus.io v0.24.0
Backend (Go)	UNKNOWN STEP	2026-04-04T13:52:29.0387509Z go: downloading golang.org/x/xerrors v0.0.0-20231012003039-104605ab7028
Backend (Go)	UNKNOWN STEP	2026-04-04T13:52:29.1060635Z go: downloading golang.org/x/sync v0.5.0
Backend (Go)	UNKNOWN STEP	2026-04-04T13:52:29.1167690Z go: downloading golang.org/x/net v0.19.0
Backend (Go)	UNKNOWN STEP	2026-04-04T13:52:29.3471818Z go: downloading go.opentelemetry.io/contrib/instrumentation/net/http/otelhttp v0.46.1
Backend (Go)	UNKNOWN STEP	2026-04-04T13:52:29.3488007Z go: downloading golang.org/x/sys v0.15.0
Backend (Go)	UNKNOWN STEP	2026-04-04T13:52:29.4551520Z go: downloading go.opentelemetry.io/contrib/instrumentation/google.golang.org/grpc/otelgrpc v0.46.1
Backend (Go)	UNKNOWN STEP	2026-04-04T13:52:29.4678855Z go: downloading github.com/golang/groupcache v0.0.0-20210331224755-41bb18bfe9da
Backend (Go)	UNKNOWN STEP	2026-04-04T13:52:29.4937702Z go: downloading github.com/google/s2a-go v0.1.7
Backend (Go)	UNKNOWN STEP	2026-04-04T13:52:29.5974821Z go: downloading github.com/googleapis/enterprise-certificate-proxy v0.3.2
Backend (Go)	UNKNOWN STEP	2026-04-04T13:52:29.6020516Z go: downloading github.com/felixge/httpsnoop v1.0.4
Backend (Go)	UNKNOWN STEP	2026-04-04T13:52:29.6104049Z go: downloading go.opentelemetry.io/otel v1.21.0
Backend (Go)	UNKNOWN STEP	2026-04-04T13:52:29.6570914Z go: downloading go.opentelemetry.io/otel/metric v1.21.0
Backend (Go)	UNKNOWN STEP	2026-04-04T13:52:29.7357658Z go: downloading go.opentelemetry.io/otel/trace v1.21.0
Backend (Go)	UNKNOWN STEP	2026-04-04T13:52:29.7433150Z go: downloading golang.org/x/text v0.14.0
Backend (Go)	UNKNOWN STEP	2026-04-04T13:52:29.8708154Z go: downloading github.com/go-logr/logr v1.3.0
Backend (Go)	UNKNOWN STEP	2026-04-04T13:52:29.9290567Z go: downloading github.com/go-logr/stdr v1.2.2
Backend (Go)	UNKNOWN STEP	2026-04-04T13:52:29.9810586Z go: downloading golang.org/x/crypto v0.17.0
Backend (Go)	UNKNOWN STEP	2026-04-04T13:52:30.6459553Z handlers/swarm.go
Backend (Go)	UNKNOWN STEP	2026-04-04T13:52:30.6512567Z ##[group]Run go vet ./...
Backend (Go)	UNKNOWN STEP	2026-04-04T13:52:30.6512850Z [36;1mgo vet ./...[0m
Backend (Go)	UNKNOWN STEP	2026-04-04T13:52:30.6538982Z shell: /usr/bin/bash -e {0}
Backend (Go)	UNKNOWN STEP	2026-04-04T13:52:30.6539220Z ##[endgroup]
Backend (Go)	UNKNOWN STEP	2026-04-04T13:52:50.9923221Z # github.com/fkcurrie/utba-swarmmap/handlers
Backend (Go)	UNKNOWN STEP	2026-04-04T13:52:50.9951703Z ##[error]handlers/middleware.go:77:4: undefined: log
Backend (Go)	UNKNOWN STEP	2026-04-04T13:52:52.7271417Z # github.com/fkcurrie/utba-swarmmap/handlers
Backend (Go)	UNKNOWN STEP	2026-04-04T13:52:52.7272358Z # [github.com/fkcurrie/utba-swarmmap/handlers]
Backend (Go)	UNKNOWN STEP	2026-04-04T13:52:52.7274382Z ##[error]vet: handlers/middleware.go:77:4: undefined: log
Backend (Go)	UNKNOWN STEP	2026-04-04T13:52:52.8215356Z ##[error]Process completed with exit code 1.
Backend (Go)	UNKNOWN STEP	2026-04-04T13:52:52.8322803Z Post job cleanup.
Backend (Go)	UNKNOWN STEP	2026-04-04T13:52:52.9253569Z [command]/usr/bin/git version
Backend (Go)	UNKNOWN STEP	2026-04-04T13:52:52.9288965Z git version 2.53.0
Backend (Go)	UNKNOWN STEP	2026-04-04T13:52:52.9338824Z Temporarily overriding HOME='/home/runner/work/_temp/1c420137-3fad-44a7-a046-176a9b25750c' before making global git config changes
Backend (Go)	UNKNOWN STEP	2026-04-04T13:52:52.9339984Z Adding repository directory to the temporary git global config as a safe directory
Backend (Go)	UNKNOWN STEP	2026-04-04T13:52:52.9344425Z [command]/usr/bin/git config --global --add safe.directory /home/runner/work/utba-swarmmap/utba-swarmmap
Backend (Go)	UNKNOWN STEP	2026-04-04T13:52:52.9377416Z [command]/usr/bin/git config --local --name-only --get-regexp core\.sshCommand
Backend (Go)	UNKNOWN STEP	2026-04-04T13:52:52.9408531Z [command]/usr/bin/git submodule foreach --recursive sh -c "git config --local --name-only --get-regexp 'core\.sshCommand' && git config --local --unset-all 'core.sshCommand' || :"
Backend (Go)	UNKNOWN STEP	2026-04-04T13:52:52.9626038Z [command]/usr/bin/git config --local --name-only --get-regexp http\.https\:\/\/github\.com\/\.extraheader
Backend (Go)	UNKNOWN STEP	2026-04-04T13:52:52.9646154Z http.https://github.com/.extraheader
Backend (Go)	UNKNOWN STEP	2026-04-04T13:52:52.9659145Z [command]/usr/bin/git config --local --unset-all http.https://github.com/.extraheader
Backend (Go)	UNKNOWN STEP	2026-04-04T13:52:52.9688068Z [command]/usr/bin/git submodule foreach --recursive sh -c "git config --local --name-only --get-regexp 'http\.https\:\/\/github\.com\/\.extraheader' && git config --local --unset-all 'http.https://github.com/.extraheader' || :"
Backend (Go)	UNKNOWN STEP	2026-04-04T13:52:52.9904535Z [command]/usr/bin/git config --local --name-only --get-regexp ^includeIf\.gitdir:
Backend (Go)	UNKNOWN STEP	2026-04-04T13:52:52.9933491Z [command]/usr/bin/git submodule foreach --recursive git config --local --show-origin --name-only --get-regexp remote.origin.url
Backend (Go)	UNKNOWN STEP	2026-04-04T13:52:53.0293710Z Cleaning up orphan processes
Backend (Go)	UNKNOWN STEP	2026-04-04T13:52:53.0555101Z ##[warning]Node.js 20 actions are deprecated. The following actions are running on Node.js 20 and may not work as expected: actions/checkout@v4, actions/setup-go@v5. Actions will be forced to run with Node.js 24 by default starting June 2nd, 2026. Node.js 20 will be removed from the runner on September 16th, 2026. Please check if updated versions of these actions are available that support Node.js 24. To opt into Node.js 24 now, set the FORCE_JAVASCRIPT_ACTIONS_TO_NODE24=true environment variable on the runner or in your workflow file. Once Node.js 24 becomes the default, you can temporarily opt out by setting ACTIONS_ALLOW_USE_UNSECURE_NODE_VERSION=true. For more information see: https://github.blog/changelog/2025-09-19-deprecation-of-node-20-on-github-actions-runners/
