General & Infrastructure	UNKNOWN STEP	﻿2026-04-04T14:16:39.4951358Z Current runner version: '2.333.1'
General & Infrastructure	UNKNOWN STEP	2026-04-04T14:16:39.4974727Z ##[group]Runner Image Provisioner
General & Infrastructure	UNKNOWN STEP	2026-04-04T14:16:39.4975496Z Hosted Compute Agent
General & Infrastructure	UNKNOWN STEP	2026-04-04T14:16:39.4976101Z Version: 20260213.493
General & Infrastructure	UNKNOWN STEP	2026-04-04T14:16:39.4976708Z Commit: 5c115507f6dd24b8de37d8bbe0bb4509d0cc0fa3
General & Infrastructure	UNKNOWN STEP	2026-04-04T14:16:39.4977358Z Build Date: 2026-02-13T00:28:41Z
General & Infrastructure	UNKNOWN STEP	2026-04-04T14:16:39.4978080Z Worker ID: {f7014243-905b-477f-8c33-b4bba89d7688}
General & Infrastructure	UNKNOWN STEP	2026-04-04T14:16:39.4978755Z Azure Region: centralus
General & Infrastructure	UNKNOWN STEP	2026-04-04T14:16:39.4979259Z ##[endgroup]
General & Infrastructure	UNKNOWN STEP	2026-04-04T14:16:39.4981217Z ##[group]Operating System
General & Infrastructure	UNKNOWN STEP	2026-04-04T14:16:39.4981791Z Ubuntu
General & Infrastructure	UNKNOWN STEP	2026-04-04T14:16:39.4982250Z 24.04.4
General & Infrastructure	UNKNOWN STEP	2026-04-04T14:16:39.4982737Z LTS
General & Infrastructure	UNKNOWN STEP	2026-04-04T14:16:39.4983193Z ##[endgroup]
General & Infrastructure	UNKNOWN STEP	2026-04-04T14:16:39.4984052Z ##[group]Runner Image
General & Infrastructure	UNKNOWN STEP	2026-04-04T14:16:39.4984671Z Image: ubuntu-24.04
General & Infrastructure	UNKNOWN STEP	2026-04-04T14:16:39.4985306Z Version: 20260329.72.1
General & Infrastructure	UNKNOWN STEP	2026-04-04T14:16:39.4986478Z Included Software: https://github.com/actions/runner-images/blob/ubuntu24/20260329.72/images/ubuntu/Ubuntu2404-Readme.md
General & Infrastructure	UNKNOWN STEP	2026-04-04T14:16:39.4988097Z Image Release: https://github.com/actions/runner-images/releases/tag/ubuntu24%2F20260329.72
General & Infrastructure	UNKNOWN STEP	2026-04-04T14:16:39.4988999Z ##[endgroup]
General & Infrastructure	UNKNOWN STEP	2026-04-04T14:16:39.4990130Z ##[group]GITHUB_TOKEN Permissions
General & Infrastructure	UNKNOWN STEP	2026-04-04T14:16:39.4992240Z Contents: read
General & Infrastructure	UNKNOWN STEP	2026-04-04T14:16:39.4992775Z Metadata: read
General & Infrastructure	UNKNOWN STEP	2026-04-04T14:16:39.4993670Z Packages: read
General & Infrastructure	UNKNOWN STEP	2026-04-04T14:16:39.4994284Z ##[endgroup]
General & Infrastructure	UNKNOWN STEP	2026-04-04T14:16:39.4996314Z Secret source: None
General & Infrastructure	UNKNOWN STEP	2026-04-04T14:16:39.4997285Z Prepare workflow directory
General & Infrastructure	UNKNOWN STEP	2026-04-04T14:16:39.5331381Z Prepare all required actions
General & Infrastructure	UNKNOWN STEP	2026-04-04T14:16:39.5371875Z Getting action download info
General & Infrastructure	UNKNOWN STEP	2026-04-04T14:16:40.0652888Z Download action repository 'actions/checkout@v4' (SHA:34e114876b0b11c390a56381ad16ebd13914f8d5)
General & Infrastructure	UNKNOWN STEP	2026-04-04T14:16:40.2708968Z Download action repository 'actions/setup-node@v4' (SHA:49933ea5288caeca8642d1e84afbd3f7d6820020)
General & Infrastructure	UNKNOWN STEP	2026-04-04T14:16:40.3939128Z Download action repository 'actions/setup-go@v5' (SHA:40f1582b2485089dde7abd97c1529aa768e1baff)
General & Infrastructure	UNKNOWN STEP	2026-04-04T14:16:41.1037056Z Download action repository 'reviewdog/action-detect-secrets@v0' (SHA:53b50179462bbe04af2f25f088b97e55e1dec3a1)
General & Infrastructure	UNKNOWN STEP	2026-04-04T14:16:41.4010019Z Download action repository 'reviewdog/action-actionlint@v1' (SHA:6fb7acc99f4a1008869fa8a0f09cfca740837d9d)
General & Infrastructure	UNKNOWN STEP	2026-04-04T14:16:41.7193175Z Download action repository 'ibiqlik/action-yamllint@v3' (SHA:2576378a8e339169678f9939646ee3ee325e845c)
General & Infrastructure	UNKNOWN STEP	2026-04-04T14:16:42.0086483Z Download action repository 'ludeeus/action-shellcheck@master' (SHA:00b27aa7cb85167568cb48a3838b75f4265f2bca)
General & Infrastructure	UNKNOWN STEP	2026-04-04T14:16:42.3323708Z Download action repository 'reviewdog/action-misspell@v1' (SHA:d6429416b12b09b4e2768307d53bef58d172e962)
General & Infrastructure	UNKNOWN STEP	2026-04-04T14:16:42.6609225Z Download action repository 'wagoid/commitlint-github-action@v5' (SHA:9763196e10f27aef304c9b8b660d31d97fce0f99)
General & Infrastructure	UNKNOWN STEP	2026-04-04T14:16:43.2618753Z Complete job name: General & Infrastructure
General & Infrastructure	UNKNOWN STEP	2026-04-04T14:16:43.3115779Z ##[group]Pull down action image 'ghcr.io/reviewdog/action-actionlint:v1.72.0'
General & Infrastructure	UNKNOWN STEP	2026-04-04T14:16:43.3197742Z ##[command]/usr/bin/docker pull ghcr.io/reviewdog/action-actionlint:v1.72.0
General & Infrastructure	UNKNOWN STEP	2026-04-04T14:16:43.8977941Z v1.72.0: Pulling from reviewdog/action-actionlint
General & Infrastructure	UNKNOWN STEP	2026-04-04T14:16:44.0259535Z 589002ba0eae: Already exists
General & Infrastructure	UNKNOWN STEP	2026-04-04T14:16:44.0287216Z 0805a1082be0: Pulling fs layer
General & Infrastructure	UNKNOWN STEP	2026-04-04T14:16:44.0288213Z 3566efde290b: Pulling fs layer
General & Infrastructure	UNKNOWN STEP	2026-04-04T14:16:44.0288707Z 2800a7aef8b1: Pulling fs layer
General & Infrastructure	UNKNOWN STEP	2026-04-04T14:16:44.0289476Z f420ae9f738c: Pulling fs layer
General & Infrastructure	UNKNOWN STEP	2026-04-04T14:16:44.0289943Z 539ad613ffba: Pulling fs layer
General & Infrastructure	UNKNOWN STEP	2026-04-04T14:16:44.0290337Z 1062eadcdc7d: Pulling fs layer
General & Infrastructure	UNKNOWN STEP	2026-04-04T14:16:44.0290708Z d12341ef4ed7: Pulling fs layer
General & Infrastructure	UNKNOWN STEP	2026-04-04T14:16:44.0290935Z 0180048b5c67: Pulling fs layer
General & Infrastructure	UNKNOWN STEP	2026-04-04T14:16:44.0291160Z 3f242abd9c8e: Pulling fs layer
General & Infrastructure	UNKNOWN STEP	2026-04-04T14:16:44.0291464Z f420ae9f738c: Waiting
General & Infrastructure	UNKNOWN STEP	2026-04-04T14:16:44.0291715Z 539ad613ffba: Waiting
General & Infrastructure	UNKNOWN STEP	2026-04-04T14:16:44.0291965Z 1062eadcdc7d: Waiting
General & Infrastructure	UNKNOWN STEP	2026-04-04T14:16:44.0292157Z d12341ef4ed7: Waiting
General & Infrastructure	UNKNOWN STEP	2026-04-04T14:16:44.0292359Z 0180048b5c67: Waiting
General & Infrastructure	UNKNOWN STEP	2026-04-04T14:16:44.0292597Z 3f242abd9c8e: Waiting
General & Infrastructure	UNKNOWN STEP	2026-04-04T14:16:44.1610859Z 2800a7aef8b1: Verifying Checksum
General & Infrastructure	UNKNOWN STEP	2026-04-04T14:16:44.1611708Z 2800a7aef8b1: Download complete
General & Infrastructure	UNKNOWN STEP	2026-04-04T14:16:44.2247692Z 0805a1082be0: Verifying Checksum
General & Infrastructure	UNKNOWN STEP	2026-04-04T14:16:44.2249383Z 0805a1082be0: Download complete
General & Infrastructure	UNKNOWN STEP	2026-04-04T14:16:44.3611182Z 3566efde290b: Download complete
General & Infrastructure	UNKNOWN STEP	2026-04-04T14:16:44.5038750Z f420ae9f738c: Download complete
General & Infrastructure	UNKNOWN STEP	2026-04-04T14:16:44.6566141Z 539ad613ffba: Verifying Checksum
General & Infrastructure	UNKNOWN STEP	2026-04-04T14:16:44.6567060Z 539ad613ffba: Download complete
General & Infrastructure	UNKNOWN STEP	2026-04-04T14:16:44.7606987Z 1062eadcdc7d: Download complete
General & Infrastructure	UNKNOWN STEP	2026-04-04T14:16:44.7667764Z d12341ef4ed7: Verifying Checksum
General & Infrastructure	UNKNOWN STEP	2026-04-04T14:16:44.7668529Z d12341ef4ed7: Download complete
General & Infrastructure	UNKNOWN STEP	2026-04-04T14:16:44.9248600Z 3f242abd9c8e: Download complete
General & Infrastructure	UNKNOWN STEP	2026-04-04T14:16:44.9290666Z 0180048b5c67: Verifying Checksum
General & Infrastructure	UNKNOWN STEP	2026-04-04T14:16:44.9291090Z 0180048b5c67: Download complete
General & Infrastructure	UNKNOWN STEP	2026-04-04T14:16:47.5676642Z 0805a1082be0: Pull complete
General & Infrastructure	UNKNOWN STEP	2026-04-04T14:16:48.1861743Z 3566efde290b: Pull complete
General & Infrastructure	UNKNOWN STEP	2026-04-04T14:16:48.1988058Z 2800a7aef8b1: Pull complete
General & Infrastructure	UNKNOWN STEP	2026-04-04T14:16:48.6901917Z f420ae9f738c: Pull complete
General & Infrastructure	UNKNOWN STEP	2026-04-04T14:16:48.7662537Z 539ad613ffba: Pull complete
General & Infrastructure	UNKNOWN STEP	2026-04-04T14:16:48.8892592Z 1062eadcdc7d: Pull complete
General & Infrastructure	UNKNOWN STEP	2026-04-04T14:16:48.9587855Z d12341ef4ed7: Pull complete
General & Infrastructure	UNKNOWN STEP	2026-04-04T14:16:49.0001142Z 0180048b5c67: Pull complete
General & Infrastructure	UNKNOWN STEP	2026-04-04T14:16:49.0096086Z 3f242abd9c8e: Pull complete
General & Infrastructure	UNKNOWN STEP	2026-04-04T14:16:49.0139460Z Digest: sha256:918481e3b42182d1671c5807d57ed356203e11e96fa679f4f9a8a7b5a65152d9
General & Infrastructure	UNKNOWN STEP	2026-04-04T14:16:49.0153321Z Status: Downloaded newer image for ghcr.io/reviewdog/action-actionlint:v1.72.0
General & Infrastructure	UNKNOWN STEP	2026-04-04T14:16:49.0161091Z ghcr.io/reviewdog/action-actionlint:v1.72.0
General & Infrastructure	UNKNOWN STEP	2026-04-04T14:16:49.0207130Z ##[endgroup]
General & Infrastructure	UNKNOWN STEP	2026-04-04T14:16:49.0236225Z ##[group]Pull down action image 'wagoid/commitlint-github-action:5.5.1'
General & Infrastructure	UNKNOWN STEP	2026-04-04T14:16:49.0236856Z ##[command]/usr/bin/docker pull wagoid/commitlint-github-action:5.5.1
General & Infrastructure	UNKNOWN STEP	2026-04-04T14:16:49.6096381Z 5.5.1: Pulling from wagoid/commitlint-github-action
General & Infrastructure	UNKNOWN STEP	2026-04-04T14:16:49.6099954Z 9398808236ff: Pulling fs layer
General & Infrastructure	UNKNOWN STEP	2026-04-04T14:16:49.6100416Z 68e4fb3bab38: Pulling fs layer
General & Infrastructure	UNKNOWN STEP	2026-04-04T14:16:49.6100981Z 4fbc6a1c66ab: Pulling fs layer
General & Infrastructure	UNKNOWN STEP	2026-04-04T14:16:49.6101385Z 94584f9afe0f: Pulling fs layer
General & Infrastructure	UNKNOWN STEP	2026-04-04T14:16:49.6101766Z 909db87bbd60: Pulling fs layer
General & Infrastructure	UNKNOWN STEP	2026-04-04T14:16:49.6102142Z 689f42122cf4: Pulling fs layer
General & Infrastructure	UNKNOWN STEP	2026-04-04T14:16:49.6102543Z 7ecbb23e6531: Pulling fs layer
General & Infrastructure	UNKNOWN STEP	2026-04-04T14:16:49.6102917Z 4399540f43c1: Pulling fs layer
General & Infrastructure	UNKNOWN STEP	2026-04-04T14:16:49.6103294Z 28ad51cb529b: Pulling fs layer
General & Infrastructure	UNKNOWN STEP	2026-04-04T14:16:49.6103966Z 94584f9afe0f: Waiting
General & Infrastructure	UNKNOWN STEP	2026-04-04T14:16:49.6104341Z 909db87bbd60: Waiting
General & Infrastructure	UNKNOWN STEP	2026-04-04T14:16:49.6104573Z 689f42122cf4: Waiting
General & Infrastructure	UNKNOWN STEP	2026-04-04T14:16:49.6104814Z 7ecbb23e6531: Waiting
General & Infrastructure	UNKNOWN STEP	2026-04-04T14:16:49.6104982Z 4399540f43c1: Waiting
General & Infrastructure	UNKNOWN STEP	2026-04-04T14:16:49.6105156Z 28ad51cb529b: Waiting
General & Infrastructure	UNKNOWN STEP	2026-04-04T14:16:49.8959122Z 4fbc6a1c66ab: Verifying Checksum
General & Infrastructure	UNKNOWN STEP	2026-04-04T14:16:49.8961014Z 4fbc6a1c66ab: Download complete
General & Infrastructure	UNKNOWN STEP	2026-04-04T14:16:49.9357509Z 9398808236ff: Verifying Checksum
General & Infrastructure	UNKNOWN STEP	2026-04-04T14:16:49.9358866Z 9398808236ff: Download complete
General & Infrastructure	UNKNOWN STEP	2026-04-04T14:16:50.0742055Z 68e4fb3bab38: Verifying Checksum
General & Infrastructure	UNKNOWN STEP	2026-04-04T14:16:50.0749610Z 68e4fb3bab38: Download complete
General & Infrastructure	UNKNOWN STEP	2026-04-04T14:16:50.0787709Z 9398808236ff: Pull complete
General & Infrastructure	UNKNOWN STEP	2026-04-04T14:16:50.1336942Z 94584f9afe0f: Verifying Checksum
General & Infrastructure	UNKNOWN STEP	2026-04-04T14:16:50.1338088Z 94584f9afe0f: Download complete
General & Infrastructure	UNKNOWN STEP	2026-04-04T14:16:50.2402417Z 909db87bbd60: Verifying Checksum
General & Infrastructure	UNKNOWN STEP	2026-04-04T14:16:50.2403301Z 909db87bbd60: Download complete
General & Infrastructure	UNKNOWN STEP	2026-04-04T14:16:50.2834609Z 689f42122cf4: Verifying Checksum
General & Infrastructure	UNKNOWN STEP	2026-04-04T14:16:50.2836927Z 689f42122cf4: Download complete
General & Infrastructure	UNKNOWN STEP	2026-04-04T14:16:50.3309651Z 7ecbb23e6531: Verifying Checksum
General & Infrastructure	UNKNOWN STEP	2026-04-04T14:16:50.3310093Z 7ecbb23e6531: Download complete
General & Infrastructure	UNKNOWN STEP	2026-04-04T14:16:50.4473417Z 28ad51cb529b: Verifying Checksum
General & Infrastructure	UNKNOWN STEP	2026-04-04T14:16:50.4475859Z 28ad51cb529b: Download complete
General & Infrastructure	UNKNOWN STEP	2026-04-04T14:16:51.0231625Z 4399540f43c1: Verifying Checksum
General & Infrastructure	UNKNOWN STEP	2026-04-04T14:16:51.0232228Z 4399540f43c1: Download complete
General & Infrastructure	UNKNOWN STEP	2026-04-04T14:16:51.6138278Z 68e4fb3bab38: Pull complete
General & Infrastructure	UNKNOWN STEP	2026-04-04T14:16:51.6686063Z 4fbc6a1c66ab: Pull complete
General & Infrastructure	UNKNOWN STEP	2026-04-04T14:16:51.6783128Z 94584f9afe0f: Pull complete
General & Infrastructure	UNKNOWN STEP	2026-04-04T14:16:51.8539806Z 909db87bbd60: Pull complete
General & Infrastructure	UNKNOWN STEP	2026-04-04T14:16:51.8632029Z 689f42122cf4: Pull complete
General & Infrastructure	UNKNOWN STEP	2026-04-04T14:16:51.8753849Z 7ecbb23e6531: Pull complete
General & Infrastructure	UNKNOWN STEP	2026-04-04T14:16:56.0885114Z 4399540f43c1: Pull complete
General & Infrastructure	UNKNOWN STEP	2026-04-04T14:16:56.0986366Z 28ad51cb529b: Pull complete
General & Infrastructure	UNKNOWN STEP	2026-04-04T14:16:56.1015724Z Digest: sha256:376e134b3f9f4c9674a644253b15b848d954ca7d382d4e1741133a51ab037eca
General & Infrastructure	UNKNOWN STEP	2026-04-04T14:16:56.1024895Z Status: Downloaded newer image for wagoid/commitlint-github-action:5.5.1
General & Infrastructure	UNKNOWN STEP	2026-04-04T14:16:56.1033342Z docker.io/wagoid/commitlint-github-action:5.5.1
General & Infrastructure	UNKNOWN STEP	2026-04-04T14:16:56.1052804Z ##[endgroup]
General & Infrastructure	UNKNOWN STEP	2026-04-04T14:16:56.1075927Z ##[group]Build container for action use: '/home/runner/work/_actions/reviewdog/action-detect-secrets/v0/Dockerfile'.
General & Infrastructure	UNKNOWN STEP	2026-04-04T14:16:56.1081913Z ##[command]/usr/bin/docker build -t bed0b8:600306dae3974d2ea41dd61d8459b83b -f "/home/runner/work/_actions/reviewdog/action-detect-secrets/v0/Dockerfile" "/home/runner/work/_actions/reviewdog/action-detect-secrets/v0"
General & Infrastructure	UNKNOWN STEP	2026-04-04T14:16:56.4721875Z #0 building with "default" instance using docker driver
General & Infrastructure	UNKNOWN STEP	2026-04-04T14:16:56.4722363Z 
General & Infrastructure	UNKNOWN STEP	2026-04-04T14:16:56.4725733Z #1 [internal] load build definition from Dockerfile
General & Infrastructure	UNKNOWN STEP	2026-04-04T14:16:56.4726323Z #1 transferring dockerfile: 473B done
General & Infrastructure	UNKNOWN STEP	2026-04-04T14:16:56.4726739Z #1 DONE 0.0s
General & Infrastructure	UNKNOWN STEP	2026-04-04T14:16:56.4726911Z 
General & Infrastructure	UNKNOWN STEP	2026-04-04T14:16:56.4727183Z #2 [auth] library/python:pull token for registry-1.docker.io
General & Infrastructure	UNKNOWN STEP	2026-04-04T14:16:56.6223173Z #2 DONE 0.0s
General & Infrastructure	UNKNOWN STEP	2026-04-04T14:16:56.6223439Z 
General & Infrastructure	UNKNOWN STEP	2026-04-04T14:16:56.6224113Z #3 [internal] load metadata for docker.io/library/python:3.14.0-alpine
General & Infrastructure	UNKNOWN STEP	2026-04-04T14:16:56.9568942Z #3 DONE 0.6s
General & Infrastructure	UNKNOWN STEP	2026-04-04T14:16:57.0752979Z 
General & Infrastructure	UNKNOWN STEP	2026-04-04T14:16:57.0755281Z #4 [internal] load .dockerignore
General & Infrastructure	UNKNOWN STEP	2026-04-04T14:16:57.0755657Z #4 transferring context: 2B done
General & Infrastructure	UNKNOWN STEP	2026-04-04T14:16:57.0755917Z #4 DONE 0.0s
General & Infrastructure	UNKNOWN STEP	2026-04-04T14:16:57.0756238Z 
General & Infrastructure	UNKNOWN STEP	2026-04-04T14:16:57.0756334Z #5 [internal] load build context
General & Infrastructure	UNKNOWN STEP	2026-04-04T14:16:57.0756670Z #5 transferring context: 3.44kB done
General & Infrastructure	UNKNOWN STEP	2026-04-04T14:16:57.0757074Z #5 DONE 0.0s
General & Infrastructure	UNKNOWN STEP	2026-04-04T14:16:57.0757288Z 
General & Infrastructure	UNKNOWN STEP	2026-04-04T14:16:57.0757767Z #6 [1/4] FROM docker.io/library/python:3.14.0-alpine@sha256:8373231e1e906ddfb457748bfc032c4c06ada8c759b7b62d9c73ec2a3c56e710
General & Infrastructure	UNKNOWN STEP	2026-04-04T14:16:57.0758765Z #6 resolve docker.io/library/python:3.14.0-alpine@sha256:8373231e1e906ddfb457748bfc032c4c06ada8c759b7b62d9c73ec2a3c56e710 done
General & Infrastructure	UNKNOWN STEP	2026-04-04T14:16:57.0759637Z #6 sha256:facdf984afd18f7f52714321a1e8915796191dd98798aef5d1f77a85507e830d 0B / 13.23MB 0.1s
General & Infrastructure	UNKNOWN STEP	2026-04-04T14:16:57.0760350Z #6 sha256:8373231e1e906ddfb457748bfc032c4c06ada8c759b7b62d9c73ec2a3c56e710 10.29kB / 10.29kB done
General & Infrastructure	UNKNOWN STEP	2026-04-04T14:16:57.0761056Z #6 sha256:da0af7e1f95f7612c15858b627b151edde12a97b6ae60731a82c4849bd9c5b2c 1.73kB / 1.73kB done
General & Infrastructure	UNKNOWN STEP	2026-04-04T14:16:57.0761739Z #6 sha256:24ef78ff5ffe3f0b75661012741566f58f76e8109513be875a237d0a7b19b073 4.62kB / 4.62kB done
General & Infrastructure	UNKNOWN STEP	2026-04-04T14:16:57.0762402Z #6 sha256:2d35ebdb57d9971fea0cac1582aa78935adf8058b2cc32db163c98822e5dfa1b 0B / 3.80MB 0.1s
General & Infrastructure	UNKNOWN STEP	2026-04-04T14:16:57.0763069Z #6 sha256:86d375910f52b7c453db7c1e2135c1536210eb84825e8505b1c9e5a34faaf57a 0B / 456.92kB 0.1s
General & Infrastructure	UNKNOWN STEP	2026-04-04T14:16:57.2276267Z #6 sha256:facdf984afd18f7f52714321a1e8915796191dd98798aef5d1f77a85507e830d 1.05MB / 13.23MB 0.2s
General & Infrastructure	UNKNOWN STEP	2026-04-04T14:16:57.2279142Z #6 sha256:2d35ebdb57d9971fea0cac1582aa78935adf8058b2cc32db163c98822e5dfa1b 1.05MB / 3.80MB 0.2s
General & Infrastructure	UNKNOWN STEP	2026-04-04T14:16:57.2280643Z #6 sha256:86d375910f52b7c453db7c1e2135c1536210eb84825e8505b1c9e5a34faaf57a 456.92kB / 456.92kB 0.1s done
General & Infrastructure	UNKNOWN STEP	2026-04-04T14:16:57.2282320Z #6 sha256:13839c1b2c2fc819a0ebcba5bbfcb61b3d29976827c3c86062f87186660baa70 250B / 250B 0.2s done
General & Infrastructure	UNKNOWN STEP	2026-04-04T14:16:57.2283693Z #6 extracting sha256:2d35ebdb57d9971fea0cac1582aa78935adf8058b2cc32db163c98822e5dfa1b
General & Infrastructure	UNKNOWN STEP	2026-04-04T14:16:57.3390026Z #6 sha256:facdf984afd18f7f52714321a1e8915796191dd98798aef5d1f77a85507e830d 13.23MB / 13.23MB 0.3s done
General & Infrastructure	UNKNOWN STEP	2026-04-04T14:16:57.3394066Z #6 sha256:2d35ebdb57d9971fea0cac1582aa78935adf8058b2cc32db163c98822e5dfa1b 3.80MB / 3.80MB 0.2s done
General & Infrastructure	UNKNOWN STEP	2026-04-04T14:16:57.3395212Z #6 extracting sha256:2d35ebdb57d9971fea0cac1582aa78935adf8058b2cc32db163c98822e5dfa1b 0.1s done
General & Infrastructure	UNKNOWN STEP	2026-04-04T14:16:57.3396112Z #6 extracting sha256:86d375910f52b7c453db7c1e2135c1536210eb84825e8505b1c9e5a34faaf57a
General & Infrastructure	UNKNOWN STEP	2026-04-04T14:16:57.5602227Z #6 extracting sha256:86d375910f52b7c453db7c1e2135c1536210eb84825e8505b1c9e5a34faaf57a 0.1s done
General & Infrastructure	UNKNOWN STEP	2026-04-04T14:16:57.5603284Z #6 extracting sha256:facdf984afd18f7f52714321a1e8915796191dd98798aef5d1f77a85507e830d
General & Infrastructure	UNKNOWN STEP	2026-04-04T14:16:58.3107340Z #6 extracting sha256:facdf984afd18f7f52714321a1e8915796191dd98798aef5d1f77a85507e830d 0.5s done
General & Infrastructure	UNKNOWN STEP	2026-04-04T14:16:58.4406404Z #6 extracting sha256:13839c1b2c2fc819a0ebcba5bbfcb61b3d29976827c3c86062f87186660baa70 done
General & Infrastructure	UNKNOWN STEP	2026-04-04T14:16:58.4406949Z #6 DONE 1.2s
General & Infrastructure	UNKNOWN STEP	2026-04-04T14:16:58.4407069Z 
General & Infrastructure	UNKNOWN STEP	2026-04-04T14:16:58.4408038Z #7 [2/4] RUN apk --no-cache add git gcc musl-dev   && wget -O - -q https://raw.githubusercontent.com/reviewdog/reviewdog/fd59714416d6d9a1c0692d872e38e7f8448df4fc/install.sh| sh -s -- -b /usr/local/bin/ v0.21.0   && pip install detect-secrets[word_list]
General & Infrastructure	UNKNOWN STEP	2026-04-04T14:16:58.4409387Z #7 0.124 fetch https://dl-cdn.alpinelinux.org/alpine/v3.22/main/x86_64/APKINDEX.tar.gz
General & Infrastructure	UNKNOWN STEP	2026-04-04T14:16:58.4410024Z #7 0.254 fetch https://dl-cdn.alpinelinux.org/alpine/v3.22/community/x86_64/APKINDEX.tar.gz
General & Infrastructure	UNKNOWN STEP	2026-04-04T14:16:58.7160212Z #7 0.530 (1/23) Installing libgcc (14.2.0-r6)
General & Infrastructure	UNKNOWN STEP	2026-04-04T14:16:58.8524913Z #7 0.543 (2/23) Installing jansson (2.14.1-r0)
General & Infrastructure	UNKNOWN STEP	2026-04-04T14:16:58.8525477Z #7 0.553 (3/23) Installing libstdc++ (14.2.0-r6)
General & Infrastructure	UNKNOWN STEP	2026-04-04T14:16:58.8525870Z #7 0.585 (4/23) Installing binutils (2.44-r3)
General & Infrastructure	UNKNOWN STEP	2026-04-04T14:16:58.8526216Z #7 0.666 (5/23) Installing libgomp (14.2.0-r6)
General & Infrastructure	UNKNOWN STEP	2026-04-04T14:16:59.0950548Z #7 0.681 (6/23) Installing libatomic (14.2.0-r6)
General & Infrastructure	UNKNOWN STEP	2026-04-04T14:16:59.0951115Z #7 0.692 (7/23) Installing gmp (6.3.0-r3)
General & Infrastructure	UNKNOWN STEP	2026-04-04T14:16:59.0951583Z #7 0.708 (8/23) Installing isl26 (0.26-r1)
General & Infrastructure	UNKNOWN STEP	2026-04-04T14:16:59.0952053Z #7 0.733 (9/23) Installing mpfr4 (4.2.1_p1-r0)
General & Infrastructure	UNKNOWN STEP	2026-04-04T14:16:59.0952540Z #7 0.747 (10/23) Installing mpc1 (1.3.1-r1)
General & Infrastructure	UNKNOWN STEP	2026-04-04T14:16:59.0953017Z #7 0.758 (11/23) Installing gcc (14.2.0-r6)
General & Infrastructure	UNKNOWN STEP	2026-04-04T14:16:59.9031942Z #7 1.717 (12/23) Installing brotli-libs (1.1.0-r2)
General & Infrastructure	UNKNOWN STEP	2026-04-04T14:17:00.0150039Z #7 1.734 (13/23) Installing c-ares (1.34.6-r0)
General & Infrastructure	UNKNOWN STEP	2026-04-04T14:17:00.0150619Z #7 1.746 (14/23) Installing libunistring (1.3-r0)
General & Infrastructure	UNKNOWN STEP	2026-04-04T14:17:00.0151010Z #7 1.766 (15/23) Installing libidn2 (2.3.7-r0)
General & Infrastructure	UNKNOWN STEP	2026-04-04T14:17:00.0151360Z #7 1.780 (16/23) Installing nghttp2-libs (1.65.0-r0)
General & Infrastructure	UNKNOWN STEP	2026-04-04T14:17:00.0151721Z #7 1.790 (17/23) Installing libpsl (0.21.5-r3)
General & Infrastructure	UNKNOWN STEP	2026-04-04T14:17:00.0152049Z #7 1.802 (18/23) Installing libcurl (8.14.1-r2)
General & Infrastructure	UNKNOWN STEP	2026-04-04T14:17:00.0152409Z #7 1.817 (19/23) Installing libexpat (2.7.5-r0)
General & Infrastructure	UNKNOWN STEP	2026-04-04T14:17:00.0152750Z #7 1.829 (20/23) Installing pcre2 (10.46-r0)
General & Infrastructure	UNKNOWN STEP	2026-04-04T14:17:00.1847255Z #7 1.845 (21/23) Installing git (2.49.1-r0)
General & Infrastructure	UNKNOWN STEP	2026-04-04T14:17:00.1847703Z #7 1.917 (22/23) Installing git-init-template (2.49.1-r0)
General & Infrastructure	UNKNOWN STEP	2026-04-04T14:17:00.1848109Z #7 1.928 (23/23) Installing musl-dev (1.2.5-r10)
General & Infrastructure	UNKNOWN STEP	2026-04-04T14:17:00.1848824Z #7 1.999 Executing busybox-1.37.0-r19.trigger
General & Infrastructure	UNKNOWN STEP	2026-04-04T14:17:00.3425197Z #7 2.006 OK: 186 MiB in 53 packages
General & Infrastructure	UNKNOWN STEP	2026-04-04T14:17:00.3471302Z #7 2.161 reviewdog/reviewdog info checking GitHub for tag 'v0.21.0'
General & Infrastructure	UNKNOWN STEP	2026-04-04T14:17:00.6706602Z #7 2.484 reviewdog/reviewdog info found version: 0.21.0 for v0.21.0/Linux/x86_64
General & Infrastructure	UNKNOWN STEP	2026-04-04T14:17:01.4680025Z #7 3.282 reviewdog/reviewdog info installed /usr/local/bin//reviewdog
General & Infrastructure	UNKNOWN STEP	2026-04-04T14:17:03.9924593Z #7 5.806 Collecting detect-secrets[word_list]
General & Infrastructure	UNKNOWN STEP	2026-04-04T14:17:04.1322933Z #7 5.861   Downloading detect_secrets-1.5.0-py3-none-any.whl.metadata (23 kB)
General & Infrastructure	UNKNOWN STEP	2026-04-04T14:17:04.1323971Z #7 5.946 Collecting pyyaml (from detect-secrets[word_list])
General & Infrastructure	UNKNOWN STEP	2026-04-04T14:17:04.2459808Z #7 5.960   Downloading pyyaml-6.0.3-cp314-cp314-musllinux_1_2_x86_64.whl.metadata (2.4 kB)
General & Infrastructure	UNKNOWN STEP	2026-04-04T14:17:04.2461003Z #7 6.006 Collecting requests (from detect-secrets[word_list])
General & Infrastructure	UNKNOWN STEP	2026-04-04T14:17:04.2461570Z #7 6.020   Downloading requests-2.33.1-py3-none-any.whl.metadata (4.8 kB)
General & Infrastructure	UNKNOWN STEP	2026-04-04T14:17:04.2462527Z #7 6.060 Collecting pyahocorasick (from detect-secrets[word_list])
General & Infrastructure	UNKNOWN STEP	2026-04-04T14:17:04.4120652Z #7 6.075   Downloading pyahocorasick-2.3.0-cp314-cp314-musllinux_1_2_x86_64.whl.metadata (13 kB)
General & Infrastructure	UNKNOWN STEP	2026-04-04T14:17:04.4213770Z #7 6.235 Collecting charset_normalizer<4,>=2 (from requests->detect-secrets[word_list])
General & Infrastructure	UNKNOWN STEP	2026-04-04T14:17:04.5391975Z #7 6.249   Downloading charset_normalizer-3.4.7-cp314-cp314-musllinux_1_2_x86_64.whl.metadata (40 kB)
General & Infrastructure	UNKNOWN STEP	2026-04-04T14:17:04.5393798Z #7 6.291 Collecting idna<4,>=2.5 (from requests->detect-secrets[word_list])
General & Infrastructure	UNKNOWN STEP	2026-04-04T14:17:04.5394756Z #7 6.305   Downloading idna-3.11-py3-none-any.whl.metadata (8.4 kB)
General & Infrastructure	UNKNOWN STEP	2026-04-04T14:17:04.5396076Z #7 6.353 Collecting urllib3<3,>=1.26 (from requests->detect-secrets[word_list])
General & Infrastructure	UNKNOWN STEP	2026-04-04T14:17:04.6571954Z #7 6.367   Downloading urllib3-2.6.3-py3-none-any.whl.metadata (6.9 kB)
General & Infrastructure	UNKNOWN STEP	2026-04-04T14:17:04.6573017Z #7 6.406 Collecting certifi>=2023.5.7 (from requests->detect-secrets[word_list])
General & Infrastructure	UNKNOWN STEP	2026-04-04T14:17:04.6574025Z #7 6.420   Downloading certifi-2026.2.25-py3-none-any.whl.metadata (2.5 kB)
General & Infrastructure	UNKNOWN STEP	2026-04-04T14:17:04.6574575Z #7 6.440 Downloading detect_secrets-1.5.0-py3-none-any.whl (120 kB)
General & Infrastructure	UNKNOWN STEP	2026-04-04T14:17:04.6575151Z #7 6.471 Downloading pyahocorasick-2.3.0-cp314-cp314-musllinux_1_2_x86_64.whl (117 kB)
General & Infrastructure	UNKNOWN STEP	2026-04-04T14:17:04.7699279Z #7 6.490 Downloading pyyaml-6.0.3-cp314-cp314-musllinux_1_2_x86_64.whl (789 kB)
General & Infrastructure	UNKNOWN STEP	2026-04-04T14:17:04.7700353Z #7 6.531    ━━━━━━━━━━━━━━━━━━━━━━━━━━━━━━━━━━━━━━━━ 789.2/789.2 kB 21.0 MB/s  0:00:00
General & Infrastructure	UNKNOWN STEP	2026-04-04T14:17:04.7701092Z #7 6.546 Downloading requests-2.33.1-py3-none-any.whl (64 kB)
General & Infrastructure	UNKNOWN STEP	2026-04-04T14:17:04.7702012Z #7 6.566 Downloading charset_normalizer-3.4.7-cp314-cp314-musllinux_1_2_x86_64.whl (217 kB)
General & Infrastructure	UNKNOWN STEP	2026-04-04T14:17:04.7702864Z #7 6.584 Downloading idna-3.11-py3-none-any.whl (71 kB)
General & Infrastructure	UNKNOWN STEP	2026-04-04T14:17:05.0037898Z #7 6.602 Downloading urllib3-2.6.3-py3-none-any.whl (131 kB)
General & Infrastructure	UNKNOWN STEP	2026-04-04T14:17:05.0042610Z #7 6.622 Downloading certifi-2026.2.25-py3-none-any.whl (153 kB)
General & Infrastructure	UNKNOWN STEP	2026-04-04T14:17:05.0043948Z #7 6.667 Installing collected packages: urllib3, pyyaml, pyahocorasick, idna, charset_normalizer, certifi, requests, detect-secrets
General & Infrastructure	UNKNOWN STEP	2026-04-04T14:17:05.5230405Z #7 7.337 
General & Infrastructure	UNKNOWN STEP	2026-04-04T14:17:05.7439524Z #7 7.339 Successfully installed certifi-2026.2.25 charset_normalizer-3.4.7 detect-secrets-1.5.0 idna-3.11 pyahocorasick-2.3.0 pyyaml-6.0.3 requests-2.33.1 urllib3-2.6.3
General & Infrastructure	UNKNOWN STEP	2026-04-04T14:17:05.7442890Z #7 7.340 WARNING: Running pip as the 'root' user can result in broken permissions and conflicting behaviour with the system package manager, possibly rendering your system unusable. It is recommended to use a virtual environment instead: https://pip.pypa.io/warnings/venv. Use the --root-user-action option if you know what you are doing and want to suppress this warning.
General & Infrastructure	UNKNOWN STEP	2026-04-04T14:17:05.7446776Z #7 7.433 
General & Infrastructure	UNKNOWN STEP	2026-04-04T14:17:05.7447203Z #7 7.433 [notice] A new release of pip is available: 25.2 -> 26.0.1
General & Infrastructure	UNKNOWN STEP	2026-04-04T14:17:05.7447850Z #7 7.433 [notice] To update, run: pip install --upgrade pip
General & Infrastructure	UNKNOWN STEP	2026-04-04T14:17:05.7448349Z #7 DONE 7.6s
General & Infrastructure	UNKNOWN STEP	2026-04-04T14:17:05.9186776Z 
General & Infrastructure	UNKNOWN STEP	2026-04-04T14:17:05.9188141Z #8 [3/4] COPY baseline2rdf.py /usr/local/bin/baseline2rdf
General & Infrastructure	UNKNOWN STEP	2026-04-04T14:17:05.9189947Z #8 DONE 0.0s
General & Infrastructure	UNKNOWN STEP	2026-04-04T14:17:05.9190790Z 
General & Infrastructure	UNKNOWN STEP	2026-04-04T14:17:05.9191195Z #9 [4/4] COPY entrypoint.sh /entrypoint.sh
General & Infrastructure	UNKNOWN STEP	2026-04-04T14:17:05.9192446Z #9 DONE 0.0s
General & Infrastructure	UNKNOWN STEP	2026-04-04T14:17:05.9192939Z 
General & Infrastructure	UNKNOWN STEP	2026-04-04T14:17:05.9193769Z #10 exporting to image
General & Infrastructure	UNKNOWN STEP	2026-04-04T14:17:05.9194334Z #10 exporting layers
General & Infrastructure	UNKNOWN STEP	2026-04-04T14:17:06.5430417Z #10 exporting layers 0.8s done
General & Infrastructure	UNKNOWN STEP	2026-04-04T14:17:06.5646204Z #10 writing image sha256:f7235bf9e1b54217b7e388f0e2277d423fc4fa9a3cca24650af827a5af3c3be7 done
General & Infrastructure	UNKNOWN STEP	2026-04-04T14:17:06.5647639Z #10 naming to docker.io/library/bed0b8:600306dae3974d2ea41dd61d8459b83b done
General & Infrastructure	UNKNOWN STEP	2026-04-04T14:17:06.5648296Z #10 DONE 0.8s
General & Infrastructure	UNKNOWN STEP	2026-04-04T14:17:06.5696835Z ##[endgroup]
General & Infrastructure	UNKNOWN STEP	2026-04-04T14:17:06.5708169Z ##[group]Build container for action use: '/home/runner/work/_actions/reviewdog/action-misspell/v1/Dockerfile'.
General & Infrastructure	UNKNOWN STEP	2026-04-04T14:17:06.5709803Z ##[command]/usr/bin/docker build -t bed0b8:168a157d9ed5471a92280bb3e1cf1e48 -f "/home/runner/work/_actions/reviewdog/action-misspell/v1/Dockerfile" "/home/runner/work/_actions/reviewdog/action-misspell/v1"
General & Infrastructure	UNKNOWN STEP	2026-04-04T14:17:06.7869889Z #0 building with "default" instance using docker driver
General & Infrastructure	UNKNOWN STEP	2026-04-04T14:17:06.7870404Z 
General & Infrastructure	UNKNOWN STEP	2026-04-04T14:17:06.7870734Z #1 [internal] load build definition from Dockerfile
General & Infrastructure	UNKNOWN STEP	2026-04-04T14:17:06.7871298Z #1 transferring dockerfile: 649B done
General & Infrastructure	UNKNOWN STEP	2026-04-04T14:17:06.7871706Z #1 DONE 0.0s
General & Infrastructure	UNKNOWN STEP	2026-04-04T14:17:06.7871882Z 
General & Infrastructure	UNKNOWN STEP	2026-04-04T14:17:06.7872122Z #2 [auth] library/debian:pull token for registry-1.docker.io
General & Infrastructure	UNKNOWN STEP	2026-04-04T14:17:06.9372956Z #2 DONE 0.0s
General & Infrastructure	UNKNOWN STEP	2026-04-04T14:17:06.9373176Z 
General & Infrastructure	UNKNOWN STEP	2026-04-04T14:17:06.9373754Z #3 [internal] load metadata for docker.io/library/debian:bullseye-slim
General & Infrastructure	UNKNOWN STEP	2026-04-04T14:17:07.2153114Z #3 DONE 0.5s
General & Infrastructure	UNKNOWN STEP	2026-04-04T14:17:07.3299177Z 
General & Infrastructure	UNKNOWN STEP	2026-04-04T14:17:07.3301334Z #4 [internal] load .dockerignore
General & Infrastructure	UNKNOWN STEP	2026-04-04T14:17:07.3301819Z #4 transferring context: 2B done
General & Infrastructure	UNKNOWN STEP	2026-04-04T14:17:07.3302330Z #4 DONE 0.0s
General & Infrastructure	UNKNOWN STEP	2026-04-04T14:17:07.3302545Z 
General & Infrastructure	UNKNOWN STEP	2026-04-04T14:17:07.3302664Z #5 [internal] load build context
General & Infrastructure	UNKNOWN STEP	2026-04-04T14:17:07.3302944Z #5 transferring context: 1.18kB done
General & Infrastructure	UNKNOWN STEP	2026-04-04T14:17:07.3303220Z #5 DONE 0.0s
General & Infrastructure	UNKNOWN STEP	2026-04-04T14:17:07.3303521Z 
General & Infrastructure	UNKNOWN STEP	2026-04-04T14:17:07.3303987Z #6 [1/5] FROM docker.io/library/debian:bullseye-slim@sha256:95a3884fee36b8f33bf32a6bbffa8dffe6cab6089b841cec45fb47c581a2709d
General & Infrastructure	UNKNOWN STEP	2026-04-04T14:17:07.3305055Z #6 resolve docker.io/library/debian:bullseye-slim@sha256:95a3884fee36b8f33bf32a6bbffa8dffe6cab6089b841cec45fb47c581a2709d done
General & Infrastructure	UNKNOWN STEP	2026-04-04T14:17:07.3305957Z #6 sha256:fa549c2c1e9dc41640ca6b8cc341cb54b21800e7a8824ab3ee0765ed52b65bfb 453B / 453B done
General & Infrastructure	UNKNOWN STEP	2026-04-04T14:17:07.3306691Z #6 sha256:2def39ba61d018877eab029bb49f5312188fcf3f564be382981f921d932f625f 0B / 30.26MB 0.1s
General & Infrastructure	UNKNOWN STEP	2026-04-04T14:17:07.3307437Z #6 sha256:95a3884fee36b8f33bf32a6bbffa8dffe6cab6089b841cec45fb47c581a2709d 4.54kB / 4.54kB done
General & Infrastructure	UNKNOWN STEP	2026-04-04T14:17:07.3308196Z #6 sha256:040964add8da2d945de53cd2b29aa3fd2aa402b6d6de437aca2edbeb9d1cf3f4 1.02kB / 1.02kB done
General & Infrastructure	UNKNOWN STEP	2026-04-04T14:17:07.5303016Z #6 sha256:2def39ba61d018877eab029bb49f5312188fcf3f564be382981f921d932f625f 8.39MB / 30.26MB 0.3s
General & Infrastructure	UNKNOWN STEP	2026-04-04T14:17:07.7298614Z #6 sha256:2def39ba61d018877eab029bb49f5312188fcf3f564be382981f921d932f625f 26.21MB / 30.26MB 0.5s
General & Infrastructure	UNKNOWN STEP	2026-04-04T14:17:07.9050750Z #6 sha256:2def39ba61d018877eab029bb49f5312188fcf3f564be382981f921d932f625f 30.26MB / 30.26MB 0.6s done
General & Infrastructure	UNKNOWN STEP	2026-04-04T14:17:07.9053691Z #6 extracting sha256:2def39ba61d018877eab029bb49f5312188fcf3f564be382981f921d932f625f 0.1s
General & Infrastructure	UNKNOWN STEP	2026-04-04T14:17:09.0509237Z #6 extracting sha256:2def39ba61d018877eab029bb49f5312188fcf3f564be382981f921d932f625f 1.2s done
General & Infrastructure	UNKNOWN STEP	2026-04-04T14:17:09.2177711Z #6 DONE 1.9s
General & Infrastructure	UNKNOWN STEP	2026-04-04T14:17:09.2178042Z 
General & Infrastructure	UNKNOWN STEP	2026-04-04T14:17:09.2179029Z #7 [2/5] RUN apt-get update     && apt-get install -y --no-install-recommends         ca-certificates         git         wget     && apt-get clean     && rm -rf /var/lib/apt/lists/*
General & Infrastructure	UNKNOWN STEP	2026-04-04T14:17:09.2180387Z #7 0.141 Get:1 http://deb.debian.org/debian bullseye InRelease [75.1 kB]
General & Infrastructure	UNKNOWN STEP	2026-04-04T14:17:09.3301236Z #7 0.162 Get:2 http://deb.debian.org/debian-security bullseye-security InRelease [27.2 kB]
General & Infrastructure	UNKNOWN STEP	2026-04-04T14:17:09.3302222Z #7 0.172 Get:3 http://deb.debian.org/debian bullseye-updates InRelease [44.0 kB]
General & Infrastructure	UNKNOWN STEP	2026-04-04T14:17:09.3303070Z #7 0.254 Get:4 http://deb.debian.org/debian bullseye/main amd64 Packages [8066 kB]
General & Infrastructure	UNKNOWN STEP	2026-04-04T14:17:09.4850966Z #7 0.408 Get:5 http://deb.debian.org/debian-security bullseye-security/main amd64 Packages [446 kB]
General & Infrastructure	UNKNOWN STEP	2026-04-04T14:17:09.6493076Z #7 0.422 Get:6 http://deb.debian.org/debian bullseye-updates/main amd64 Packages [18.8 kB]
General & Infrastructure	UNKNOWN STEP	2026-04-04T14:17:10.3005993Z #7 1.224 Fetched 8677 kB in 1s (7858 kB/s)
General & Infrastructure	UNKNOWN STEP	2026-04-04T14:17:10.6335012Z #7 1.224 Reading package lists...
General & Infrastructure	UNKNOWN STEP	2026-04-04T14:17:10.9847476Z #7 1.574 Reading package lists...
General & Infrastructure	UNKNOWN STEP	2026-04-04T14:17:11.1427491Z #7 1.917 Building dependency tree...
General & Infrastructure	UNKNOWN STEP	2026-04-04T14:17:11.1429525Z #7 1.987 Reading state information...
General & Infrastructure	UNKNOWN STEP	2026-04-04T14:17:11.1430109Z #7 2.066 The following additional packages will be installed:
General & Infrastructure	UNKNOWN STEP	2026-04-04T14:17:11.1431149Z #7 2.066   git-man libbrotli1 libcurl3-gnutls liberror-perl libexpat1 libgdbm-compat4
General & Infrastructure	UNKNOWN STEP	2026-04-04T14:17:11.3595412Z #7 2.066   libgdbm6 libldap-2.4-2 libnghttp2-14 libperl5.32 libpsl5 librtmp1 libsasl2-2
General & Infrastructure	UNKNOWN STEP	2026-04-04T14:17:11.3596559Z #7 2.067   libsasl2-modules-db libssh2-1 openssl perl perl-modules-5.32
General & Infrastructure	UNKNOWN STEP	2026-04-04T14:17:11.3597110Z #7 2.067 Suggested packages:
General & Infrastructure	UNKNOWN STEP	2026-04-04T14:17:11.3597557Z #7 2.067   gettext-base git-daemon-run | git-daemon-sysvinit git-doc git-el git-email
General & Infrastructure	UNKNOWN STEP	2026-04-04T14:17:11.3598190Z #7 2.067   git-gui gitk gitweb git-cvs git-mediawiki git-svn gdbm-l10n sensible-utils
General & Infrastructure	UNKNOWN STEP	2026-04-04T14:17:11.3600518Z #7 2.067   perl-doc libterm-readline-gnu-perl | libterm-readline-perl-perl make
General & Infrastructure	UNKNOWN STEP	2026-04-04T14:17:11.3602895Z #7 2.067   libtap-harness-archive-perl
General & Infrastructure	UNKNOWN STEP	2026-04-04T14:17:11.3604498Z #7 2.067 Recommended packages:
General & Infrastructure	UNKNOWN STEP	2026-04-04T14:17:11.3606481Z #7 2.067   patch less ssh-client libldap-common publicsuffix libsasl2-modules netbase
General & Infrastructure	UNKNOWN STEP	2026-04-04T14:17:11.3607674Z #7 2.129 The following NEW packages will be installed:
General & Infrastructure	UNKNOWN STEP	2026-04-04T14:17:11.3609357Z #7 2.129   ca-certificates git git-man libbrotli1 libcurl3-gnutls liberror-perl
General & Infrastructure	UNKNOWN STEP	2026-04-04T14:17:11.3610835Z #7 2.129   libexpat1 libgdbm-compat4 libgdbm6 libldap-2.4-2 libnghttp2-14 libperl5.32
General & Infrastructure	UNKNOWN STEP	2026-04-04T14:17:11.3611742Z #7 2.129   libpsl5 librtmp1 libsasl2-2 libsasl2-modules-db libssh2-1 openssl perl
General & Infrastructure	UNKNOWN STEP	2026-04-04T14:17:11.3612450Z #7 2.129   perl-modules-5.32 wget
General & Infrastructure	UNKNOWN STEP	2026-04-04T14:17:11.3613797Z #7 2.166 0 upgraded, 21 newly installed, 0 to remove and 0 not upgraded.
General & Infrastructure	UNKNOWN STEP	2026-04-04T14:17:11.3614512Z #7 2.166 Need to get 18.3 MB of archives.
General & Infrastructure	UNKNOWN STEP	2026-04-04T14:17:11.3615156Z #7 2.166 After this operation, 94.5 MB of additional disk space will be used.
General & Infrastructure	UNKNOWN STEP	2026-04-04T14:17:11.3616104Z #7 2.166 Get:1 http://deb.debian.org/debian-security bullseye-security/main amd64 perl-modules-5.32 all 5.32.1-4+deb11u4 [2824 kB]
General & Infrastructure	UNKNOWN STEP	2026-04-04T14:17:11.3616825Z #7 2.283 Get:2 http://deb.debian.org/debian bullseye/main amd64 libgdbm6 amd64 1.19-2 [64.9 kB]
General & Infrastructure	UNKNOWN STEP	2026-04-04T14:17:11.5410210Z #7 2.284 Get:3 http://deb.debian.org/debian bullseye/main amd64 libgdbm-compat4 amd64 1.19-2 [44.7 kB]
General & Infrastructure	UNKNOWN STEP	2026-04-04T14:17:11.5412168Z #7 2.284 Get:4 http://deb.debian.org/debian-security bullseye-security/main amd64 libperl5.32 amd64 5.32.1-4+deb11u4 [4132 kB]
General & Infrastructure	UNKNOWN STEP	2026-04-04T14:17:11.5413836Z #7 2.313 Get:5 http://deb.debian.org/debian-security bullseye-security/main amd64 perl amd64 5.32.1-4+deb11u4 [293 kB]
General & Infrastructure	UNKNOWN STEP	2026-04-04T14:17:11.5415154Z #7 2.317 Get:6 http://deb.debian.org/debian-security bullseye-security/main amd64 openssl amd64 1.1.1w-0+deb11u5 [859 kB]
General & Infrastructure	UNKNOWN STEP	2026-04-04T14:17:11.5416543Z #7 2.320 Get:7 http://deb.debian.org/debian-security bullseye-security/main amd64 ca-certificates all 20230311+deb12u1~deb11u1 [169 kB]
General & Infrastructure	UNKNOWN STEP	2026-04-04T14:17:11.5417814Z #7 2.321 Get:8 http://deb.debian.org/debian bullseye/main amd64 libpsl5 amd64 0.21.0-1.2 [57.3 kB]
General & Infrastructure	UNKNOWN STEP	2026-04-04T14:17:11.5418944Z #7 2.322 Get:9 http://deb.debian.org/debian-security bullseye-security/main amd64 wget amd64 1.21-1+deb11u2 [964 kB]
General & Infrastructure	UNKNOWN STEP	2026-04-04T14:17:11.5420088Z #7 2.326 Get:10 http://deb.debian.org/debian bullseye/main amd64 libbrotli1 amd64 1.0.9-2+b2 [279 kB]
General & Infrastructure	UNKNOWN STEP	2026-04-04T14:17:11.5421257Z #7 2.329 Get:11 http://deb.debian.org/debian bullseye/main amd64 libsasl2-modules-db amd64 2.1.27+dfsg-2.1+deb11u1 [69.1 kB]
General & Infrastructure	UNKNOWN STEP	2026-04-04T14:17:11.5422081Z #7 2.329 Get:12 http://deb.debian.org/debian bullseye/main amd64 libsasl2-2 amd64 2.1.27+dfsg-2.1+deb11u1 [106 kB]
General & Infrastructure	UNKNOWN STEP	2026-04-04T14:17:11.5423141Z #7 2.330 Get:13 http://deb.debian.org/debian bullseye/main amd64 libldap-2.4-2 amd64 2.4.57+dfsg-3+deb11u1 [232 kB]
General & Infrastructure	UNKNOWN STEP	2026-04-04T14:17:11.5424749Z #7 2.331 Get:14 http://deb.debian.org/debian-security bullseye-security/main amd64 libnghttp2-14 amd64 1.43.0-1+deb11u2 [77.0 kB]
General & Infrastructure	UNKNOWN STEP	2026-04-04T14:17:11.5426364Z #7 2.336 Get:15 http://deb.debian.org/debian bullseye/main amd64 librtmp1 amd64 2.4+20151223.gitfa8646d.1-2+b2 [60.8 kB]
General & Infrastructure	UNKNOWN STEP	2026-04-04T14:17:11.5427570Z #7 2.337 Get:16 http://deb.debian.org/debian bullseye/main amd64 libssh2-1 amd64 1.9.0-2+deb11u1 [156 kB]
General & Infrastructure	UNKNOWN STEP	2026-04-04T14:17:11.5428859Z #7 2.338 Get:17 http://deb.debian.org/debian-security bullseye-security/main amd64 libcurl3-gnutls amd64 7.74.0-1.3+deb11u16 [344 kB]
General & Infrastructure	UNKNOWN STEP	2026-04-04T14:17:11.5430458Z #7 2.340 Get:18 http://deb.debian.org/debian-security bullseye-security/main amd64 libexpat1 amd64 2.2.10-2+deb11u7 [99.2 kB]
General & Infrastructure	UNKNOWN STEP	2026-04-04T14:17:11.5431667Z #7 2.348 Get:19 http://deb.debian.org/debian bullseye/main amd64 liberror-perl all 0.17029-1 [31.0 kB]
General & Infrastructure	UNKNOWN STEP	2026-04-04T14:17:11.5432873Z #7 2.361 Get:20 http://deb.debian.org/debian-security bullseye-security/main amd64 git-man all 1:2.30.2-1+deb11u5 [1831 kB]
General & Infrastructure	UNKNOWN STEP	2026-04-04T14:17:11.5434417Z #7 2.367 Get:21 http://deb.debian.org/debian-security bullseye-security/main amd64 git amd64 1:2.30.2-1+deb11u5 [5568 kB]
General & Infrastructure	UNKNOWN STEP	2026-04-04T14:17:11.5435441Z #7 2.465 debconf: delaying package configuration, since apt-utils is not installed
General & Infrastructure	UNKNOWN STEP	2026-04-04T14:17:11.7260223Z #7 2.481 Fetched 18.3 MB in 0s (72.2 MB/s)
General & Infrastructure	UNKNOWN STEP	2026-04-04T14:17:11.7261065Z #7 2.492 Selecting previously unselected package perl-modules-5.32.
General & Infrastructure	UNKNOWN STEP	2026-04-04T14:17:11.7261774Z #7 2.492 (Reading database ... 
General & Infrastructure	UNKNOWN STEP	2026-04-04T14:17:11.7262191Z (Reading database ... 5%
General & Infrastructure	UNKNOWN STEP	2026-04-04T14:17:11.7262604Z (Reading database ... 10%
General & Infrastructure	UNKNOWN STEP	2026-04-04T14:17:11.7262973Z (Reading database ... 15%
General & Infrastructure	UNKNOWN STEP	2026-04-04T14:17:11.7263967Z (Reading database ... 20%
General & Infrastructure	UNKNOWN STEP	2026-04-04T14:17:11.7264328Z (Reading database ... 25%
General & Infrastructure	UNKNOWN STEP	2026-04-04T14:17:11.7264678Z (Reading database ... 30%
General & Infrastructure	UNKNOWN STEP	2026-04-04T14:17:11.7265038Z (Reading database ... 35%
General & Infrastructure	UNKNOWN STEP	2026-04-04T14:17:11.7265375Z (Reading database ... 40%
General & Infrastructure	UNKNOWN STEP	2026-04-04T14:17:11.7265718Z (Reading database ... 45%
General & Infrastructure	UNKNOWN STEP	2026-04-04T14:17:11.7266081Z (Reading database ... 50%
General & Infrastructure	UNKNOWN STEP	2026-04-04T14:17:11.7266679Z (Reading database ... 55%
General & Infrastructure	UNKNOWN STEP	2026-04-04T14:17:11.7267072Z (Reading database ... 60%
General & Infrastructure	UNKNOWN STEP	2026-04-04T14:17:11.7267414Z (Reading database ... 65%
General & Infrastructure	UNKNOWN STEP	2026-04-04T14:17:11.7267755Z (Reading database ... 70%
General & Infrastructure	UNKNOWN STEP	2026-04-04T14:17:11.7268102Z (Reading database ... 75%
General & Infrastructure	UNKNOWN STEP	2026-04-04T14:17:11.7268442Z (Reading database ... 80%
General & Infrastructure	UNKNOWN STEP	2026-04-04T14:17:11.7268780Z (Reading database ... 85%
General & Infrastructure	UNKNOWN STEP	2026-04-04T14:17:11.7269117Z (Reading database ... 90%
General & Infrastructure	UNKNOWN STEP	2026-04-04T14:17:11.7269464Z (Reading database ... 95%
General & Infrastructure	UNKNOWN STEP	2026-04-04T14:17:11.7269800Z (Reading database ... 100%
General & Infrastructure	UNKNOWN STEP	2026-04-04T14:17:11.7270326Z (Reading database ... 6673 files and directories currently installed.)
General & Infrastructure	UNKNOWN STEP	2026-04-04T14:17:11.7271266Z #7 2.498 Preparing to unpack .../00-perl-modules-5.32_5.32.1-4+deb11u4_all.deb ...
General & Infrastructure	UNKNOWN STEP	2026-04-04T14:17:11.7272072Z #7 2.499 Unpacking perl-modules-5.32 (5.32.1-4+deb11u4) ...
General & Infrastructure	UNKNOWN STEP	2026-04-04T14:17:11.8776134Z #7 2.801 Selecting previously unselected package libgdbm6:amd64.
General & Infrastructure	UNKNOWN STEP	2026-04-04T14:17:12.0675525Z #7 2.803 Preparing to unpack .../01-libgdbm6_1.19-2_amd64.deb ...
General & Infrastructure	UNKNOWN STEP	2026-04-04T14:17:12.0676168Z #7 2.805 Unpacking libgdbm6:amd64 (1.19-2) ...
General & Infrastructure	UNKNOWN STEP	2026-04-04T14:17:12.0676824Z #7 2.821 Selecting previously unselected package libgdbm-compat4:amd64.
General & Infrastructure	UNKNOWN STEP	2026-04-04T14:17:12.0677632Z #7 2.822 Preparing to unpack .../02-libgdbm-compat4_1.19-2_amd64.deb ...
General & Infrastructure	UNKNOWN STEP	2026-04-04T14:17:12.0678293Z #7 2.823 Unpacking libgdbm-compat4:amd64 (1.19-2) ...
General & Infrastructure	UNKNOWN STEP	2026-04-04T14:17:12.0678932Z #7 2.838 Selecting previously unselected package libperl5.32:amd64.
General & Infrastructure	UNKNOWN STEP	2026-04-04T14:17:12.0679694Z #7 2.839 Preparing to unpack .../03-libperl5.32_5.32.1-4+deb11u4_amd64.deb ...
General & Infrastructure	UNKNOWN STEP	2026-04-04T14:17:12.0680382Z #7 2.840 Unpacking libperl5.32:amd64 (5.32.1-4+deb11u4) ...
General & Infrastructure	UNKNOWN STEP	2026-04-04T14:17:12.2579415Z #7 3.182 Selecting previously unselected package perl.
General & Infrastructure	UNKNOWN STEP	2026-04-04T14:17:12.3722154Z #7 3.184 Preparing to unpack .../04-perl_5.32.1-4+deb11u4_amd64.deb ...
General & Infrastructure	UNKNOWN STEP	2026-04-04T14:17:12.3724433Z #7 3.188 Unpacking perl (5.32.1-4+deb11u4) ...
General & Infrastructure	UNKNOWN STEP	2026-04-04T14:17:12.3725001Z #7 3.226 Selecting previously unselected package openssl.
General & Infrastructure	UNKNOWN STEP	2026-04-04T14:17:12.3725667Z #7 3.228 Preparing to unpack .../05-openssl_1.1.1w-0+deb11u5_amd64.deb ...
General & Infrastructure	UNKNOWN STEP	2026-04-04T14:17:12.3726294Z #7 3.229 Unpacking openssl (1.1.1w-0+deb11u5) ...
General & Infrastructure	UNKNOWN STEP	2026-04-04T14:17:12.3727192Z #7 3.296 Selecting previously unselected package ca-certificates.
General & Infrastructure	UNKNOWN STEP	2026-04-04T14:17:12.4899801Z #7 3.298 Preparing to unpack .../06-ca-certificates_20230311+deb12u1~deb11u1_all.deb ...
General & Infrastructure	UNKNOWN STEP	2026-04-04T14:17:12.4900791Z #7 3.299 Unpacking ca-certificates (20230311+deb12u1~deb11u1) ...
General & Infrastructure	UNKNOWN STEP	2026-04-04T14:17:12.4901881Z #7 3.335 Selecting previously unselected package libpsl5:amd64.
General & Infrastructure	UNKNOWN STEP	2026-04-04T14:17:12.4902667Z #7 3.336 Preparing to unpack .../07-libpsl5_0.21.0-1.2_amd64.deb ...
General & Infrastructure	UNKNOWN STEP	2026-04-04T14:17:12.4903587Z #7 3.337 Unpacking libpsl5:amd64 (0.21.0-1.2) ...
General & Infrastructure	UNKNOWN STEP	2026-04-04T14:17:12.4904238Z #7 3.352 Selecting previously unselected package wget.
General & Infrastructure	UNKNOWN STEP	2026-04-04T14:17:12.4904955Z #7 3.354 Preparing to unpack .../08-wget_1.21-1+deb11u2_amd64.deb ...
General & Infrastructure	UNKNOWN STEP	2026-04-04T14:17:12.4905607Z #7 3.355 Unpacking wget (1.21-1+deb11u2) ...
General & Infrastructure	UNKNOWN STEP	2026-04-04T14:17:12.4906245Z #7 3.414 Selecting previously unselected package libbrotli1:amd64.
General & Infrastructure	UNKNOWN STEP	2026-04-04T14:17:12.5956295Z #7 3.416 Preparing to unpack .../09-libbrotli1_1.0.9-2+b2_amd64.deb ...
General & Infrastructure	UNKNOWN STEP	2026-04-04T14:17:12.5956756Z #7 3.417 Unpacking libbrotli1:amd64 (1.0.9-2+b2) ...
General & Infrastructure	UNKNOWN STEP	2026-04-04T14:17:12.5957168Z #7 3.449 Selecting previously unselected package libsasl2-modules-db:amd64.
General & Infrastructure	UNKNOWN STEP	2026-04-04T14:17:12.5957714Z #7 3.451 Preparing to unpack .../10-libsasl2-modules-db_2.1.27+dfsg-2.1+deb11u1_amd64.deb ...
General & Infrastructure	UNKNOWN STEP	2026-04-04T14:17:12.5958258Z #7 3.452 Unpacking libsasl2-modules-db:amd64 (2.1.27+dfsg-2.1+deb11u1) ...
General & Infrastructure	UNKNOWN STEP	2026-04-04T14:17:12.5958698Z #7 3.468 Selecting previously unselected package libsasl2-2:amd64.
General & Infrastructure	UNKNOWN STEP	2026-04-04T14:17:12.5959148Z #7 3.469 Preparing to unpack .../11-libsasl2-2_2.1.27+dfsg-2.1+deb11u1_amd64.deb ...
General & Infrastructure	UNKNOWN STEP	2026-04-04T14:17:12.5959581Z #7 3.470 Unpacking libsasl2-2:amd64 (2.1.27+dfsg-2.1+deb11u1) ...
General & Infrastructure	UNKNOWN STEP	2026-04-04T14:17:12.5959977Z #7 3.490 Selecting previously unselected package libldap-2.4-2:amd64.
General & Infrastructure	UNKNOWN STEP	2026-04-04T14:17:12.5960445Z #7 3.491 Preparing to unpack .../12-libldap-2.4-2_2.4.57+dfsg-3+deb11u1_amd64.deb ...
General & Infrastructure	UNKNOWN STEP	2026-04-04T14:17:12.5960882Z #7 3.492 Unpacking libldap-2.4-2:amd64 (2.4.57+dfsg-3+deb11u1) ...
General & Infrastructure	UNKNOWN STEP	2026-04-04T14:17:12.5961298Z #7 3.519 Selecting previously unselected package libnghttp2-14:amd64.
General & Infrastructure	UNKNOWN STEP	2026-04-04T14:17:12.6968455Z #7 3.521 Preparing to unpack .../13-libnghttp2-14_1.43.0-1+deb11u2_amd64.deb ...
General & Infrastructure	UNKNOWN STEP	2026-04-04T14:17:12.6969260Z #7 3.522 Unpacking libnghttp2-14:amd64 (1.43.0-1+deb11u2) ...
General & Infrastructure	UNKNOWN STEP	2026-04-04T14:17:12.6969955Z #7 3.539 Selecting previously unselected package librtmp1:amd64.
General & Infrastructure	UNKNOWN STEP	2026-04-04T14:17:12.6970751Z #7 3.540 Preparing to unpack .../14-librtmp1_2.4+20151223.gitfa8646d.1-2+b2_amd64.deb ...
General & Infrastructure	UNKNOWN STEP	2026-04-04T14:17:12.6971556Z #7 3.541 Unpacking librtmp1:amd64 (2.4+20151223.gitfa8646d.1-2+b2) ...
General & Infrastructure	UNKNOWN STEP	2026-04-04T14:17:12.6972249Z #7 3.560 Selecting previously unselected package libssh2-1:amd64.
General & Infrastructure	UNKNOWN STEP	2026-04-04T14:17:12.6972946Z #7 3.561 Preparing to unpack .../15-libssh2-1_1.9.0-2+deb11u1_amd64.deb ...
General & Infrastructure	UNKNOWN STEP	2026-04-04T14:17:12.6973859Z #7 3.562 Unpacking libssh2-1:amd64 (1.9.0-2+deb11u1) ...
General & Infrastructure	UNKNOWN STEP	2026-04-04T14:17:12.6974505Z #7 3.585 Selecting previously unselected package libcurl3-gnutls:amd64.
General & Infrastructure	UNKNOWN STEP	2026-04-04T14:17:12.6975326Z #7 3.587 Preparing to unpack .../16-libcurl3-gnutls_7.74.0-1.3+deb11u16_amd64.deb ...
General & Infrastructure	UNKNOWN STEP	2026-04-04T14:17:12.6976086Z #7 3.588 Unpacking libcurl3-gnutls:amd64 (7.74.0-1.3+deb11u16) ...
General & Infrastructure	UNKNOWN STEP	2026-04-04T14:17:12.6976734Z #7 3.620 Selecting previously unselected package libexpat1:amd64.
General & Infrastructure	UNKNOWN STEP	2026-04-04T14:17:12.8150200Z #7 3.622 Preparing to unpack .../17-libexpat1_2.2.10-2+deb11u7_amd64.deb ...
General & Infrastructure	UNKNOWN STEP	2026-04-04T14:17:12.8151726Z #7 3.623 Unpacking libexpat1:amd64 (2.2.10-2+deb11u7) ...
General & Infrastructure	UNKNOWN STEP	2026-04-04T14:17:12.8152394Z #7 3.642 Selecting previously unselected package liberror-perl.
General & Infrastructure	UNKNOWN STEP	2026-04-04T14:17:12.8153126Z #7 3.643 Preparing to unpack .../18-liberror-perl_0.17029-1_all.deb ...
General & Infrastructure	UNKNOWN STEP	2026-04-04T14:17:12.8154054Z #7 3.644 Unpacking liberror-perl (0.17029-1) ...
General & Infrastructure	UNKNOWN STEP	2026-04-04T14:17:12.8154663Z #7 3.656 Selecting previously unselected package git-man.
General & Infrastructure	UNKNOWN STEP	2026-04-04T14:17:12.8155373Z #7 3.658 Preparing to unpack .../19-git-man_1%3a2.30.2-1+deb11u5_all.deb ...
General & Infrastructure	UNKNOWN STEP	2026-04-04T14:17:12.8156041Z #7 3.660 Unpacking git-man (1:2.30.2-1+deb11u5) ...
General & Infrastructure	UNKNOWN STEP	2026-04-04T14:17:12.8156957Z #7 3.739 Selecting previously unselected package git.
General & Infrastructure	UNKNOWN STEP	2026-04-04T14:17:12.9801902Z #7 3.740 Preparing to unpack .../20-git_1%3a2.30.2-1+deb11u5_amd64.deb ...
General & Infrastructure	UNKNOWN STEP	2026-04-04T14:17:12.9802872Z #7 3.753 Unpacking git (1:2.30.2-1+deb11u5) ...
General & Infrastructure	UNKNOWN STEP	2026-04-04T14:17:13.2169201Z #7 4.140 Setting up libexpat1:amd64 (2.2.10-2+deb11u7) ...
General & Infrastructure	UNKNOWN STEP	2026-04-04T14:17:13.3197200Z #7 4.143 Setting up libpsl5:amd64 (0.21.0-1.2) ...
General & Infrastructure	UNKNOWN STEP	2026-04-04T14:17:13.3198121Z #7 4.145 Setting up wget (1.21-1+deb11u2) ...
General & Infrastructure	UNKNOWN STEP	2026-04-04T14:17:13.3198455Z #7 4.149 Setting up perl-modules-5.32 (5.32.1-4+deb11u4) ...
General & Infrastructure	UNKNOWN STEP	2026-04-04T14:17:13.3198802Z #7 4.151 Setting up libbrotli1:amd64 (1.0.9-2+b2) ...
General & Infrastructure	UNKNOWN STEP	2026-04-04T14:17:13.3199436Z #7 4.154 Setting up libnghttp2-14:amd64 (1.43.0-1+deb11u2) ...
General & Infrastructure	UNKNOWN STEP	2026-04-04T14:17:13.3199834Z #7 4.156 Setting up libsasl2-modules-db:amd64 (2.1.27+dfsg-2.1+deb11u1) ...
General & Infrastructure	UNKNOWN STEP	2026-04-04T14:17:13.3200277Z #7 4.159 Setting up librtmp1:amd64 (2.4+20151223.gitfa8646d.1-2+b2) ...
General & Infrastructure	UNKNOWN STEP	2026-04-04T14:17:13.3200659Z #7 4.161 Setting up libsasl2-2:amd64 (2.1.27+dfsg-2.1+deb11u1) ...
General & Infrastructure	UNKNOWN STEP	2026-04-04T14:17:13.3201017Z #7 4.164 Setting up git-man (1:2.30.2-1+deb11u5) ...
General & Infrastructure	UNKNOWN STEP	2026-04-04T14:17:13.3201317Z #7 4.167 Setting up libssh2-1:amd64 (1.9.0-2+deb11u1) ...
General & Infrastructure	UNKNOWN STEP	2026-04-04T14:17:13.3201620Z #7 4.169 Setting up openssl (1.1.1w-0+deb11u5) ...
General & Infrastructure	UNKNOWN STEP	2026-04-04T14:17:13.3201927Z #7 4.173 Setting up libgdbm6:amd64 (1.19-2) ...
General & Infrastructure	UNKNOWN STEP	2026-04-04T14:17:13.3202253Z #7 4.175 Setting up libldap-2.4-2:amd64 (2.4.57+dfsg-3+deb11u1) ...
General & Infrastructure	UNKNOWN STEP	2026-04-04T14:17:13.3202628Z #7 4.177 Setting up libcurl3-gnutls:amd64 (7.74.0-1.3+deb11u16) ...
General & Infrastructure	UNKNOWN STEP	2026-04-04T14:17:13.3202993Z #7 4.180 Setting up ca-certificates (20230311+deb12u1~deb11u1) ...
General & Infrastructure	UNKNOWN STEP	2026-04-04T14:17:13.3203556Z #7 4.243 debconf: unable to initialize frontend: Dialog
General & Infrastructure	UNKNOWN STEP	2026-04-04T14:17:13.3204046Z #7 4.243 debconf: (TERM is not set, so the dialog frontend is not usable.)
General & Infrastructure	UNKNOWN STEP	2026-04-04T14:17:13.3204424Z #7 4.243 debconf: falling back to frontend: Readline
General & Infrastructure	UNKNOWN STEP	2026-04-04T14:17:13.6718217Z #7 4.595 Updating certificates in /etc/ssl/certs...
General & Infrastructure	UNKNOWN STEP	2026-04-04T14:17:14.1750611Z #7 5.099 142 added, 0 removed; done.
General & Infrastructure	UNKNOWN STEP	2026-04-04T14:17:14.3829244Z #7 5.112 Setting up libgdbm-compat4:amd64 (1.19-2) ...
General & Infrastructure	UNKNOWN STEP	2026-04-04T14:17:14.3829947Z #7 5.115 Setting up libperl5.32:amd64 (5.32.1-4+deb11u4) ...
General & Infrastructure	UNKNOWN STEP	2026-04-04T14:17:14.3830526Z #7 5.117 Setting up perl (5.32.1-4+deb11u4) ...
General & Infrastructure	UNKNOWN STEP	2026-04-04T14:17:14.3831056Z #7 5.125 Setting up liberror-perl (0.17029-1) ...
General & Infrastructure	UNKNOWN STEP	2026-04-04T14:17:14.3831486Z #7 5.128 Setting up git (1:2.30.2-1+deb11u5) ...
General & Infrastructure	UNKNOWN STEP	2026-04-04T14:17:14.3831853Z #7 5.144 Processing triggers for libc-bin (2.31-13+deb11u13) ...
General & Infrastructure	UNKNOWN STEP	2026-04-04T14:17:14.3832345Z #7 5.153 Processing triggers for ca-certificates (20230311+deb12u1~deb11u1) ...
General & Infrastructure	UNKNOWN STEP	2026-04-04T14:17:14.3832793Z #7 5.156 Updating certificates in /etc/ssl/certs...
General & Infrastructure	UNKNOWN STEP	2026-04-04T14:17:14.6438175Z #7 5.567 0 added, 0 removed; done.
General & Infrastructure	UNKNOWN STEP	2026-04-04T14:17:14.6438773Z #7 5.567 Running hooks in /etc/ca-certificates/update.d...
General & Infrastructure	UNKNOWN STEP	2026-04-04T14:17:14.7953983Z #7 5.568 done.
General & Infrastructure	UNKNOWN STEP	2026-04-04T14:17:14.8148889Z #7 DONE 5.7s
General & Infrastructure	UNKNOWN STEP	2026-04-04T14:17:14.9660699Z 
General & Infrastructure	UNKNOWN STEP	2026-04-04T14:17:14.9662070Z #8 [3/5] RUN wget -O - -q https://raw.githubusercontent.com/reviewdog/reviewdog/fd59714416d6d9a1c0692d872e38e7f8448df4fc/install.sh| sh -s -- -b /usr/local/bin/ v0.21.0
General & Infrastructure	UNKNOWN STEP	2026-04-04T14:17:15.0050285Z #8 0.189 reviewdog/reviewdog info checking GitHub for tag 'v0.21.0'
General & Infrastructure	UNKNOWN STEP	2026-04-04T14:17:15.1868355Z #8 0.371 reviewdog/reviewdog info found version: 0.21.0 for v0.21.0/Linux/x86_64
General & Infrastructure	UNKNOWN STEP	2026-04-04T14:17:15.9023887Z #8 1.087 reviewdog/reviewdog info installed /usr/local/bin//reviewdog
General & Infrastructure	UNKNOWN STEP	2026-04-04T14:17:16.0749282Z #8 DONE 1.1s
General & Infrastructure	UNKNOWN STEP	2026-04-04T14:17:16.0749514Z 
General & Infrastructure	UNKNOWN STEP	2026-04-04T14:17:16.0750218Z #9 [4/5] RUN wget -O - -q https://raw.githubusercontent.com/golangci/misspell/master/install-misspell.sh | sh -s -- -b /usr/local/bin/
General & Infrastructure	UNKNOWN STEP	2026-04-04T14:17:16.3010174Z #9 0.377 golangci/misspell info checking GitHub for latest tag
General & Infrastructure	UNKNOWN STEP	2026-04-04T14:17:16.6501770Z #9 0.726 golangci/misspell info found version: 0.8.0 for v0.8.0/linux/amd64
General & Infrastructure	UNKNOWN STEP	2026-04-04T14:17:17.3784783Z #9 1.454 golangci/misspell info installed /usr/local/bin//misspell
General & Infrastructure	UNKNOWN STEP	2026-04-04T14:17:17.5581466Z #9 DONE 1.5s
General & Infrastructure	UNKNOWN STEP	2026-04-04T14:17:17.5584806Z 
General & Infrastructure	UNKNOWN STEP	2026-04-04T14:17:17.5585016Z #10 [5/5] COPY entrypoint.sh /entrypoint.sh
General & Infrastructure	UNKNOWN STEP	2026-04-04T14:17:17.5585452Z #10 DONE 0.0s
General & Infrastructure	UNKNOWN STEP	2026-04-04T14:17:17.5585625Z 
General & Infrastructure	UNKNOWN STEP	2026-04-04T14:17:17.5585756Z #11 exporting to image
General & Infrastructure	UNKNOWN STEP	2026-04-04T14:17:17.5586316Z #11 exporting layers
General & Infrastructure	UNKNOWN STEP	2026-04-04T14:17:18.0942749Z #11 exporting layers 0.7s done
General & Infrastructure	UNKNOWN STEP	2026-04-04T14:17:18.1109688Z #11 writing image sha256:d3cfff949df74d9ee68e880708461e354f13ce93f726ce5fa976e141ec69a0f0 done
General & Infrastructure	UNKNOWN STEP	2026-04-04T14:17:18.1110677Z #11 naming to docker.io/library/bed0b8:168a157d9ed5471a92280bb3e1cf1e48 done
General & Infrastructure	UNKNOWN STEP	2026-04-04T14:17:18.1111275Z #11 DONE 0.7s
General & Infrastructure	UNKNOWN STEP	2026-04-04T14:17:18.1155911Z ##[endgroup]
General & Infrastructure	UNKNOWN STEP	2026-04-04T14:17:18.1460372Z ##[group]Run actions/checkout@v4
General & Infrastructure	UNKNOWN STEP	2026-04-04T14:17:18.1461151Z with:
General & Infrastructure	UNKNOWN STEP	2026-04-04T14:17:18.1461329Z   fetch-depth: 0
General & Infrastructure	UNKNOWN STEP	2026-04-04T14:17:18.1461541Z   repository: fkcurrie/utba-swarmmap
General & Infrastructure	UNKNOWN STEP	2026-04-04T14:17:18.1461951Z   token: ***
General & Infrastructure	UNKNOWN STEP	2026-04-04T14:17:18.1462128Z   ssh-strict: true
General & Infrastructure	UNKNOWN STEP	2026-04-04T14:17:18.1462311Z   ssh-user: git
General & Infrastructure	UNKNOWN STEP	2026-04-04T14:17:18.1462495Z   persist-credentials: true
General & Infrastructure	UNKNOWN STEP	2026-04-04T14:17:18.1462707Z   clean: true
General & Infrastructure	UNKNOWN STEP	2026-04-04T14:17:18.1462886Z   sparse-checkout-cone-mode: true
General & Infrastructure	UNKNOWN STEP	2026-04-04T14:17:18.1463115Z   fetch-tags: false
General & Infrastructure	UNKNOWN STEP	2026-04-04T14:17:18.1463291Z   show-progress: true
General & Infrastructure	UNKNOWN STEP	2026-04-04T14:17:18.1463814Z   lfs: false
General & Infrastructure	UNKNOWN STEP	2026-04-04T14:17:18.1463978Z   submodules: false
General & Infrastructure	UNKNOWN STEP	2026-04-04T14:17:18.1464165Z   set-safe-directory: true
General & Infrastructure	UNKNOWN STEP	2026-04-04T14:17:18.1464643Z ##[endgroup]
General & Infrastructure	UNKNOWN STEP	2026-04-04T14:17:18.2544471Z Syncing repository: fkcurrie/utba-swarmmap
General & Infrastructure	UNKNOWN STEP	2026-04-04T14:17:18.2546006Z ##[group]Getting Git version info
General & Infrastructure	UNKNOWN STEP	2026-04-04T14:17:18.2546685Z Working directory is '/home/runner/work/utba-swarmmap/utba-swarmmap'
General & Infrastructure	UNKNOWN STEP	2026-04-04T14:17:18.2547292Z [command]/usr/bin/git version
General & Infrastructure	UNKNOWN STEP	2026-04-04T14:17:18.2562379Z git version 2.53.0
General & Infrastructure	UNKNOWN STEP	2026-04-04T14:17:18.2588713Z ##[endgroup]
General & Infrastructure	UNKNOWN STEP	2026-04-04T14:17:18.2604023Z Temporarily overriding HOME='/home/runner/work/_temp/0a67e944-652c-49db-b81e-0696ae95361a' before making global git config changes
General & Infrastructure	UNKNOWN STEP	2026-04-04T14:17:18.2605303Z Adding repository directory to the temporary git global config as a safe directory
General & Infrastructure	UNKNOWN STEP	2026-04-04T14:17:18.2610359Z [command]/usr/bin/git config --global --add safe.directory /home/runner/work/utba-swarmmap/utba-swarmmap
General & Infrastructure	UNKNOWN STEP	2026-04-04T14:17:18.2642092Z Deleting the contents of '/home/runner/work/utba-swarmmap/utba-swarmmap'
General & Infrastructure	UNKNOWN STEP	2026-04-04T14:17:18.2645926Z ##[group]Initializing the repository
General & Infrastructure	UNKNOWN STEP	2026-04-04T14:17:18.2649784Z [command]/usr/bin/git init /home/runner/work/utba-swarmmap/utba-swarmmap
General & Infrastructure	UNKNOWN STEP	2026-04-04T14:17:18.2771223Z hint: Using 'master' as the name for the initial branch. This default branch name
General & Infrastructure	UNKNOWN STEP	2026-04-04T14:17:18.2772252Z hint: will change to "main" in Git 3.0. To configure the initial branch name
General & Infrastructure	UNKNOWN STEP	2026-04-04T14:17:18.2773184Z hint: to use in all of your new repositories, which will suppress this warning,
General & Infrastructure	UNKNOWN STEP	2026-04-04T14:17:18.2774162Z hint: call:
General & Infrastructure	UNKNOWN STEP	2026-04-04T14:17:18.2774474Z hint:
General & Infrastructure	UNKNOWN STEP	2026-04-04T14:17:18.2774910Z hint: 	git config --global init.defaultBranch <name>
General & Infrastructure	UNKNOWN STEP	2026-04-04T14:17:18.2775490Z hint:
General & Infrastructure	UNKNOWN STEP	2026-04-04T14:17:18.2776038Z hint: Names commonly chosen instead of 'master' are 'main', 'trunk' and
General & Infrastructure	UNKNOWN STEP	2026-04-04T14:17:18.2776996Z hint: 'development'. The just-created branch can be renamed via this command:
General & Infrastructure	UNKNOWN STEP	2026-04-04T14:17:18.2777737Z hint:
General & Infrastructure	UNKNOWN STEP	2026-04-04T14:17:18.2778104Z hint: 	git branch -m <name>
General & Infrastructure	UNKNOWN STEP	2026-04-04T14:17:18.2778519Z hint:
General & Infrastructure	UNKNOWN STEP	2026-04-04T14:17:18.2779091Z hint: Disable this message with "git config set advice.defaultBranchName false"
General & Infrastructure	UNKNOWN STEP	2026-04-04T14:17:18.2780187Z Initialized empty Git repository in /home/runner/work/utba-swarmmap/utba-swarmmap/.git/
General & Infrastructure	UNKNOWN STEP	2026-04-04T14:17:18.2786834Z [command]/usr/bin/git remote add origin https://github.com/fkcurrie/utba-swarmmap
General & Infrastructure	UNKNOWN STEP	2026-04-04T14:17:18.2817484Z ##[endgroup]
General & Infrastructure	UNKNOWN STEP	2026-04-04T14:17:18.2818075Z ##[group]Disabling automatic garbage collection
General & Infrastructure	UNKNOWN STEP	2026-04-04T14:17:18.2822693Z [command]/usr/bin/git config --local gc.auto 0
General & Infrastructure	UNKNOWN STEP	2026-04-04T14:17:18.2850929Z ##[endgroup]
General & Infrastructure	UNKNOWN STEP	2026-04-04T14:17:18.2851506Z ##[group]Setting up auth
General & Infrastructure	UNKNOWN STEP	2026-04-04T14:17:18.2858992Z [command]/usr/bin/git config --local --name-only --get-regexp core\.sshCommand
General & Infrastructure	UNKNOWN STEP	2026-04-04T14:17:18.2891526Z [command]/usr/bin/git submodule foreach --recursive sh -c "git config --local --name-only --get-regexp 'core\.sshCommand' && git config --local --unset-all 'core.sshCommand' || :"
General & Infrastructure	UNKNOWN STEP	2026-04-04T14:17:18.3245177Z [command]/usr/bin/git config --local --name-only --get-regexp http\.https\:\/\/github\.com\/\.extraheader
General & Infrastructure	UNKNOWN STEP	2026-04-04T14:17:18.3275935Z [command]/usr/bin/git submodule foreach --recursive sh -c "git config --local --name-only --get-regexp 'http\.https\:\/\/github\.com\/\.extraheader' && git config --local --unset-all 'http.https://github.com/.extraheader' || :"
General & Infrastructure	UNKNOWN STEP	2026-04-04T14:17:18.3492303Z [command]/usr/bin/git config --local --name-only --get-regexp ^includeIf\.gitdir:
General & Infrastructure	UNKNOWN STEP	2026-04-04T14:17:18.3530649Z [command]/usr/bin/git submodule foreach --recursive git config --local --show-origin --name-only --get-regexp remote.origin.url
General & Infrastructure	UNKNOWN STEP	2026-04-04T14:17:18.3749738Z [command]/usr/bin/git config --local http.https://github.com/.extraheader AUTHORIZATION: basic ***
General & Infrastructure	UNKNOWN STEP	2026-04-04T14:17:18.3783761Z ##[endgroup]
General & Infrastructure	UNKNOWN STEP	2026-04-04T14:17:18.3784352Z ##[group]Fetching the repository
General & Infrastructure	UNKNOWN STEP	2026-04-04T14:17:18.3791818Z [command]/usr/bin/git -c protocol.version=2 fetch --prune --no-recurse-submodules origin +refs/heads/*:refs/remotes/origin/* +refs/tags/*:refs/tags/* +5fd099f5c0037cdd6b9cd0b3c257e27d5d8c3f9f:refs/remotes/pull/11/merge
General & Infrastructure	UNKNOWN STEP	2026-04-04T14:17:18.9897222Z From https://github.com/fkcurrie/utba-swarmmap
General & Infrastructure	UNKNOWN STEP	2026-04-04T14:17:18.9898060Z  * [new branch]      issue-10-qMX0                            -> origin/issue-10-qMX0
General & Infrastructure	UNKNOWN STEP	2026-04-04T14:17:18.9898556Z  * [new branch]      main                                     -> origin/main
General & Infrastructure	UNKNOWN STEP	2026-04-04T14:17:18.9898981Z  * [new tag]         v0.5                                     -> v0.5
General & Infrastructure	UNKNOWN STEP	2026-04-04T14:17:18.9899352Z  * [new tag]         v0.5-alpha                               -> v0.5-alpha
General & Infrastructure	UNKNOWN STEP	2026-04-04T14:17:18.9899758Z  * [new ref]         5fd099f5c0037cdd6b9cd0b3c257e27d5d8c3f9f -> pull/11/merge
General & Infrastructure	UNKNOWN STEP	2026-04-04T14:17:18.9932552Z ##[endgroup]
General & Infrastructure	UNKNOWN STEP	2026-04-04T14:17:18.9932915Z ##[group]Determining the checkout info
General & Infrastructure	UNKNOWN STEP	2026-04-04T14:17:18.9934262Z ##[endgroup]
General & Infrastructure	UNKNOWN STEP	2026-04-04T14:17:18.9939186Z [command]/usr/bin/git sparse-checkout disable
General & Infrastructure	UNKNOWN STEP	2026-04-04T14:17:18.9975282Z [command]/usr/bin/git config --local --unset-all extensions.worktreeConfig
General & Infrastructure	UNKNOWN STEP	2026-04-04T14:17:18.9999714Z ##[group]Checking out the ref
General & Infrastructure	UNKNOWN STEP	2026-04-04T14:17:19.0004314Z [command]/usr/bin/git checkout --progress --force refs/remotes/pull/11/merge
General & Infrastructure	UNKNOWN STEP	2026-04-04T14:17:19.0227055Z Note: switching to 'refs/remotes/pull/11/merge'.
General & Infrastructure	UNKNOWN STEP	2026-04-04T14:17:19.0227402Z 
General & Infrastructure	UNKNOWN STEP	2026-04-04T14:17:19.0227757Z You are in 'detached HEAD' state. You can look around, make experimental
General & Infrastructure	UNKNOWN STEP	2026-04-04T14:17:19.0228758Z changes and commit them, and you can discard any commits you make in this
General & Infrastructure	UNKNOWN STEP	2026-04-04T14:17:19.0229694Z state without impacting any branches by switching back to a branch.
General & Infrastructure	UNKNOWN STEP	2026-04-04T14:17:19.0230275Z 
General & Infrastructure	UNKNOWN STEP	2026-04-04T14:17:19.0230643Z If you want to create a new branch to retain commits you create, you may
General & Infrastructure	UNKNOWN STEP	2026-04-04T14:17:19.0231510Z do so (now or later) by using -c with the switch command. Example:
General & Infrastructure	UNKNOWN STEP	2026-04-04T14:17:19.0231861Z 
General & Infrastructure	UNKNOWN STEP	2026-04-04T14:17:19.0231985Z   git switch -c <new-branch-name>
General & Infrastructure	UNKNOWN STEP	2026-04-04T14:17:19.0232371Z 
General & Infrastructure	UNKNOWN STEP	2026-04-04T14:17:19.0232575Z Or undo this operation with:
General & Infrastructure	UNKNOWN STEP	2026-04-04T14:17:19.0233096Z 
General & Infrastructure	UNKNOWN STEP	2026-04-04T14:17:19.0233268Z   git switch -
General & Infrastructure	UNKNOWN STEP	2026-04-04T14:17:19.0233508Z 
General & Infrastructure	UNKNOWN STEP	2026-04-04T14:17:19.0234162Z Turn off this advice by setting config variable advice.detachedHead to false
General & Infrastructure	UNKNOWN STEP	2026-04-04T14:17:19.0234837Z 
General & Infrastructure	UNKNOWN STEP	2026-04-04T14:17:19.0235557Z HEAD is now at 5fd099f Merge 768154ecb43d73db89159522a2d38b9cffa3b986 into ce8c646a1e1a3155ecfdd83f5a8af5e375dad3a3
General & Infrastructure	UNKNOWN STEP	2026-04-04T14:17:19.0237721Z ##[endgroup]
General & Infrastructure	UNKNOWN STEP	2026-04-04T14:17:19.0269481Z [command]/usr/bin/git log -1 --format=%H
General & Infrastructure	UNKNOWN STEP	2026-04-04T14:17:19.0291076Z 5fd099f5c0037cdd6b9cd0b3c257e27d5d8c3f9f
General & Infrastructure	UNKNOWN STEP	2026-04-04T14:17:19.0497569Z ##[group]Run actions/setup-node@v4
General & Infrastructure	UNKNOWN STEP	2026-04-04T14:17:19.0497829Z with:
General & Infrastructure	UNKNOWN STEP	2026-04-04T14:17:19.0498001Z   node-version: 20
General & Infrastructure	UNKNOWN STEP	2026-04-04T14:17:19.0498184Z   cache: npm
General & Infrastructure	UNKNOWN STEP	2026-04-04T14:17:19.0498352Z   always-auth: false
General & Infrastructure	UNKNOWN STEP	2026-04-04T14:17:19.0498539Z   check-latest: false
General & Infrastructure	UNKNOWN STEP	2026-04-04T14:17:19.0498829Z   token: ***
General & Infrastructure	UNKNOWN STEP	2026-04-04T14:17:19.0499001Z ##[endgroup]
General & Infrastructure	UNKNOWN STEP	2026-04-04T14:17:19.3062353Z Found in cache @ /opt/hostedtoolcache/node/20.20.2/x64
General & Infrastructure	UNKNOWN STEP	2026-04-04T14:17:19.3069938Z ##[group]Environment details
General & Infrastructure	UNKNOWN STEP	2026-04-04T14:17:22.3212572Z node: v20.20.2
General & Infrastructure	UNKNOWN STEP	2026-04-04T14:17:22.3212980Z npm: 10.8.2
General & Infrastructure	UNKNOWN STEP	2026-04-04T14:17:22.3213276Z yarn: 1.22.22
General & Infrastructure	UNKNOWN STEP	2026-04-04T14:17:22.3214982Z ##[endgroup]
General & Infrastructure	UNKNOWN STEP	2026-04-04T14:17:22.3235006Z [command]/opt/hostedtoolcache/node/20.20.2/x64/bin/npm config get cache
General & Infrastructure	UNKNOWN STEP	2026-04-04T14:17:22.5197556Z /home/runner/.npm
General & Infrastructure	UNKNOWN STEP	2026-04-04T14:17:22.6975319Z Cache hit for: node-cache-Linux-x64-npm-6c84bea60747005d4032d9ad1ac33a0328c1a7001d73c6f703872a43e2b231b4
General & Infrastructure	UNKNOWN STEP	2026-04-04T14:17:23.6398445Z Received 25319975 of 25319975 (100.0%), 31.2 MBs/sec
General & Infrastructure	UNKNOWN STEP	2026-04-04T14:17:23.6399096Z Cache Size: ~24 MB (25319975 B)
General & Infrastructure	UNKNOWN STEP	2026-04-04T14:17:23.6426639Z [command]/usr/bin/tar -xf /home/runner/work/_temp/457d69f2-6911-4057-afd6-9c3a72e73a35/cache.tzst -P -C /home/runner/work/utba-swarmmap/utba-swarmmap --use-compress-program unzstd
General & Infrastructure	UNKNOWN STEP	2026-04-04T14:17:23.7356814Z Cache restored successfully
General & Infrastructure	UNKNOWN STEP	2026-04-04T14:17:23.7373980Z Cache restored from key: node-cache-Linux-x64-npm-6c84bea60747005d4032d9ad1ac33a0328c1a7001d73c6f703872a43e2b231b4
General & Infrastructure	UNKNOWN STEP	2026-04-04T14:17:23.7538755Z ##[group]Run actions/setup-go@v5
General & Infrastructure	UNKNOWN STEP	2026-04-04T14:17:23.7539013Z with:
General & Infrastructure	UNKNOWN STEP	2026-04-04T14:17:23.7539186Z   go-version: 1.22
General & Infrastructure	UNKNOWN STEP	2026-04-04T14:17:23.7539379Z   check-latest: false
General & Infrastructure	UNKNOWN STEP	2026-04-04T14:17:23.7539660Z   token: ***
General & Infrastructure	UNKNOWN STEP	2026-04-04T14:17:23.7539832Z   cache: true
General & Infrastructure	UNKNOWN STEP	2026-04-04T14:17:23.7540002Z ##[endgroup]
General & Infrastructure	UNKNOWN STEP	2026-04-04T14:17:23.9153189Z Setup go version spec 1.22
General & Infrastructure	UNKNOWN STEP	2026-04-04T14:17:23.9413660Z Found in cache @ /opt/hostedtoolcache/go/1.22.12/x64
General & Infrastructure	UNKNOWN STEP	2026-04-04T14:17:23.9418268Z Added go to the path
General & Infrastructure	UNKNOWN STEP	2026-04-04T14:17:23.9422340Z Successfully set up Go version 1.22
General & Infrastructure	UNKNOWN STEP	2026-04-04T14:17:24.3320905Z [command]/opt/hostedtoolcache/go/1.22.12/x64/bin/go env GOMODCACHE
General & Infrastructure	UNKNOWN STEP	2026-04-04T14:17:24.3351479Z [command]/opt/hostedtoolcache/go/1.22.12/x64/bin/go env GOCACHE
General & Infrastructure	UNKNOWN STEP	2026-04-04T14:17:24.3372291Z /home/runner/go/pkg/mod
General & Infrastructure	UNKNOWN STEP	2026-04-04T14:17:24.3398340Z /home/runner/.cache/go-build
General & Infrastructure	UNKNOWN STEP	2026-04-04T14:17:24.3421860Z ##[warning]Restore cache failed: Dependencies file is not found in /home/runner/work/utba-swarmmap/utba-swarmmap. Supported file pattern: go.sum
General & Infrastructure	UNKNOWN STEP	2026-04-04T14:17:24.3432239Z go version go1.22.12 linux/amd64
General & Infrastructure	UNKNOWN STEP	2026-04-04T14:17:24.3432449Z 
General & Infrastructure	UNKNOWN STEP	2026-04-04T14:17:24.3432913Z ##[group]go env
General & Infrastructure	UNKNOWN STEP	2026-04-04T14:17:24.9859547Z GO111MODULE=''
General & Infrastructure	UNKNOWN STEP	2026-04-04T14:17:24.9859948Z GOARCH='amd64'
General & Infrastructure	UNKNOWN STEP	2026-04-04T14:17:24.9860263Z GOBIN=''
General & Infrastructure	UNKNOWN STEP	2026-04-04T14:17:24.9860668Z GOCACHE='/home/runner/.cache/go-build'
General & Infrastructure	UNKNOWN STEP	2026-04-04T14:17:24.9861191Z GOENV='/home/runner/.config/go/env'
General & Infrastructure	UNKNOWN STEP	2026-04-04T14:17:24.9861599Z GOEXE=''
General & Infrastructure	UNKNOWN STEP	2026-04-04T14:17:24.9861904Z GOEXPERIMENT=''
General & Infrastructure	UNKNOWN STEP	2026-04-04T14:17:24.9862318Z GOFLAGS=''
General & Infrastructure	UNKNOWN STEP	2026-04-04T14:17:24.9862805Z GOHOSTARCH='amd64'
General & Infrastructure	UNKNOWN STEP	2026-04-04T14:17:24.9863157Z GOHOSTOS='linux'
General & Infrastructure	UNKNOWN STEP	2026-04-04T14:17:24.9863792Z GOINSECURE=''
General & Infrastructure	UNKNOWN STEP	2026-04-04T14:17:24.9864238Z GOMODCACHE='/home/runner/go/pkg/mod'
General & Infrastructure	UNKNOWN STEP	2026-04-04T14:17:24.9864700Z GONOPROXY=''
General & Infrastructure	UNKNOWN STEP	2026-04-04T14:17:24.9865025Z GONOSUMDB=''
General & Infrastructure	UNKNOWN STEP	2026-04-04T14:17:24.9865343Z GOOS='linux'
General & Infrastructure	UNKNOWN STEP	2026-04-04T14:17:24.9865729Z GOPATH='/home/runner/go'
General & Infrastructure	UNKNOWN STEP	2026-04-04T14:17:24.9866132Z GOPRIVATE=''
General & Infrastructure	UNKNOWN STEP	2026-04-04T14:17:24.9866750Z GOPROXY='https://proxy.golang.org,direct'
General & Infrastructure	UNKNOWN STEP	2026-04-04T14:17:24.9867452Z GOROOT='/opt/hostedtoolcache/go/1.22.12/x64'
General & Infrastructure	UNKNOWN STEP	2026-04-04T14:17:24.9867999Z GOSUMDB='sum.golang.org'
General & Infrastructure	UNKNOWN STEP	2026-04-04T14:17:24.9868394Z GOTMPDIR=''
General & Infrastructure	UNKNOWN STEP	2026-04-04T14:17:24.9868761Z GOTOOLCHAIN='auto'
General & Infrastructure	UNKNOWN STEP	2026-04-04T14:17:24.9869506Z GOTOOLDIR='/opt/hostedtoolcache/go/1.22.12/x64/pkg/tool/linux_amd64'
General & Infrastructure	UNKNOWN STEP	2026-04-04T14:17:24.9870227Z GOVCS=''
General & Infrastructure	UNKNOWN STEP	2026-04-04T14:17:24.9870664Z GOVERSION='go1.22.12'
General & Infrastructure	UNKNOWN STEP	2026-04-04T14:17:24.9871113Z GCCGO='gccgo'
General & Infrastructure	UNKNOWN STEP	2026-04-04T14:17:24.9871490Z GOAMD64='v1'
General & Infrastructure	UNKNOWN STEP	2026-04-04T14:17:24.9871870Z AR='ar'
General & Infrastructure	UNKNOWN STEP	2026-04-04T14:17:24.9872197Z CC='gcc'
General & Infrastructure	UNKNOWN STEP	2026-04-04T14:17:24.9872514Z CXX='g++'
General & Infrastructure	UNKNOWN STEP	2026-04-04T14:17:24.9872853Z CGO_ENABLED='1'
General & Infrastructure	UNKNOWN STEP	2026-04-04T14:17:24.9873249Z GOMOD='/dev/null'
General & Infrastructure	UNKNOWN STEP	2026-04-04T14:17:24.9873883Z GOWORK=''
General & Infrastructure	UNKNOWN STEP	2026-04-04T14:17:24.9874319Z CGO_CFLAGS='-O2 -g'
General & Infrastructure	UNKNOWN STEP	2026-04-04T14:17:24.9874730Z CGO_CPPFLAGS=''
General & Infrastructure	UNKNOWN STEP	2026-04-04T14:17:24.9875149Z CGO_CXXFLAGS='-O2 -g'
General & Infrastructure	UNKNOWN STEP	2026-04-04T14:17:24.9875601Z CGO_FFLAGS='-O2 -g'
General & Infrastructure	UNKNOWN STEP	2026-04-04T14:17:24.9876006Z CGO_LDFLAGS='-O2 -g'
General & Infrastructure	UNKNOWN STEP	2026-04-04T14:17:24.9876877Z PKG_CONFIG='pkg-config'
General & Infrastructure	UNKNOWN STEP	2026-04-04T14:17:24.9878665Z GOGCCFLAGS='-fPIC -m64 -pthread -Wl,--no-gc-sections -fmessage-length=0 -ffile-prefix-map=/tmp/go-build1179390159=/tmp/go-build -gno-record-gcc-switches'
General & Infrastructure	UNKNOWN STEP	2026-04-04T14:17:24.9879921Z 
General & Infrastructure	UNKNOWN STEP	2026-04-04T14:17:24.9880458Z ##[endgroup]
General & Infrastructure	UNKNOWN STEP	2026-04-04T14:17:24.9974826Z ##[group]Run npm ci
General & Infrastructure	UNKNOWN STEP	2026-04-04T14:17:24.9975090Z [36;1mnpm ci[0m
General & Infrastructure	UNKNOWN STEP	2026-04-04T14:17:25.0010835Z shell: /usr/bin/bash -e {0}
General & Infrastructure	UNKNOWN STEP	2026-04-04T14:17:25.0011078Z ##[endgroup]
General & Infrastructure	UNKNOWN STEP	2026-04-04T14:17:28.2526340Z npm warn deprecated popper.js@1.16.1: You can find the new Popper v2 at @popperjs/core, this package is dedicated to the legacy v1
General & Infrastructure	UNKNOWN STEP	2026-04-04T14:17:28.8533316Z 
General & Infrastructure	UNKNOWN STEP	2026-04-04T14:17:28.8536403Z added 337 packages, and audited 338 packages in 4s
General & Infrastructure	UNKNOWN STEP	2026-04-04T14:17:28.8551931Z 
General & Infrastructure	UNKNOWN STEP	2026-04-04T14:17:28.8552255Z 116 packages are looking for funding
General & Infrastructure	UNKNOWN STEP	2026-04-04T14:17:28.8552799Z   run `npm fund` for details
General & Infrastructure	UNKNOWN STEP	2026-04-04T14:17:28.8553596Z 
General & Infrastructure	UNKNOWN STEP	2026-04-04T14:17:28.8553994Z found 0 vulnerabilities
General & Infrastructure	UNKNOWN STEP	2026-04-04T14:17:28.8813253Z ##[group]Run reviewdog/action-detect-secrets@v0
General & Infrastructure	UNKNOWN STEP	2026-04-04T14:17:28.8813944Z with:
General & Infrastructure	UNKNOWN STEP	2026-04-04T14:17:28.8814320Z   github_token: ***
General & Infrastructure	UNKNOWN STEP	2026-04-04T14:17:28.8814537Z   reporter: github-pr-review
General & Infrastructure	UNKNOWN STEP	2026-04-04T14:17:28.8814768Z   name: detect-secrets
General & Infrastructure	UNKNOWN STEP	2026-04-04T14:17:28.8814960Z   workdir: .
General & Infrastructure	UNKNOWN STEP	2026-04-04T14:17:28.8815161Z   filter_mode: added
General & Infrastructure	UNKNOWN STEP	2026-04-04T14:17:28.8815355Z   fail_level: none
General & Infrastructure	UNKNOWN STEP	2026-04-04T14:17:28.8815539Z   fail_on_error: false
General & Infrastructure	UNKNOWN STEP	2026-04-04T14:17:28.8815718Z   level: error
General & Infrastructure	UNKNOWN STEP	2026-04-04T14:17:28.8815993Z   detect_secrets_flags: --all-files --force-use-all-plugins
General & Infrastructure	UNKNOWN STEP	2026-04-04T14:17:28.8816309Z   skip_audited: false
General & Infrastructure	UNKNOWN STEP	2026-04-04T14:17:28.8816490Z   verbose: false
General & Infrastructure	UNKNOWN STEP	2026-04-04T14:17:28.8816672Z ##[endgroup]
General & Infrastructure	UNKNOWN STEP	2026-04-04T14:17:28.8912760Z ##[command]/usr/bin/docker run --name bed0b8600306dae3974d2ea41dd61d8459b83b_1bdd02 --label bed0b8 --workdir /github/workspace --rm -e "INPUT_GITHUB_TOKEN" -e "INPUT_REPORTER" -e "INPUT_NAME" -e "INPUT_WORKDIR" -e "INPUT_FILTER_MODE" -e "INPUT_FAIL_LEVEL" -e "INPUT_FAIL_ON_ERROR" -e "INPUT_LEVEL" -e "INPUT_REVIEWDOG_FLAGS" -e "INPUT_DETECT_SECRETS_FLAGS" -e "INPUT_BASELINE_PATH" -e "INPUT_SKIP_AUDITED" -e "INPUT_VERBOSE" -e "HOME" -e "GITHUB_JOB" -e "GITHUB_REF" -e "GITHUB_SHA" -e "GITHUB_REPOSITORY" -e "GITHUB_REPOSITORY_OWNER" -e "GITHUB_REPOSITORY_OWNER_ID" -e "GITHUB_RUN_ID" -e "GITHUB_RUN_NUMBER" -e "GITHUB_RETENTION_DAYS" -e "GITHUB_RUN_ATTEMPT" -e "GITHUB_ACTOR_ID" -e "GITHUB_ACTOR" -e "GITHUB_WORKFLOW" -e "GITHUB_HEAD_REF" -e "GITHUB_BASE_REF" -e "GITHUB_EVENT_NAME" -e "GITHUB_SERVER_URL" -e "GITHUB_API_URL" -e "GITHUB_GRAPHQL_URL" -e "GITHUB_REF_NAME" -e "GITHUB_REF_PROTECTED" -e "GITHUB_REF_TYPE" -e "GITHUB_WORKFLOW_REF" -e "GITHUB_WORKFLOW_SHA" -e "GITHUB_REPOSITORY_ID" -e "GITHUB_TRIGGERING_ACTOR" -e "GITHUB_WORKSPACE" -e "GITHUB_ACTION" -e "GITHUB_EVENT_PATH" -e "GITHUB_ACTION_REPOSITORY" -e "GITHUB_ACTION_REF" -e "GITHUB_PATH" -e "GITHUB_ENV" -e "GITHUB_STEP_SUMMARY" -e "GITHUB_STATE" -e "GITHUB_OUTPUT" -e "RUNNER_OS" -e "RUNNER_ARCH" -e "RUNNER_NAME" -e "RUNNER_ENVIRONMENT" -e "RUNNER_TOOL_CACHE" -e "RUNNER_TEMP" -e "RUNNER_WORKSPACE" -e "ACTIONS_RUNTIME_URL" -e "ACTIONS_RUNTIME_TOKEN" -e "ACTIONS_CACHE_URL" -e "ACTIONS_RESULTS_URL" -e "ACTIONS_ORCHESTRATION_ID" -e GITHUB_ACTIONS=true -e CI=true -v "/var/run/docker.sock":"/var/run/docker.sock" -v "/home/runner/work/_temp":"/github/runner_temp" -v "/home/runner/work/_temp/_github_home":"/github/home" -v "/home/runner/work/_temp/_github_workflow":"/github/workflow" -v "/home/runner/work/_temp/_runner_file_commands":"/github/file_commands" -v "/home/runner/work/utba-swarmmap/utba-swarmmap":"/github/workspace" bed0b8:600306dae3974d2ea41dd61d8459b83b
General & Infrastructure	UNKNOWN STEP	2026-04-04T14:17:29.6157885Z 1.5.0
General & Infrastructure	UNKNOWN STEP	2026-04-04T14:20:56.5045238Z ##[group]Run reviewdog/action-actionlint@v1
General & Infrastructure	UNKNOWN STEP	2026-04-04T14:20:56.5045542Z with:
General & Infrastructure	UNKNOWN STEP	2026-04-04T14:20:56.5045885Z   github_token: ***
General & Infrastructure	UNKNOWN STEP	2026-04-04T14:20:56.5046095Z   reporter: github-pr-review
General & Infrastructure	UNKNOWN STEP	2026-04-04T14:20:56.5046322Z   tool_name: actionlint
General & Infrastructure	UNKNOWN STEP	2026-04-04T14:20:56.5046514Z   level: error
General & Infrastructure	UNKNOWN STEP	2026-04-04T14:20:56.5046681Z   filter_mode: file
General & Infrastructure	UNKNOWN STEP	2026-04-04T14:20:56.5047055Z   fail_level: none
General & Infrastructure	UNKNOWN STEP	2026-04-04T14:20:56.5047232Z   fail_on_error: false
General & Infrastructure	UNKNOWN STEP	2026-04-04T14:20:56.5047413Z ##[endgroup]
General & Infrastructure	UNKNOWN STEP	2026-04-04T14:20:56.5059730Z ##[command]/usr/bin/docker run --name ghcrioreviewdogactionactionlintv1720_accb29 --label bed0b8 --workdir /github/workspace --rm -e "INPUT_GITHUB_TOKEN" -e "INPUT_REPORTER" -e "INPUT_TOOL_NAME" -e "INPUT_LEVEL" -e "INPUT_FILTER_MODE" -e "INPUT_FAIL_LEVEL" -e "INPUT_FAIL_ON_ERROR" -e "INPUT_REVIEWDOG_FLAGS" -e "INPUT_ACTIONLINT_FLAGS" -e "HOME" -e "GITHUB_JOB" -e "GITHUB_REF" -e "GITHUB_SHA" -e "GITHUB_REPOSITORY" -e "GITHUB_REPOSITORY_OWNER" -e "GITHUB_REPOSITORY_OWNER_ID" -e "GITHUB_RUN_ID" -e "GITHUB_RUN_NUMBER" -e "GITHUB_RETENTION_DAYS" -e "GITHUB_RUN_ATTEMPT" -e "GITHUB_ACTOR_ID" -e "GITHUB_ACTOR" -e "GITHUB_WORKFLOW" -e "GITHUB_HEAD_REF" -e "GITHUB_BASE_REF" -e "GITHUB_EVENT_NAME" -e "GITHUB_SERVER_URL" -e "GITHUB_API_URL" -e "GITHUB_GRAPHQL_URL" -e "GITHUB_REF_NAME" -e "GITHUB_REF_PROTECTED" -e "GITHUB_REF_TYPE" -e "GITHUB_WORKFLOW_REF" -e "GITHUB_WORKFLOW_SHA" -e "GITHUB_REPOSITORY_ID" -e "GITHUB_TRIGGERING_ACTOR" -e "GITHUB_WORKSPACE" -e "GITHUB_ACTION" -e "GITHUB_EVENT_PATH" -e "GITHUB_ACTION_REPOSITORY" -e "GITHUB_ACTION_REF" -e "GITHUB_PATH" -e "GITHUB_ENV" -e "GITHUB_STEP_SUMMARY" -e "GITHUB_STATE" -e "GITHUB_OUTPUT" -e "RUNNER_OS" -e "RUNNER_ARCH" -e "RUNNER_NAME" -e "RUNNER_ENVIRONMENT" -e "RUNNER_TOOL_CACHE" -e "RUNNER_TEMP" -e "RUNNER_WORKSPACE" -e "ACTIONS_RUNTIME_URL" -e "ACTIONS_RUNTIME_TOKEN" -e "ACTIONS_CACHE_URL" -e "ACTIONS_RESULTS_URL" -e "ACTIONS_ORCHESTRATION_ID" -e GITHUB_ACTIONS=true -e CI=true --entrypoint "/entrypoint.sh" -v "/var/run/docker.sock":"/var/run/docker.sock" -v "/home/runner/work/_temp":"/github/runner_temp" -v "/home/runner/work/_temp/_github_home":"/github/home" -v "/home/runner/work/_temp/_github_workflow":"/github/workflow" -v "/home/runner/work/_temp/_runner_file_commands":"/github/file_commands" -v "/home/runner/work/utba-swarmmap/utba-swarmmap":"/github/workspace" ghcr.io/reviewdog/action-actionlint:v1.72.0
General & Infrastructure	UNKNOWN STEP	2026-04-04T14:20:57.3803077Z ##[group]Run ibiqlik/action-yamllint@v3
General & Infrastructure	UNKNOWN STEP	2026-04-04T14:20:57.3803889Z with:
General & Infrastructure	UNKNOWN STEP	2026-04-04T14:20:57.3804074Z   file_or_dir: .
General & Infrastructure	UNKNOWN STEP	2026-04-04T14:20:57.3804268Z   config_file: .yamllint.yaml
General & Infrastructure	UNKNOWN STEP	2026-04-04T14:20:57.3804488Z   format: parsable
General & Infrastructure	UNKNOWN STEP	2026-04-04T14:20:57.3804668Z   strict: false
General & Infrastructure	UNKNOWN STEP	2026-04-04T14:20:57.3804843Z   no_warnings: false
General & Infrastructure	UNKNOWN STEP	2026-04-04T14:20:57.3805024Z ##[endgroup]
General & Infrastructure	UNKNOWN STEP	2026-04-04T14:20:57.3901606Z ##[group]Run # export LOGFILE=$(mktemp yamllint-XXXXXX)
General & Infrastructure	UNKNOWN STEP	2026-04-04T14:20:57.3902014Z [36;1m# export LOGFILE=$(mktemp yamllint-XXXXXX)[0m
General & Infrastructure	UNKNOWN STEP	2026-04-04T14:20:57.3902434Z [36;1m/home/runner/work/_actions/ibiqlik/action-yamllint/v3/entrypoint.sh[0m
General & Infrastructure	UNKNOWN STEP	2026-04-04T14:20:57.3930052Z shell: /usr/bin/bash --noprofile --norc -e -o pipefail {0}
General & Infrastructure	UNKNOWN STEP	2026-04-04T14:20:57.3930373Z env:
General & Infrastructure	UNKNOWN STEP	2026-04-04T14:20:57.3930544Z   INPUT_FILE_OR_DIR: .
General & Infrastructure	UNKNOWN STEP	2026-04-04T14:20:57.3930766Z   INPUT_CONFIG_FILE: .yamllint.yaml
General & Infrastructure	UNKNOWN STEP	2026-04-04T14:20:57.3931006Z   INPUT_CONFIG_DATA: 
General & Infrastructure	UNKNOWN STEP	2026-04-04T14:20:57.3931205Z   INPUT_FORMAT: parsable
General & Infrastructure	UNKNOWN STEP	2026-04-04T14:20:57.3931459Z   INPUT_STRICT: false
General & Infrastructure	UNKNOWN STEP	2026-04-04T14:20:57.3931661Z   INPUT_NO_WARNINGS: false
General & Infrastructure	UNKNOWN STEP	2026-04-04T14:20:57.3931869Z ##[endgroup]
General & Infrastructure	UNKNOWN STEP	2026-04-04T14:20:57.5670317Z ======================
General & Infrastructure	UNKNOWN STEP	2026-04-04T14:20:57.5670811Z = Linting YAML files =
General & Infrastructure	UNKNOWN STEP	2026-04-04T14:20:57.5671196Z ======================
General & Infrastructure	UNKNOWN STEP	2026-04-04T14:20:58.0368459Z ./backend/cloudbuild.yaml:76:1: [error] too many blank lines (1 > 0) (empty-lines)
General & Infrastructure	UNKNOWN STEP	2026-04-04T14:20:58.0494337Z ##[error]Process completed with exit code 1.
General & Infrastructure	UNKNOWN STEP	2026-04-04T14:20:58.0621316Z Post job cleanup.
General & Infrastructure	UNKNOWN STEP	2026-04-04T14:20:58.1549423Z [command]/usr/bin/git version
General & Infrastructure	UNKNOWN STEP	2026-04-04T14:20:58.1585722Z git version 2.53.0
General & Infrastructure	UNKNOWN STEP	2026-04-04T14:20:58.1635644Z Temporarily overriding HOME='/home/runner/work/_temp/07fe22fa-383f-473a-9a9b-93da8b13a5b7' before making global git config changes
General & Infrastructure	UNKNOWN STEP	2026-04-04T14:20:58.1637179Z Adding repository directory to the temporary git global config as a safe directory
General & Infrastructure	UNKNOWN STEP	2026-04-04T14:20:58.1641029Z [command]/usr/bin/git config --global --add safe.directory /home/runner/work/utba-swarmmap/utba-swarmmap
General & Infrastructure	UNKNOWN STEP	2026-04-04T14:20:58.1674713Z [command]/usr/bin/git config --local --name-only --get-regexp core\.sshCommand
General & Infrastructure	UNKNOWN STEP	2026-04-04T14:20:58.1722469Z [command]/usr/bin/git submodule foreach --recursive sh -c "git config --local --name-only --get-regexp 'core\.sshCommand' && git config --local --unset-all 'core.sshCommand' || :"
General & Infrastructure	UNKNOWN STEP	2026-04-04T14:20:58.1929424Z [command]/usr/bin/git config --local --name-only --get-regexp http\.https\:\/\/github\.com\/\.extraheader
General & Infrastructure	UNKNOWN STEP	2026-04-04T14:20:58.1951845Z http.https://github.com/.extraheader
General & Infrastructure	UNKNOWN STEP	2026-04-04T14:20:58.1964937Z [command]/usr/bin/git config --local --unset-all http.https://github.com/.extraheader
General & Infrastructure	UNKNOWN STEP	2026-04-04T14:20:58.1994250Z [command]/usr/bin/git submodule foreach --recursive sh -c "git config --local --name-only --get-regexp 'http\.https\:\/\/github\.com\/\.extraheader' && git config --local --unset-all 'http.https://github.com/.extraheader' || :"
General & Infrastructure	UNKNOWN STEP	2026-04-04T14:20:58.2209854Z [command]/usr/bin/git config --local --name-only --get-regexp ^includeIf\.gitdir:
General & Infrastructure	UNKNOWN STEP	2026-04-04T14:20:58.2238854Z [command]/usr/bin/git submodule foreach --recursive git config --local --show-origin --name-only --get-regexp remote.origin.url
General & Infrastructure	UNKNOWN STEP	2026-04-04T14:20:58.2558638Z Cleaning up orphan processes
General & Infrastructure	UNKNOWN STEP	2026-04-04T14:20:58.2992995Z ##[warning]Node.js 20 actions are deprecated. The following actions are running on Node.js 20 and may not work as expected: actions/checkout@v4, actions/setup-go@v5, actions/setup-node@v4. Actions will be forced to run with Node.js 24 by default starting June 2nd, 2026. Node.js 20 will be removed from the runner on September 16th, 2026. Please check if updated versions of these actions are available that support Node.js 24. To opt into Node.js 24 now, set the FORCE_JAVASCRIPT_ACTIONS_TO_NODE24=true environment variable on the runner or in your workflow file. Once Node.js 24 becomes the default, you can temporarily opt out by setting ACTIONS_ALLOW_USE_UNSECURE_NODE_VERSION=true. For more information see: https://github.blog/changelog/2025-09-19-deprecation-of-node-20-on-github-actions-runners/
Backend (Go)	UNKNOWN STEP	﻿2026-04-04T14:16:39.6631854Z Current runner version: '2.333.1'
Backend (Go)	UNKNOWN STEP	2026-04-04T14:16:39.6656970Z ##[group]Runner Image Provisioner
Backend (Go)	UNKNOWN STEP	2026-04-04T14:16:39.6657754Z Hosted Compute Agent
Backend (Go)	UNKNOWN STEP	2026-04-04T14:16:39.6658423Z Version: 20260213.493
Backend (Go)	UNKNOWN STEP	2026-04-04T14:16:39.6658978Z Commit: 5c115507f6dd24b8de37d8bbe0bb4509d0cc0fa3
Backend (Go)	UNKNOWN STEP	2026-04-04T14:16:39.6659657Z Build Date: 2026-02-13T00:28:41Z
Backend (Go)	UNKNOWN STEP	2026-04-04T14:16:39.6660284Z Worker ID: {cdc29298-29f1-439f-babe-f12244460ff9}
Backend (Go)	UNKNOWN STEP	2026-04-04T14:16:39.6660963Z Azure Region: westcentralus
Backend (Go)	UNKNOWN STEP	2026-04-04T14:16:39.6661543Z ##[endgroup]
Backend (Go)	UNKNOWN STEP	2026-04-04T14:16:39.6662946Z ##[group]Operating System
Backend (Go)	UNKNOWN STEP	2026-04-04T14:16:39.6663566Z Ubuntu
Backend (Go)	UNKNOWN STEP	2026-04-04T14:16:39.6663986Z 24.04.4
Backend (Go)	UNKNOWN STEP	2026-04-04T14:16:39.6664936Z LTS
Backend (Go)	UNKNOWN STEP	2026-04-04T14:16:39.6665399Z ##[endgroup]
Backend (Go)	UNKNOWN STEP	2026-04-04T14:16:39.6665891Z ##[group]Runner Image
Backend (Go)	UNKNOWN STEP	2026-04-04T14:16:39.6666437Z Image: ubuntu-24.04
Backend (Go)	UNKNOWN STEP	2026-04-04T14:16:39.6666993Z Version: 20260329.72.1
Backend (Go)	UNKNOWN STEP	2026-04-04T14:16:39.6668129Z Included Software: https://github.com/actions/runner-images/blob/ubuntu24/20260329.72/images/ubuntu/Ubuntu2404-Readme.md
Backend (Go)	UNKNOWN STEP	2026-04-04T14:16:39.6669591Z Image Release: https://github.com/actions/runner-images/releases/tag/ubuntu24%2F20260329.72
Backend (Go)	UNKNOWN STEP	2026-04-04T14:16:39.6670486Z ##[endgroup]
Backend (Go)	UNKNOWN STEP	2026-04-04T14:16:39.6671676Z ##[group]GITHUB_TOKEN Permissions
Backend (Go)	UNKNOWN STEP	2026-04-04T14:16:39.6673487Z Contents: read
Backend (Go)	UNKNOWN STEP	2026-04-04T14:16:39.6674015Z Metadata: read
Backend (Go)	UNKNOWN STEP	2026-04-04T14:16:39.6674928Z Packages: read
Backend (Go)	UNKNOWN STEP	2026-04-04T14:16:39.6675429Z ##[endgroup]
Backend (Go)	UNKNOWN STEP	2026-04-04T14:16:39.6677445Z Secret source: None
Backend (Go)	UNKNOWN STEP	2026-04-04T14:16:39.6678205Z Prepare workflow directory
Backend (Go)	UNKNOWN STEP	2026-04-04T14:16:39.7149767Z Prepare all required actions
Backend (Go)	UNKNOWN STEP	2026-04-04T14:16:39.7190042Z Getting action download info
Backend (Go)	UNKNOWN STEP	2026-04-04T14:16:40.1550536Z Download action repository 'actions/checkout@v4' (SHA:34e114876b0b11c390a56381ad16ebd13914f8d5)
Backend (Go)	UNKNOWN STEP	2026-04-04T14:16:40.3147754Z Download action repository 'actions/setup-go@v5' (SHA:40f1582b2485089dde7abd97c1529aa768e1baff)
Backend (Go)	UNKNOWN STEP	2026-04-04T14:16:41.3046591Z Download action repository 'golangci/golangci-lint-action@v4' (SHA:d6238b002a20823d52840fda27e2d4891c5952dc)
Backend (Go)	UNKNOWN STEP	2026-04-04T14:16:42.3206973Z Download action repository 'securego/gosec@master' (SHA:1af5d582f8fa08ac6621ccc1168b4d3d9d2b2eec)
Backend (Go)	UNKNOWN STEP	2026-04-04T14:16:43.1675520Z Complete job name: Backend (Go)
Backend (Go)	UNKNOWN STEP	2026-04-04T14:16:43.2153732Z ##[group]Pull down action image 'ghcr.io/securego/gosec:2.25.0'
Backend (Go)	UNKNOWN STEP	2026-04-04T14:16:43.2237971Z ##[command]/usr/bin/docker pull ghcr.io/securego/gosec:2.25.0
Backend (Go)	UNKNOWN STEP	2026-04-04T14:16:43.9806394Z 2.25.0: Pulling from securego/gosec
Backend (Go)	UNKNOWN STEP	2026-04-04T14:16:44.1745626Z 589002ba0eae: Already exists
Backend (Go)	UNKNOWN STEP	2026-04-04T14:16:44.1774152Z 644a983862e3: Pulling fs layer
Backend (Go)	UNKNOWN STEP	2026-04-04T14:16:44.1774704Z 6fbff1d4eb7e: Pulling fs layer
Backend (Go)	UNKNOWN STEP	2026-04-04T14:16:44.1775158Z 13ee208a3600: Pulling fs layer
Backend (Go)	UNKNOWN STEP	2026-04-04T14:16:44.1775441Z 4f4fb700ef54: Pulling fs layer
Backend (Go)	UNKNOWN STEP	2026-04-04T14:16:44.1775662Z 8e4ca6825065: Pulling fs layer
Backend (Go)	UNKNOWN STEP	2026-04-04T14:16:44.1775907Z 2de8f3bc93bb: Pulling fs layer
Backend (Go)	UNKNOWN STEP	2026-04-04T14:16:44.1776215Z 19c9efa60884: Pulling fs layer
Backend (Go)	UNKNOWN STEP	2026-04-04T14:16:44.1776605Z 8e4ca6825065: Waiting
Backend (Go)	UNKNOWN STEP	2026-04-04T14:16:44.1776918Z 19c9efa60884: Waiting
Backend (Go)	UNKNOWN STEP	2026-04-04T14:16:44.1777141Z 2de8f3bc93bb: Waiting
Backend (Go)	UNKNOWN STEP	2026-04-04T14:16:44.1777321Z 4f4fb700ef54: Waiting
Backend (Go)	UNKNOWN STEP	2026-04-04T14:16:44.4352060Z 13ee208a3600: Verifying Checksum
Backend (Go)	UNKNOWN STEP	2026-04-04T14:16:44.4352748Z 13ee208a3600: Download complete
Backend (Go)	UNKNOWN STEP	2026-04-04T14:16:44.4910778Z 644a983862e3: Verifying Checksum
Backend (Go)	UNKNOWN STEP	2026-04-04T14:16:44.4917077Z 644a983862e3: Download complete
Backend (Go)	UNKNOWN STEP	2026-04-04T14:16:44.7084102Z 4f4fb700ef54: Download complete
Backend (Go)	UNKNOWN STEP	2026-04-04T14:16:44.9697362Z 6fbff1d4eb7e: Verifying Checksum
Backend (Go)	UNKNOWN STEP	2026-04-04T14:16:44.9698175Z 6fbff1d4eb7e: Download complete
Backend (Go)	UNKNOWN STEP	2026-04-04T14:16:45.2391028Z 19c9efa60884: Verifying Checksum
Backend (Go)	UNKNOWN STEP	2026-04-04T14:16:45.2393558Z 19c9efa60884: Download complete
Backend (Go)	UNKNOWN STEP	2026-04-04T14:16:45.3017501Z 2de8f3bc93bb: Download complete
Backend (Go)	UNKNOWN STEP	2026-04-04T14:16:45.3605263Z 8e4ca6825065: Verifying Checksum
Backend (Go)	UNKNOWN STEP	2026-04-04T14:16:45.3605751Z 8e4ca6825065: Download complete
Backend (Go)	UNKNOWN STEP	2026-04-04T14:16:45.5616207Z 644a983862e3: Pull complete
Backend (Go)	UNKNOWN STEP	2026-04-04T14:16:51.0157415Z 6fbff1d4eb7e: Pull complete
Backend (Go)	UNKNOWN STEP	2026-04-04T14:16:51.0269886Z 13ee208a3600: Pull complete
Backend (Go)	UNKNOWN STEP	2026-04-04T14:16:51.0368692Z 4f4fb700ef54: Pull complete
Backend (Go)	UNKNOWN STEP	2026-04-04T14:16:52.6549343Z 8e4ca6825065: Pull complete
Backend (Go)	UNKNOWN STEP	2026-04-04T14:16:52.8237395Z 2de8f3bc93bb: Pull complete
Backend (Go)	UNKNOWN STEP	2026-04-04T14:16:52.8331683Z 19c9efa60884: Pull complete
Backend (Go)	UNKNOWN STEP	2026-04-04T14:16:52.8367231Z Digest: sha256:a735b6eedb06d3bc95d196b4320d1f3829caa0ee009e4b4749917cdd070ab026
Backend (Go)	UNKNOWN STEP	2026-04-04T14:16:52.8380142Z Status: Downloaded newer image for ghcr.io/securego/gosec:2.25.0
Backend (Go)	UNKNOWN STEP	2026-04-04T14:16:52.8387433Z ghcr.io/securego/gosec:2.25.0
Backend (Go)	UNKNOWN STEP	2026-04-04T14:16:52.8425600Z ##[endgroup]
Backend (Go)	UNKNOWN STEP	2026-04-04T14:16:52.8701912Z ##[group]Run actions/checkout@v4
Backend (Go)	UNKNOWN STEP	2026-04-04T14:16:52.8702474Z with:
Backend (Go)	UNKNOWN STEP	2026-04-04T14:16:52.8702677Z   repository: fkcurrie/utba-swarmmap
Backend (Go)	UNKNOWN STEP	2026-04-04T14:16:52.8703065Z   token: ***
Backend (Go)	UNKNOWN STEP	2026-04-04T14:16:52.8703245Z   ssh-strict: true
Backend (Go)	UNKNOWN STEP	2026-04-04T14:16:52.8703436Z   ssh-user: git
Backend (Go)	UNKNOWN STEP	2026-04-04T14:16:52.8703628Z   persist-credentials: true
Backend (Go)	UNKNOWN STEP	2026-04-04T14:16:52.8703936Z   clean: true
Backend (Go)	UNKNOWN STEP	2026-04-04T14:16:52.8704128Z   sparse-checkout-cone-mode: true
Backend (Go)	UNKNOWN STEP	2026-04-04T14:16:52.8704579Z   fetch-depth: 1
Backend (Go)	UNKNOWN STEP	2026-04-04T14:16:52.8704786Z   fetch-tags: false
Backend (Go)	UNKNOWN STEP	2026-04-04T14:16:52.8704974Z   show-progress: true
Backend (Go)	UNKNOWN STEP	2026-04-04T14:16:52.8705157Z   lfs: false
Backend (Go)	UNKNOWN STEP	2026-04-04T14:16:52.8705313Z   submodules: false
Backend (Go)	UNKNOWN STEP	2026-04-04T14:16:52.8705502Z   set-safe-directory: true
Backend (Go)	UNKNOWN STEP	2026-04-04T14:16:52.8705969Z ##[endgroup]
Backend (Go)	UNKNOWN STEP	2026-04-04T14:16:52.9767572Z Syncing repository: fkcurrie/utba-swarmmap
Backend (Go)	UNKNOWN STEP	2026-04-04T14:16:52.9768874Z ##[group]Getting Git version info
Backend (Go)	UNKNOWN STEP	2026-04-04T14:16:52.9769368Z Working directory is '/home/runner/work/utba-swarmmap/utba-swarmmap'
Backend (Go)	UNKNOWN STEP	2026-04-04T14:16:52.9769938Z [command]/usr/bin/git version
Backend (Go)	UNKNOWN STEP	2026-04-04T14:16:52.9821345Z git version 2.53.0
Backend (Go)	UNKNOWN STEP	2026-04-04T14:16:52.9847449Z ##[endgroup]
Backend (Go)	UNKNOWN STEP	2026-04-04T14:16:52.9861180Z Temporarily overriding HOME='/home/runner/work/_temp/e88002ac-8d4a-4287-8cd5-ee7d15b20568' before making global git config changes
Backend (Go)	UNKNOWN STEP	2026-04-04T14:16:52.9862128Z Adding repository directory to the temporary git global config as a safe directory
Backend (Go)	UNKNOWN STEP	2026-04-04T14:16:52.9866686Z [command]/usr/bin/git config --global --add safe.directory /home/runner/work/utba-swarmmap/utba-swarmmap
Backend (Go)	UNKNOWN STEP	2026-04-04T14:16:52.9898739Z Deleting the contents of '/home/runner/work/utba-swarmmap/utba-swarmmap'
Backend (Go)	UNKNOWN STEP	2026-04-04T14:16:52.9902046Z ##[group]Initializing the repository
Backend (Go)	UNKNOWN STEP	2026-04-04T14:16:52.9906569Z [command]/usr/bin/git init /home/runner/work/utba-swarmmap/utba-swarmmap
Backend (Go)	UNKNOWN STEP	2026-04-04T14:16:52.9990055Z hint: Using 'master' as the name for the initial branch. This default branch name
Backend (Go)	UNKNOWN STEP	2026-04-04T14:16:52.9991220Z hint: will change to "main" in Git 3.0. To configure the initial branch name
Backend (Go)	UNKNOWN STEP	2026-04-04T14:16:52.9992117Z hint: to use in all of your new repositories, which will suppress this warning,
Backend (Go)	UNKNOWN STEP	2026-04-04T14:16:52.9992788Z hint: call:
Backend (Go)	UNKNOWN STEP	2026-04-04T14:16:52.9992985Z hint:
Backend (Go)	UNKNOWN STEP	2026-04-04T14:16:52.9993284Z hint: 	git config --global init.defaultBranch <name>
Backend (Go)	UNKNOWN STEP	2026-04-04T14:16:52.9993610Z hint:
Backend (Go)	UNKNOWN STEP	2026-04-04T14:16:52.9993911Z hint: Names commonly chosen instead of 'master' are 'main', 'trunk' and
Backend (Go)	UNKNOWN STEP	2026-04-04T14:16:52.9994757Z hint: 'development'. The just-created branch can be renamed via this command:
Backend (Go)	UNKNOWN STEP	2026-04-04T14:16:52.9995166Z hint:
Backend (Go)	UNKNOWN STEP	2026-04-04T14:16:52.9995362Z hint: 	git branch -m <name>
Backend (Go)	UNKNOWN STEP	2026-04-04T14:16:52.9995591Z hint:
Backend (Go)	UNKNOWN STEP	2026-04-04T14:16:52.9995904Z hint: Disable this message with "git config set advice.defaultBranchName false"
Backend (Go)	UNKNOWN STEP	2026-04-04T14:16:52.9996492Z Initialized empty Git repository in /home/runner/work/utba-swarmmap/utba-swarmmap/.git/
Backend (Go)	UNKNOWN STEP	2026-04-04T14:16:53.0002933Z [command]/usr/bin/git remote add origin https://github.com/fkcurrie/utba-swarmmap
Backend (Go)	UNKNOWN STEP	2026-04-04T14:16:53.0100447Z ##[endgroup]
Backend (Go)	UNKNOWN STEP	2026-04-04T14:16:53.0101155Z ##[group]Disabling automatic garbage collection
Backend (Go)	UNKNOWN STEP	2026-04-04T14:16:53.0101644Z [command]/usr/bin/git config --local gc.auto 0
Backend (Go)	UNKNOWN STEP	2026-04-04T14:16:53.0102433Z ##[endgroup]
Backend (Go)	UNKNOWN STEP	2026-04-04T14:16:53.0102811Z ##[group]Setting up auth
Backend (Go)	UNKNOWN STEP	2026-04-04T14:16:53.0103213Z [command]/usr/bin/git config --local --name-only --get-regexp core\.sshCommand
Backend (Go)	UNKNOWN STEP	2026-04-04T14:16:53.0108082Z [command]/usr/bin/git submodule foreach --recursive sh -c "git config --local --name-only --get-regexp 'core\.sshCommand' && git config --local --unset-all 'core.sshCommand' || :"
Backend (Go)	UNKNOWN STEP	2026-04-04T14:16:53.0413244Z [command]/usr/bin/git config --local --name-only --get-regexp http\.https\:\/\/github\.com\/\.extraheader
Backend (Go)	UNKNOWN STEP	2026-04-04T14:16:53.0446807Z [command]/usr/bin/git submodule foreach --recursive sh -c "git config --local --name-only --get-regexp 'http\.https\:\/\/github\.com\/\.extraheader' && git config --local --unset-all 'http.https://github.com/.extraheader' || :"
Backend (Go)	UNKNOWN STEP	2026-04-04T14:16:53.0673042Z [command]/usr/bin/git config --local --name-only --get-regexp ^includeIf\.gitdir:
Backend (Go)	UNKNOWN STEP	2026-04-04T14:16:53.0713493Z [command]/usr/bin/git submodule foreach --recursive git config --local --show-origin --name-only --get-regexp remote.origin.url
Backend (Go)	UNKNOWN STEP	2026-04-04T14:16:53.0948129Z [command]/usr/bin/git config --local http.https://github.com/.extraheader AUTHORIZATION: basic ***
Backend (Go)	UNKNOWN STEP	2026-04-04T14:16:53.0987842Z ##[endgroup]
Backend (Go)	UNKNOWN STEP	2026-04-04T14:16:53.0988449Z ##[group]Fetching the repository
Backend (Go)	UNKNOWN STEP	2026-04-04T14:16:53.0997287Z [command]/usr/bin/git -c protocol.version=2 fetch --no-tags --prune --no-recurse-submodules --depth=1 origin +5fd099f5c0037cdd6b9cd0b3c257e27d5d8c3f9f:refs/remotes/pull/11/merge
Backend (Go)	UNKNOWN STEP	2026-04-04T14:16:54.1066398Z From https://github.com/fkcurrie/utba-swarmmap
Backend (Go)	UNKNOWN STEP	2026-04-04T14:16:54.1067165Z  * [new ref]         5fd099f5c0037cdd6b9cd0b3c257e27d5d8c3f9f -> pull/11/merge
Backend (Go)	UNKNOWN STEP	2026-04-04T14:16:54.1094117Z ##[endgroup]
Backend (Go)	UNKNOWN STEP	2026-04-04T14:16:54.1095035Z ##[group]Determining the checkout info
Backend (Go)	UNKNOWN STEP	2026-04-04T14:16:54.1097027Z ##[endgroup]
Backend (Go)	UNKNOWN STEP	2026-04-04T14:16:54.1101771Z [command]/usr/bin/git sparse-checkout disable
Backend (Go)	UNKNOWN STEP	2026-04-04T14:16:54.1137342Z [command]/usr/bin/git config --local --unset-all extensions.worktreeConfig
Backend (Go)	UNKNOWN STEP	2026-04-04T14:16:54.1167844Z ##[group]Checking out the ref
Backend (Go)	UNKNOWN STEP	2026-04-04T14:16:54.1168499Z [command]/usr/bin/git checkout --progress --force refs/remotes/pull/11/merge
Backend (Go)	UNKNOWN STEP	2026-04-04T14:16:54.1386485Z Note: switching to 'refs/remotes/pull/11/merge'.
Backend (Go)	UNKNOWN STEP	2026-04-04T14:16:54.1386978Z 
Backend (Go)	UNKNOWN STEP	2026-04-04T14:16:54.1387341Z You are in 'detached HEAD' state. You can look around, make experimental
Backend (Go)	UNKNOWN STEP	2026-04-04T14:16:54.1388271Z changes and commit them, and you can discard any commits you make in this
Backend (Go)	UNKNOWN STEP	2026-04-04T14:16:54.1389264Z state without impacting any branches by switching back to a branch.
Backend (Go)	UNKNOWN STEP	2026-04-04T14:16:54.1389865Z 
Backend (Go)	UNKNOWN STEP	2026-04-04T14:16:54.1390264Z If you want to create a new branch to retain commits you create, you may
Backend (Go)	UNKNOWN STEP	2026-04-04T14:16:54.1391277Z do so (now or later) by using -c with the switch command. Example:
Backend (Go)	UNKNOWN STEP	2026-04-04T14:16:54.1391839Z 
Backend (Go)	UNKNOWN STEP	2026-04-04T14:16:54.1392063Z   git switch -c <new-branch-name>
Backend (Go)	UNKNOWN STEP	2026-04-04T14:16:54.1392429Z 
Backend (Go)	UNKNOWN STEP	2026-04-04T14:16:54.1392612Z Or undo this operation with:
Backend (Go)	UNKNOWN STEP	2026-04-04T14:16:54.1392953Z 
Backend (Go)	UNKNOWN STEP	2026-04-04T14:16:54.1393121Z   git switch -
Backend (Go)	UNKNOWN STEP	2026-04-04T14:16:54.1393390Z 
Backend (Go)	UNKNOWN STEP	2026-04-04T14:16:54.1393828Z Turn off this advice by setting config variable advice.detachedHead to false
Backend (Go)	UNKNOWN STEP	2026-04-04T14:16:54.1394725Z 
Backend (Go)	UNKNOWN STEP	2026-04-04T14:16:54.1395414Z HEAD is now at 5fd099f Merge 768154ecb43d73db89159522a2d38b9cffa3b986 into ce8c646a1e1a3155ecfdd83f5a8af5e375dad3a3
Backend (Go)	UNKNOWN STEP	2026-04-04T14:16:54.1397557Z ##[endgroup]
Backend (Go)	UNKNOWN STEP	2026-04-04T14:16:54.1433818Z [command]/usr/bin/git log -1 --format=%H
Backend (Go)	UNKNOWN STEP	2026-04-04T14:16:54.1455203Z 5fd099f5c0037cdd6b9cd0b3c257e27d5d8c3f9f
Backend (Go)	UNKNOWN STEP	2026-04-04T14:16:54.1651878Z ##[group]Run actions/setup-go@v5
Backend (Go)	UNKNOWN STEP	2026-04-04T14:16:54.1652130Z with:
Backend (Go)	UNKNOWN STEP	2026-04-04T14:16:54.1652290Z   go-version: 1.22
Backend (Go)	UNKNOWN STEP	2026-04-04T14:16:54.1652492Z   cache-dependency-path: backend/go.mod
Backend (Go)	UNKNOWN STEP	2026-04-04T14:16:54.1652739Z   check-latest: false
Backend (Go)	UNKNOWN STEP	2026-04-04T14:16:54.1653100Z   token: ***
Backend (Go)	UNKNOWN STEP	2026-04-04T14:16:54.1653262Z   cache: true
Backend (Go)	UNKNOWN STEP	2026-04-04T14:16:54.1653426Z ##[endgroup]
Backend (Go)	UNKNOWN STEP	2026-04-04T14:16:54.3237117Z Setup go version spec 1.22
Backend (Go)	UNKNOWN STEP	2026-04-04T14:16:54.3478675Z Found in cache @ /opt/hostedtoolcache/go/1.22.12/x64
Backend (Go)	UNKNOWN STEP	2026-04-04T14:16:54.3483264Z Added go to the path
Backend (Go)	UNKNOWN STEP	2026-04-04T14:16:54.3487631Z Successfully set up Go version 1.22
Backend (Go)	UNKNOWN STEP	2026-04-04T14:16:54.5281398Z [command]/opt/hostedtoolcache/go/1.22.12/x64/bin/go env GOMODCACHE
Backend (Go)	UNKNOWN STEP	2026-04-04T14:16:54.5326395Z [command]/opt/hostedtoolcache/go/1.22.12/x64/bin/go env GOCACHE
Backend (Go)	UNKNOWN STEP	2026-04-04T14:16:54.5351582Z /home/runner/go/pkg/mod
Backend (Go)	UNKNOWN STEP	2026-04-04T14:16:54.5387088Z /home/runner/.cache/go-build
Backend (Go)	UNKNOWN STEP	2026-04-04T14:16:54.7750937Z Cache is not found
Backend (Go)	UNKNOWN STEP	2026-04-04T14:16:54.7770386Z go version go1.22.12 linux/amd64
Backend (Go)	UNKNOWN STEP	2026-04-04T14:16:54.7770591Z 
Backend (Go)	UNKNOWN STEP	2026-04-04T14:16:54.7770856Z ##[group]go env
Backend (Go)	UNKNOWN STEP	2026-04-04T14:16:54.8884016Z GO111MODULE=''
Backend (Go)	UNKNOWN STEP	2026-04-04T14:16:54.8884661Z GOARCH='amd64'
Backend (Go)	UNKNOWN STEP	2026-04-04T14:16:54.8885022Z GOBIN=''
Backend (Go)	UNKNOWN STEP	2026-04-04T14:16:54.8885369Z GOCACHE='/home/runner/.cache/go-build'
Backend (Go)	UNKNOWN STEP	2026-04-04T14:16:54.8885830Z GOENV='/home/runner/.config/go/env'
Backend (Go)	UNKNOWN STEP	2026-04-04T14:16:54.8886199Z GOEXE=''
Backend (Go)	UNKNOWN STEP	2026-04-04T14:16:54.8886469Z GOEXPERIMENT=''
Backend (Go)	UNKNOWN STEP	2026-04-04T14:16:54.8886765Z GOFLAGS=''
Backend (Go)	UNKNOWN STEP	2026-04-04T14:16:54.8887062Z GOHOSTARCH='amd64'
Backend (Go)	UNKNOWN STEP	2026-04-04T14:16:54.8887391Z GOHOSTOS='linux'
Backend (Go)	UNKNOWN STEP	2026-04-04T14:16:54.8887705Z GOINSECURE=''
Backend (Go)	UNKNOWN STEP	2026-04-04T14:16:54.8888042Z GOMODCACHE='/home/runner/go/pkg/mod'
Backend (Go)	UNKNOWN STEP	2026-04-04T14:16:54.8888486Z GONOPROXY=''
Backend (Go)	UNKNOWN STEP	2026-04-04T14:16:54.8888794Z GONOSUMDB=''
Backend (Go)	UNKNOWN STEP	2026-04-04T14:16:54.8889095Z GOOS='linux'
Backend (Go)	UNKNOWN STEP	2026-04-04T14:16:54.8889419Z GOPATH='/home/runner/go'
Backend (Go)	UNKNOWN STEP	2026-04-04T14:16:54.8889819Z GOPRIVATE=''
Backend (Go)	UNKNOWN STEP	2026-04-04T14:16:54.8890213Z GOPROXY='https://proxy.golang.org,direct'
Backend (Go)	UNKNOWN STEP	2026-04-04T14:16:54.8890811Z GOROOT='/opt/hostedtoolcache/go/1.22.12/x64'
Backend (Go)	UNKNOWN STEP	2026-04-04T14:16:54.8891316Z GOSUMDB='sum.golang.org'
Backend (Go)	UNKNOWN STEP	2026-04-04T14:16:54.8891690Z GOTMPDIR=''
Backend (Go)	UNKNOWN STEP	2026-04-04T14:16:54.8892023Z GOTOOLCHAIN='auto'
Backend (Go)	UNKNOWN STEP	2026-04-04T14:16:54.8892601Z GOTOOLDIR='/opt/hostedtoolcache/go/1.22.12/x64/pkg/tool/linux_amd64'
Backend (Go)	UNKNOWN STEP	2026-04-04T14:16:54.8893205Z GOVCS=''
Backend (Go)	UNKNOWN STEP	2026-04-04T14:16:54.8893485Z GOVERSION='go1.22.12'
Backend (Go)	UNKNOWN STEP	2026-04-04T14:16:54.8893803Z GCCGO='gccgo'
Backend (Go)	UNKNOWN STEP	2026-04-04T14:16:54.8894115Z GOAMD64='v1'
Backend (Go)	UNKNOWN STEP	2026-04-04T14:16:54.8894653Z AR='ar'
Backend (Go)	UNKNOWN STEP	2026-04-04T14:16:54.8894961Z CC='gcc'
Backend (Go)	UNKNOWN STEP	2026-04-04T14:16:54.8895209Z CXX='g++'
Backend (Go)	UNKNOWN STEP	2026-04-04T14:16:54.8895461Z CGO_ENABLED='1'
Backend (Go)	UNKNOWN STEP	2026-04-04T14:16:54.8895751Z GOMOD='/dev/null'
Backend (Go)	UNKNOWN STEP	2026-04-04T14:16:54.8896014Z GOWORK=''
Backend (Go)	UNKNOWN STEP	2026-04-04T14:16:54.8896290Z CGO_CFLAGS='-O2 -g'
Backend (Go)	UNKNOWN STEP	2026-04-04T14:16:54.8896665Z CGO_CPPFLAGS=''
Backend (Go)	UNKNOWN STEP	2026-04-04T14:16:54.8897007Z CGO_CXXFLAGS='-O2 -g'
Backend (Go)	UNKNOWN STEP	2026-04-04T14:16:54.8897381Z CGO_FFLAGS='-O2 -g'
Backend (Go)	UNKNOWN STEP	2026-04-04T14:16:54.8897713Z CGO_LDFLAGS='-O2 -g'
Backend (Go)	UNKNOWN STEP	2026-04-04T14:16:54.8898084Z PKG_CONFIG='pkg-config'
Backend (Go)	UNKNOWN STEP	2026-04-04T14:16:54.8899263Z GOGCCFLAGS='-fPIC -m64 -pthread -Wl,--no-gc-sections -fmessage-length=0 -ffile-prefix-map=/tmp/go-build1599658163=/tmp/go-build -gno-record-gcc-switches'
Backend (Go)	UNKNOWN STEP	2026-04-04T14:16:54.8900390Z 
Backend (Go)	UNKNOWN STEP	2026-04-04T14:16:54.8900921Z ##[endgroup]
Backend (Go)	UNKNOWN STEP	2026-04-04T14:16:54.9000471Z ##[group]Run go fmt ./...
Backend (Go)	UNKNOWN STEP	2026-04-04T14:16:54.9000748Z [36;1mgo fmt ./...[0m
Backend (Go)	UNKNOWN STEP	2026-04-04T14:16:54.9031420Z shell: /usr/bin/bash -e {0}
Backend (Go)	UNKNOWN STEP	2026-04-04T14:16:54.9031673Z ##[endgroup]
Backend (Go)	UNKNOWN STEP	2026-04-04T14:16:54.9144668Z go: downloading cloud.google.com/go/firestore v1.14.0
Backend (Go)	UNKNOWN STEP	2026-04-04T14:16:54.9148394Z go: downloading cloud.google.com/go/storage v1.36.0
Backend (Go)	UNKNOWN STEP	2026-04-04T14:16:54.9644355Z go: downloading github.com/google/uuid v1.5.0
Backend (Go)	UNKNOWN STEP	2026-04-04T14:16:55.0837711Z go: downloading google.golang.org/api v0.155.0
Backend (Go)	UNKNOWN STEP	2026-04-04T14:16:55.1389416Z go: downloading google.golang.org/grpc v1.60.1
Backend (Go)	UNKNOWN STEP	2026-04-04T14:16:55.1735251Z go: downloading cloud.google.com/go v0.110.10
Backend (Go)	UNKNOWN STEP	2026-04-04T14:16:55.4910004Z go: downloading golang.org/x/oauth2 v0.15.0
Backend (Go)	UNKNOWN STEP	2026-04-04T14:16:56.1682054Z go: downloading cloud.google.com/go/compute/metadata v0.2.3
Backend (Go)	UNKNOWN STEP	2026-04-04T14:16:56.1961185Z go: downloading cloud.google.com/go/compute v1.23.3
Backend (Go)	UNKNOWN STEP	2026-04-04T14:16:56.2071593Z go: downloading cloud.google.com/go/iam v1.1.5
Backend (Go)	UNKNOWN STEP	2026-04-04T14:16:56.4276109Z go: downloading github.com/googleapis/gax-go/v2 v2.12.0
Backend (Go)	UNKNOWN STEP	2026-04-04T14:16:58.1752607Z go: downloading google.golang.org/genproto v0.0.0-20231211222908-989df2bf70f3
Backend (Go)	UNKNOWN STEP	2026-04-04T14:16:58.1754082Z go: downloading google.golang.org/protobuf v1.31.0
Backend (Go)	UNKNOWN STEP	2026-04-04T14:16:58.6976236Z go: downloading github.com/golang/protobuf v1.5.3
Backend (Go)	UNKNOWN STEP	2026-04-04T14:16:58.7693994Z go: downloading golang.org/x/time v0.5.0
Backend (Go)	UNKNOWN STEP	2026-04-04T14:16:58.8565004Z go: downloading google.golang.org/genproto/googleapis/rpc v0.0.0-20231212172506-995d672761c0
Backend (Go)	UNKNOWN STEP	2026-04-04T14:16:59.7186921Z go: downloading google.golang.org/genproto/googleapis/api v0.0.0-20231211222908-989df2bf70f3
Backend (Go)	UNKNOWN STEP	2026-04-04T14:16:59.8257203Z go: downloading go.opencensus.io v0.24.0
Backend (Go)	UNKNOWN STEP	2026-04-04T14:16:59.8425322Z go: downloading golang.org/x/xerrors v0.0.0-20231012003039-104605ab7028
Backend (Go)	UNKNOWN STEP	2026-04-04T14:17:00.1793879Z go: downloading go.opentelemetry.io/contrib/instrumentation/net/http/otelhttp v0.46.1
Backend (Go)	UNKNOWN STEP	2026-04-04T14:17:00.1794991Z go: downloading golang.org/x/net v0.19.0
Backend (Go)	UNKNOWN STEP	2026-04-04T14:17:00.2517815Z go: downloading cloud.google.com/go/longrunning v0.5.4
Backend (Go)	UNKNOWN STEP	2026-04-04T14:17:00.3876633Z go: downloading golang.org/x/sync v0.5.0
Backend (Go)	UNKNOWN STEP	2026-04-04T14:17:00.4006104Z go: downloading golang.org/x/sys v0.15.0
Backend (Go)	UNKNOWN STEP	2026-04-04T14:17:00.5759022Z go: downloading github.com/golang/groupcache v0.0.0-20210331224755-41bb18bfe9da
Backend (Go)	UNKNOWN STEP	2026-04-04T14:17:00.5966489Z go: downloading go.opentelemetry.io/contrib/instrumentation/google.golang.org/grpc/otelgrpc v0.46.1
Backend (Go)	UNKNOWN STEP	2026-04-04T14:17:00.6277460Z go: downloading github.com/google/s2a-go v0.1.7
Backend (Go)	UNKNOWN STEP	2026-04-04T14:17:00.6513699Z go: downloading github.com/googleapis/enterprise-certificate-proxy v0.3.2
Backend (Go)	UNKNOWN STEP	2026-04-04T14:17:00.6651689Z go: downloading github.com/felixge/httpsnoop v1.0.4
Backend (Go)	UNKNOWN STEP	2026-04-04T14:17:00.7145004Z go: downloading go.opentelemetry.io/otel v1.21.0
Backend (Go)	UNKNOWN STEP	2026-04-04T14:17:00.7171220Z go: downloading go.opentelemetry.io/otel/metric v1.21.0
Backend (Go)	UNKNOWN STEP	2026-04-04T14:17:01.0086673Z go: downloading go.opentelemetry.io/otel/trace v1.21.0
Backend (Go)	UNKNOWN STEP	2026-04-04T14:17:01.1399909Z go: downloading github.com/go-logr/logr v1.3.0
Backend (Go)	UNKNOWN STEP	2026-04-04T14:17:01.1884661Z go: downloading golang.org/x/text v0.14.0
Backend (Go)	UNKNOWN STEP	2026-04-04T14:17:01.2635552Z go: downloading github.com/go-logr/stdr v1.2.2
Backend (Go)	UNKNOWN STEP	2026-04-04T14:17:01.3199475Z go: downloading golang.org/x/crypto v0.17.0
Backend (Go)	UNKNOWN STEP	2026-04-04T14:17:02.5340082Z handlers/swarm.go
Backend (Go)	UNKNOWN STEP	2026-04-04T14:17:02.5391852Z ##[group]Run go vet ./...
Backend (Go)	UNKNOWN STEP	2026-04-04T14:17:02.5392120Z [36;1mgo vet ./...[0m
Backend (Go)	UNKNOWN STEP	2026-04-04T14:17:02.5419320Z shell: /usr/bin/bash -e {0}
Backend (Go)	UNKNOWN STEP	2026-04-04T14:17:02.5419559Z ##[endgroup]
Backend (Go)	UNKNOWN STEP	2026-04-04T14:17:25.6581370Z ##[group]Run golangci/golangci-lint-action@v4
Backend (Go)	UNKNOWN STEP	2026-04-04T14:17:25.6581660Z with:
Backend (Go)	UNKNOWN STEP	2026-04-04T14:17:25.6581823Z   version: latest
Backend (Go)	UNKNOWN STEP	2026-04-04T14:17:25.6582010Z   working-directory: backend
Backend (Go)	UNKNOWN STEP	2026-04-04T14:17:25.6582371Z   github-token: ***
Backend (Go)	UNKNOWN STEP	2026-04-04T14:17:25.6582561Z   only-new-issues: false
Backend (Go)	UNKNOWN STEP	2026-04-04T14:17:25.6582764Z   skip-cache: false
Backend (Go)	UNKNOWN STEP	2026-04-04T14:17:25.6582950Z   skip-pkg-cache: false
Backend (Go)	UNKNOWN STEP	2026-04-04T14:17:25.6583147Z   skip-build-cache: false
Backend (Go)	UNKNOWN STEP	2026-04-04T14:17:25.6583353Z   install-mode: binary
Backend (Go)	UNKNOWN STEP	2026-04-04T14:17:25.6583541Z ##[endgroup]
Backend (Go)	UNKNOWN STEP	2026-04-04T14:17:25.8135611Z ##[group]prepare environment
Backend (Go)	UNKNOWN STEP	2026-04-04T14:17:25.8139737Z Checking for go.mod: backend/go.mod
Backend (Go)	UNKNOWN STEP	2026-04-04T14:17:25.9315721Z ##[warning]Failed to restore: Cache service responded with 400
Backend (Go)	UNKNOWN STEP	2026-04-04T14:17:25.9324085Z Cache not found for input keys: golangci-lint.cache-2935-666b7a7e1dfa6b5b3fe79062f075597ee19b9909, golangci-lint.cache-2935-
Backend (Go)	UNKNOWN STEP	2026-04-04T14:17:25.9325293Z Finding needed golangci-lint version...
Backend (Go)	UNKNOWN STEP	2026-04-04T14:17:25.9939308Z Requested golangci-lint 'latest', using 'v1.64.8', calculation took 63ms
Backend (Go)	UNKNOWN STEP	2026-04-04T14:17:25.9940207Z Installation mode: binary
Backend (Go)	UNKNOWN STEP	2026-04-04T14:17:25.9940826Z Installing golangci-lint binary v1.64.8...
Backend (Go)	UNKNOWN STEP	2026-04-04T14:17:25.9943532Z Downloading binary https://github.com/golangci/golangci-lint/releases/download/v1.64.8/golangci-lint-1.64.8-linux-amd64.tar.gz ...
Backend (Go)	UNKNOWN STEP	2026-04-04T14:17:26.5192608Z [command]/usr/bin/tar xz --overwrite --warning=no-unknown-keyword --overwrite -C /home/runner -f /home/runner/work/_temp/cb968626-e1a7-4b4f-a80e-afc7fa78dd10
Backend (Go)	UNKNOWN STEP	2026-04-04T14:17:26.7353453Z Installed golangci-lint into /home/runner/golangci-lint-1.64.8-linux-amd64/golangci-lint in 741ms
Backend (Go)	UNKNOWN STEP	2026-04-04T14:17:26.7354056Z Prepared env in 922ms
Backend (Go)	UNKNOWN STEP	2026-04-04T14:17:26.7355010Z ##[endgroup]
Backend (Go)	UNKNOWN STEP	2026-04-04T14:17:26.7357058Z ##[group]run golangci-lint
Backend (Go)	UNKNOWN STEP	2026-04-04T14:17:26.7362886Z Running [/home/runner/golangci-lint-1.64.8-linux-amd64/golangci-lint run --out-format=github-actions --path-prefix=backend] in [/home/runner/work/utba-swarmmap/utba-swarmmap/backend] ...
Backend (Go)	UNKNOWN STEP	2026-04-04T14:17:35.2292689Z ##[error]Error return value of `writer.WriteField` is not checked (errcheck)
Backend (Go)	UNKNOWN STEP	2026-04-04T14:17:35.2295433Z ##[error]Error return value of `writer.WriteField` is not checked (errcheck)
Backend (Go)	UNKNOWN STEP	2026-04-04T14:17:35.2297537Z ##[error]Error return value of `writer.WriteField` is not checked (errcheck)
Backend (Go)	UNKNOWN STEP	2026-04-04T14:17:35.2299309Z ##[warning]unused-parameter: parameter 'ctx' seems to be unused, consider removing or renaming it as _ (revive)
Backend (Go)	UNKNOWN STEP	2026-04-04T14:17:35.2301079Z ##[warning]unused-parameter: parameter 'file' seems to be unused, consider removing or renaming it as _ (revive)
Backend (Go)	UNKNOWN STEP	2026-04-04T14:17:35.2302916Z ##[warning]unused-parameter: parameter 'visitorID' seems to be unused, consider removing or renaming it as _ (revive)
Backend (Go)	UNKNOWN STEP	2026-04-04T14:17:35.2305012Z ##[warning]unused-parameter: parameter 'days' seems to be unused, consider removing or renaming it as _ (revive)
Backend (Go)	UNKNOWN STEP	2026-04-04T14:17:35.2305941Z 
Backend (Go)	UNKNOWN STEP	2026-04-04T14:17:35.2306404Z level=warning msg="[config_reader] The output format `github-actions` is deprecated, please use `colored-line-number`"
Backend (Go)	UNKNOWN STEP	2026-04-04T14:17:35.2306895Z 
Backend (Go)	UNKNOWN STEP	2026-04-04T14:17:35.2307339Z ##[error]issues found
Backend (Go)	UNKNOWN STEP	2026-04-04T14:17:35.2308013Z Ran golangci-lint in 8492ms
Backend (Go)	UNKNOWN STEP	2026-04-04T14:17:35.2308401Z ##[endgroup]
Backend (Go)	UNKNOWN STEP	2026-04-04T14:17:35.2482413Z Post job cleanup.
Backend (Go)	UNKNOWN STEP	2026-04-04T14:17:35.4345642Z [command]/usr/bin/tar --posix -cf cache.tzst --exclude cache.tzst -P -C /home/runner/work/utba-swarmmap/utba-swarmmap --files-from manifest.txt --use-compress-program zstdmt
Backend (Go)	UNKNOWN STEP	2026-04-04T14:17:37.0116954Z ##[warning]Failed to save: <h2>Our services aren't available right now</h2><p>We're working to restore all services as soon as possible. Please check back soon.</p>0gR3RaQAAAACY1tjH8FTZSamxk+Bo0AMnREVOMzAxMDAwMTA4MDQ5AEVkZ2U=
Backend (Go)	UNKNOWN STEP	2026-04-04T14:17:37.0251055Z Saved cache for golangci-lint from paths '/home/runner/.cache/golangci-lint, /home/runner/.cache/go-build, /home/runner/go/pkg' in 1623ms
Backend (Go)	UNKNOWN STEP	2026-04-04T14:17:37.0377980Z Post job cleanup.
Backend (Go)	UNKNOWN STEP	2026-04-04T14:17:37.1313430Z [command]/usr/bin/git version
Backend (Go)	UNKNOWN STEP	2026-04-04T14:17:37.1349470Z git version 2.53.0
Backend (Go)	UNKNOWN STEP	2026-04-04T14:17:37.1398719Z Temporarily overriding HOME='/home/runner/work/_temp/c4ddb8ff-105c-4803-85aa-691ca9538acf' before making global git config changes
Backend (Go)	UNKNOWN STEP	2026-04-04T14:17:37.1399696Z Adding repository directory to the temporary git global config as a safe directory
Backend (Go)	UNKNOWN STEP	2026-04-04T14:17:37.1404126Z [command]/usr/bin/git config --global --add safe.directory /home/runner/work/utba-swarmmap/utba-swarmmap
Backend (Go)	UNKNOWN STEP	2026-04-04T14:17:37.1438925Z [command]/usr/bin/git config --local --name-only --get-regexp core\.sshCommand
Backend (Go)	UNKNOWN STEP	2026-04-04T14:17:37.1472174Z [command]/usr/bin/git submodule foreach --recursive sh -c "git config --local --name-only --get-regexp 'core\.sshCommand' && git config --local --unset-all 'core.sshCommand' || :"
Backend (Go)	UNKNOWN STEP	2026-04-04T14:17:37.1693983Z [command]/usr/bin/git config --local --name-only --get-regexp http\.https\:\/\/github\.com\/\.extraheader
Backend (Go)	UNKNOWN STEP	2026-04-04T14:17:37.1713933Z http.https://github.com/.extraheader
Backend (Go)	UNKNOWN STEP	2026-04-04T14:17:37.1727869Z [command]/usr/bin/git config --local --unset-all http.https://github.com/.extraheader
Backend (Go)	UNKNOWN STEP	2026-04-04T14:17:37.1757724Z [command]/usr/bin/git submodule foreach --recursive sh -c "git config --local --name-only --get-regexp 'http\.https\:\/\/github\.com\/\.extraheader' && git config --local --unset-all 'http.https://github.com/.extraheader' || :"
Backend (Go)	UNKNOWN STEP	2026-04-04T14:17:37.1972424Z [command]/usr/bin/git config --local --name-only --get-regexp ^includeIf\.gitdir:
Backend (Go)	UNKNOWN STEP	2026-04-04T14:17:37.2002346Z [command]/usr/bin/git submodule foreach --recursive git config --local --show-origin --name-only --get-regexp remote.origin.url
Backend (Go)	UNKNOWN STEP	2026-04-04T14:17:37.2330702Z Cleaning up orphan processes
Backend (Go)	UNKNOWN STEP	2026-04-04T14:17:37.2618646Z ##[warning]Node.js 20 actions are deprecated. The following actions are running on Node.js 20 and may not work as expected: actions/checkout@v4, actions/setup-go@v5, golangci/golangci-lint-action@v4. Actions will be forced to run with Node.js 24 by default starting June 2nd, 2026. Node.js 20 will be removed from the runner on September 16th, 2026. Please check if updated versions of these actions are available that support Node.js 24. To opt into Node.js 24 now, set the FORCE_JAVASCRIPT_ACTIONS_TO_NODE24=true environment variable on the runner or in your workflow file. Once Node.js 24 becomes the default, you can temporarily opt out by setting ACTIONS_ALLOW_USE_UNSECURE_NODE_VERSION=true. For more information see: https://github.blog/changelog/2025-09-19-deprecation-of-node-20-on-github-actions-runners/
